unsigned char assets_fonts_PublicSans_Bold_ttf[] = {
  0x00, 0x01, 0x00, 0x00, 0x00, 0x10, 0x01, 0x00, 0x00, 0x04, 0x00, 0x00,
  0x47, 0x44, 0x45, 0x46, 0x2e, 0x7e, 0x2a, 0x17, 0x00, 0x00, 0xad, 0xe0,
  0x00, 0x00, 0x00, 0xe8, 0x47, 0x50, 0x4f, 0x53, 0x93, 0x90, 0x0e, 0xdf,
  0x00, 0x00, 0xae, 0xc8, 0x00, 0x00, 0x34, 0x20, 0x47, 0x53, 0x55, 0x42,
  0x94, 0x0e, 0xdf, 0x9a, 0x00, 0x00, 0xe2, 0xe8, 0x00, 0x00, 0x08, 0x3c,
  0x4f, 0x53, 0x2f, 0x32, 0x92, 0x34, 0x64, 0x41, 0x00, 0x00, 0x8b, 0xe8,
  0x00, 0x00, 0x00, 0x60, 0x53, 0x54, 0x41, 0x54, 0xe5, 0xe4, 0xcc, 0x26,
  0x00, 0x00, 0xeb, 0x24, 0x00, 0x00, 0x00, 0x44, 0x63, 0x6d, 0x61, 0x70,
  0xb6, 0x45, 0x39, 0x2f, 0x00, 0x00, 0x8c, 0x48, 0x00, 0x00, 0x06, 0x54,
  0x67, 0x61, 0x73, 0x70, 0x00, 0x00, 0x00, 0x10, 0x00, 0x00, 0xad, 0xd8,
  0x00, 0x00, 0x00, 0x08, 0x67, 0x6c, 0x79, 0x66, 0xda, 0x08, 0x7c, 0xb1,
  0x00, 0x00, 0x01, 0x0c, 0x00, 0x00, 0x7b, 0x3e, 0x68, 0x65, 0x61, 0x64,
  0x21, 0x14, 0x46, 0x81, 0x00, 0x00, 0x81, 0x78, 0x00, 0x00, 0x00, 0x36,
  0x68, 0x68, 0x65, 0x61, 0x0f, 0xa3, 0x07, 0x7a, 0x00, 0x00, 0x8b, 0xc4,
  0x00, 0x00, 0x00, 0x24, 0x68, 0x6d, 0x74, 0x78, 0x1c, 0xc3, 0xc9, 0x10,
  0x00, 0x00, 0x81, 0xb0, 0x00, 0x00, 0x0a, 0x14, 0x6c, 0x6f, 0x63, 0x61,
  0xdf, 0xdc, 0xff, 0x9c, 0x00, 0x00, 0x7c, 0x6c, 0x00, 0x00, 0x05, 0x0c,
  0x6d, 0x61, 0x78, 0x70, 0x02, 0x95, 0x00, 0xc0, 0x00, 0x00, 0x7c, 0x4c,
  0x00, 0x00, 0x00, 0x20, 0x6e, 0x61, 0x6d, 0x65, 0x0e, 0xd7, 0x40, 0x2e,
  0x00, 0x00, 0x92, 0xa4, 0x00, 0x00, 0x08, 0xbc, 0x70, 0x6f, 0x73, 0x74,
  0xd7, 0x8e, 0x93, 0x7a, 0x00, 0x00, 0x9b, 0x60, 0x00, 0x00, 0x12, 0x75,
  0x70, 0x72, 0x65, 0x70, 0x68, 0x06, 0x8c, 0x85, 0x00, 0x00, 0x92, 0x9c,
  0x00, 0x00, 0x00, 0x07, 0x00, 0x03, 0x00, 0xa2, 0xfe, 0xbe, 0x04, 0x81,
  0x06, 0x74, 0x00, 0x0c, 0x00, 0x11, 0x00, 0x17, 0x00, 0x00, 0x53, 0x21,
  0x32, 0x15, 0x11, 0x14, 0x23, 0x21, 0x22, 0x26, 0x35, 0x11, 0x34, 0x01,
  0x11, 0x34, 0x23, 0x21, 0x07, 0x11, 0x14, 0x16, 0x33, 0x21, 0xc8, 0x03,
  0x96, 0x23, 0x41, 0xfc, 0x97, 0x1f, 0x16, 0x03, 0x79, 0x1d, 0xfd, 0x51,
  0x47, 0x13, 0x19, 0x02, 0x9e, 0x06, 0x74, 0x2a, 0xf8, 0xac, 0x38, 0x18,
  0x18, 0x07, 0x58, 0x2e, 0xf9, 0x1c, 0x06, 0x60, 0x22, 0x79, 0xf9, 0xaf,
  0x13, 0x15, 0x00, 0x02, 0x00, 0x37, 0x00, 0x00, 0x05, 0x76, 0x05, 0xa6,
  0x00, 0x07, 0x00, 0x0a, 0x00, 0x00, 0x73, 0x01, 0x21, 0x01, 0x21, 0x03,
  0x21, 0x03, 0x13, 0x21, 0x03, 0x37, 0x02, 0x05, 0x01, 0x35, 0x02, 0x05,
  0xfe, 0xdd, 0x76, 0xfd, 0xf7, 0x78, 0xba, 0x01, 0x80, 0xbf, 0x05, 0xa6,
  0xfa, 0x5a, 0x01, 0x4f, 0xfe, 0xb1, 0x02, 0x4e, 0x02, 0x3f, 0xff, 0xff,
  0x00, 0x37, 0x00, 0x00, 0x05, 0x76, 0x07, 0x42, 0x06, 0x26, 0x00, 0x01,
  0x00, 0x00, 0x00, 0x07, 0x02, 0x5b, 0x02, 0x60, 0x01, 0x9c, 0xff, 0xff,
  0x00, 0x37, 0x00, 0x00, 0x05, 0x76, 0x07, 0x1d, 0x06, 0x26, 0x00, 0x01,
  0x00, 0x00, 0x00, 0x07, 0x02, 0x60, 0x01, 0x5a, 0x01, 0x9b, 0xff, 0xff,
  0x00, 0x37, 0x00, 0x00, 0x05, 0x76, 0x08, 0x5d, 0x06, 0x26, 0x00, 0x01,
  0x00, 0x00, 0x00, 0x07, 0x02, 0x7c, 0x01, 0x5b, 0x01, 0x9b, 0xff, 0xff,
  0x00, 0x37, 0xfe, 0x72, 0x05, 0x76, 0x07, 0x1d, 0x06, 0x26, 0x00, 0x01,
  0x00, 0x00, 0x00, 0x27, 0x02, 0x69, 0x02, 0x42, 0x00, 0x00, 0x00, 0x07,
  0x02, 0x60, 0x01, 0x5a, 0x01, 0x9b, 0xff, 0xff, 0x00, 0x37, 0x00, 0x00,
  0x05, 0x76, 0x08, 0x5c, 0x06, 0x26, 0x00, 0x01, 0x00, 0x00, 0x00, 0x07,
  0x02, 0x7d, 0x01, 0x5b, 0x01, 0x9b, 0xff, 0xff, 0x00, 0x37, 0x00, 0x00,
  0x05, 0x76, 0x08, 0x99, 0x06, 0x26, 0x00, 0x01, 0x00, 0x00, 0x00, 0x07,
  0x02, 0x7e, 0x01, 0x5b, 0x01, 0x9b, 0xff, 0xff, 0x00, 0x37, 0x00, 0x00,
  0x05, 0x76, 0x08, 0x79, 0x06, 0x26, 0x00, 0x01, 0x00, 0x00, 0x00, 0x07,
  0x02, 0x7f, 0x01, 0x5b, 0x01, 0x9b, 0xff, 0xff, 0x00, 0x37, 0x00, 0x00,
  0x05, 0x76, 0x07, 0x22, 0x06, 0x26, 0x00, 0x01, 0x00, 0x00, 0x00, 0x07,
  0x02, 0x5e, 0x01, 0x58, 0x01, 0x9c, 0xff, 0xff, 0x00, 0x37, 0x00, 0x00,
  0x05, 0x76, 0x08, 0x18, 0x06, 0x26, 0x00, 0x01, 0x00, 0x00, 0x00, 0x07,
  0x02, 0x80, 0x01, 0x5a, 0x01, 0x9c, 0xff, 0xff, 0x00, 0x37, 0xfe, 0x72,
  0x05, 0x76, 0x07, 0x22, 0x06, 0x26, 0x00, 0x01, 0x00, 0x00, 0x00, 0x27,
  0x02, 0x69, 0x02, 0x42, 0x00, 0x00, 0x00, 0x07, 0x02, 0x5e, 0x01, 0x5a,
  0x01, 0x9c, 0xff, 0xff, 0x00, 0x37, 0x00, 0x00, 0x05, 0x76, 0x08, 0x17,
  0x06, 0x26, 0x00, 0x01, 0x00, 0x00, 0x00, 0x07, 0x02, 0x81, 0x01, 0x5a,
  0x01, 0x9c, 0xff, 0xff, 0x00, 0x37, 0x00, 0x00, 0x05, 0x76, 0x08, 0x7e,
  0x06, 0x26, 0x00, 0x01, 0x00, 0x00, 0x00, 0x07, 0x02, 0x82, 0x01, 0x60,
  0x01, 0x9c, 0xff, 0xff, 0x00, 0x37, 0x00, 0x00, 0x05, 0x76, 0x08, 0x7b,
  0x06, 0x26, 0x00, 0x01, 0x00, 0x00, 0x00, 0x07, 0x02, 0x83, 0x01, 0x5c,
  0x01, 0x9c, 0xff, 0xff, 0x00, 0x37, 0x00, 0x00, 0x05, 0x76, 0x07, 0x42,
  0x06, 0x26, 0x00, 0x01, 0x00, 0x00, 0x00, 0x07, 0x02, 0x65, 0x00, 0x78,
  0x01, 0x9c, 0xff, 0xff, 0x00, 0x37, 0x00, 0x00, 0x05, 0x76, 0x07, 0x42,
  0x06, 0x26, 0x00, 0x01, 0x00, 0x00, 0x00, 0x07, 0x02, 0x58, 0x01, 0x5a,
  0x01, 0x9c, 0xff, 0xff, 0x00, 0x37, 0xfe, 0x72, 0x05, 0x76, 0x05, 0xa6,
  0x06, 0x26, 0x00, 0x01, 0x00, 0x00, 0x00, 0x07, 0x02, 0x69, 0x02, 0x42,
  0x00, 0x00, 0xff, 0xff, 0x00, 0x37, 0x00, 0x00, 0x05, 0x76, 0x07, 0x42,
  0x06, 0x26, 0x00, 0x01, 0x00, 0x00, 0x00, 0x07, 0x02, 0x5a, 0x01, 0x38,
  0x01, 0x9c, 0xff, 0xff, 0x00, 0x37, 0x00, 0x00, 0x05, 0x76, 0x07, 0xb6,
  0x06, 0x26, 0x00, 0x01, 0x00, 0x00, 0x00, 0x07, 0x02, 0x64, 0x00, 0x90,
  0x01, 0x94, 0xff, 0xff, 0x00, 0x37, 0x00, 0x00, 0x05, 0x76, 0x07, 0x37,
  0x06, 0x26, 0x00, 0x01, 0x00, 0x00, 0x00, 0x07, 0x02, 0x66, 0x01, 0x62,
  0x01, 0x9c, 0xff, 0xff, 0x00, 0x37, 0x00, 0x00, 0x05, 0x76, 0x07, 0x0c,
  0x06, 0x26, 0x00, 0x01, 0x00, 0x00, 0x00, 0x07, 0x02, 0x63, 0x01, 0x55,
  0x01, 0x9c, 0xff, 0xff, 0x00, 0x37, 0xfe, 0xa9, 0x05, 0x96, 0x05, 0xa6,
  0x06, 0x26, 0x00, 0x01, 0x00, 0x00, 0x00, 0x07, 0x02, 0x6c, 0x03, 0xc8,
  0xff, 0xf9, 0xff, 0xff, 0x00, 0x37, 0x00, 0x00, 0x05, 0x76, 0x07, 0xba,
  0x06, 0x26, 0x00, 0x01, 0x00, 0x00, 0x00, 0x07, 0x02, 0x61, 0x01, 0xdb,
  0x01, 0xab, 0x00, 0x04, 0x00, 0x37, 0x00, 0x00, 0x05, 0x76, 0x07, 0x58,
  0x00, 0x0e, 0x00, 0x1a, 0x00, 0x22, 0x00, 0x25, 0x00, 0x00, 0x41, 0x07,
  0x16, 0x16, 0x15, 0x14, 0x06, 0x23, 0x22, 0x26, 0x35, 0x34, 0x36, 0x37,
  0x37, 0x13, 0x32, 0x36, 0x35, 0x34, 0x26, 0x23, 0x22, 0x06, 0x15, 0x14,
  0x16, 0x01, 0x01, 0x21, 0x01, 0x21, 0x03, 0x21, 0x03, 0x13, 0x21, 0x03,
  0x03, 0x67, 0x3c, 0x37, 0x45, 0x79, 0x58, 0x57, 0x78, 0x55, 0x41, 0x1f,
  0x18, 0x2a, 0x3b, 0x3b, 0x2a, 0x27, 0x3e, 0x3e, 0xfd, 0x8a, 0x02, 0x05,
  0x01, 0x35, 0x02, 0x05, 0xfe, 0xdd, 0x76, 0xfd, 0xf7, 0x78, 0xba, 0x01,
  0x80, 0xbf, 0x07, 0x58, 0x8e, 0x16, 0x61, 0x3f, 0x58, 0x6f, 0x72, 0x59,
  0x46, 0x64, 0x10, 0x86, 0xfe, 0x54, 0x3e, 0x28, 0x2b, 0x38, 0x38, 0x2b,
  0x28, 0x3e, 0xfa, 0x54, 0x05, 0xa6, 0xfa, 0x5a, 0x01, 0x4f, 0xfe, 0xb1,
  0x02, 0x4e, 0x02, 0x3f, 0xff, 0xff, 0x00, 0x37, 0x00, 0x00, 0x05, 0x76,
  0x07, 0x3f, 0x06, 0x26, 0x00, 0x01, 0x00, 0x00, 0x00, 0x07, 0x02, 0x62,
  0x01, 0x40, 0x01, 0x9c, 0x00, 0x02, 0x00, 0x00, 0x00, 0x00, 0x07, 0xb8,
  0x05, 0xa6, 0x00, 0x0f, 0x00, 0x12, 0x00, 0x00, 0x71, 0x01, 0x21, 0x07,
  0x21, 0x11, 0x21, 0x15, 0x21, 0x11, 0x21, 0x15, 0x21, 0x11, 0x21, 0x03,
  0x01, 0x21, 0x11, 0x03, 0x06, 0x04, 0x9d, 0x01, 0xfd, 0x53, 0x02, 0x51,
  0xfd, 0xaf, 0x02, 0xc3, 0xfb, 0xf1, 0xfe, 0x2e, 0xb2, 0x01, 0x20, 0x01,
  0x64, 0x05, 0xa6, 0xf3, 0xfe, 0x9d, 0xf0, 0xfe, 0x94, 0xf4, 0x01, 0x52,
  0xfe, 0xae, 0x02, 0x4e, 0x02, 0x99, 0xff, 0xff, 0x00, 0x00, 0x00, 0x00,
  0x07, 0xb8, 0x07, 0x42, 0x06, 0x26, 0x00, 0x1a, 0x00, 0x00, 0x00, 0x07,
  0x02, 0x5b, 0x04, 0xc0, 0x01, 0x9c, 0x00, 0x03, 0x00, 0xa2, 0x00, 0x00,
  0x04, 0xff, 0x05, 0xa6, 0x00, 0x10, 0x00, 0x1a, 0x00, 0x25, 0x00, 0x00,
  0x73, 0x11, 0x21, 0x20, 0x04, 0x15, 0x14, 0x06, 0x07, 0x1e, 0x03, 0x15,
  0x14, 0x04, 0x21, 0x25, 0x21, 0x32, 0x36, 0x35, 0x34, 0x26, 0x26, 0x23,
  0x21, 0x35, 0x21, 0x32, 0x3e, 0x02, 0x35, 0x34, 0x26, 0x23, 0x21, 0xa2,
  0x02, 0x0c, 0x01, 0x1c, 0x01, 0x13, 0x6e, 0x8d, 0x5b, 0x70, 0x3c, 0x16,
  0xfe, 0xf0, 0xfe, 0xd7, 0xfe, 0xff, 0x01, 0x07, 0x84, 0x87, 0x42, 0x71,
  0x48, 0xfe, 0xe9, 0x01, 0x17, 0x2d, 0x53, 0x41, 0x26, 0x8d, 0x6e, 0xfe,
  0xfd, 0x05, 0xa6, 0xc3, 0xb8, 0x6c, 0x9f, 0x3b, 0x17, 0x4e, 0x5f, 0x67,
  0x32, 0xc8, 0xc0, 0xe2, 0x6a, 0x59, 0x40, 0x57, 0x2c, 0xe8, 0x15, 0x2c,
  0x45, 0x2f, 0x5e, 0x61, 0x00, 0x01, 0x00, 0x60, 0xff, 0xec, 0x05, 0x3c,
  0x05, 0xba, 0x00, 0x21, 0x00, 0x00, 0x45, 0x22, 0x24, 0x02, 0x35, 0x34,
  0x12, 0x24, 0x33, 0x32, 0x16, 0x16, 0x17, 0x21, 0x2e, 0x02, 0x23, 0x22,
  0x06, 0x06, 0x15, 0x10, 0x16, 0x33, 0x32, 0x36, 0x36, 0x37, 0x21, 0x0e,
  0x03, 0x02, 0xef, 0xca, 0xfe, 0xda, 0x9f, 0x9e, 0x01, 0x26, 0xcb, 0xa3,
  0xff, 0x9d, 0x0e, 0xfe, 0xce, 0x0e, 0x4a, 0x78, 0x54, 0x65, 0x92, 0x4e,
  0xad, 0x98, 0x54, 0x78, 0x4a, 0x0e, 0x01, 0x32, 0x0d, 0x4a, 0x88, 0xd6,
  0x14, 0xbc, 0x01, 0x54, 0xe3, 0xe4, 0x01, 0x47, 0xb0, 0x83, 0xe2, 0x8e,
  0x4b, 0x75, 0x43, 0x62, 0xda, 0xb3, 0xfe, 0xf2, 0xf1, 0x4d, 0x7f, 0x4c,
  0x67, 0xbb, 0x92, 0x54, 0xff, 0xff, 0x00, 0x60, 0xff, 0xec, 0x05, 0x3c,
  0x07, 0x42, 0x06, 0x26, 0x00, 0x1d, 0x00, 0x00, 0x00, 0x07, 0x02, 0x5b,
  0x02, 0x75, 0x01, 0x9c, 0xff, 0xff, 0x00, 0x60, 0xff, 0xec, 0x05, 0x3c,
  0x07, 0x24, 0x06, 0x26, 0x00, 0x1d, 0x00, 0x00, 0x00, 0x07, 0x02, 0x5f,
  0x01, 0x6f, 0x01, 0x9c, 0x00, 0x02, 0x00, 0x60, 0xfe, 0x57, 0x05, 0x3c,
  0x05, 0xba, 0x00, 0x1a, 0x00, 0x3c, 0x00, 0x00, 0x41, 0x22, 0x26, 0x27,
  0x37, 0x16, 0x16, 0x33, 0x32, 0x36, 0x35, 0x34, 0x26, 0x27, 0x22, 0x26,
  0x37, 0x37, 0x33, 0x07, 0x1e, 0x02, 0x15, 0x14, 0x06, 0x06, 0x03, 0x22,
  0x24, 0x02, 0x35, 0x34, 0x12, 0x24, 0x33, 0x32, 0x16, 0x16, 0x17, 0x21,
  0x2e, 0x02, 0x23, 0x22, 0x06, 0x06, 0x15, 0x10, 0x16, 0x33, 0x32, 0x36,
  0x36, 0x37, 0x21, 0x0e, 0x03, 0x02, 0xe8, 0x3f, 0x75, 0x32, 0x28, 0x1f,
  0x4f, 0x2c, 0x30, 0x34, 0x4c, 0x5e, 0x0c, 0x09, 0x05, 0x49, 0x82, 0x2d,
  0x4c, 0x58, 0x27, 0x43, 0x6c, 0x39, 0xca, 0xfe, 0xda, 0x9f, 0x9e, 0x01,
  0x26, 0xcb, 0xa3, 0xff, 0x9d, 0x0e, 0xfe, 0xce, 0x0e, 0x4a, 0x78, 0x54,
  0x65, 0x92, 0x4e, 0xad, 0x98, 0x54, 0x78, 0x4a, 0x0e, 0x01, 0x32, 0x0d,
  0x4a, 0x88, 0xd6, 0xfe, 0x57, 0x18, 0x1e, 0x62, 0x13, 0x1e, 0x21, 0x1d,
  0x27, 0x2a, 0x01, 0x07, 0x0c, 0xa9, 0x75, 0x02, 0x30, 0x47, 0x23, 0x33,
  0x49, 0x26, 0x01, 0x95, 0xbc, 0x01, 0x54, 0xe3, 0xe4, 0x01, 0x47, 0xb0,
  0x83, 0xe2, 0x8e, 0x4b, 0x75, 0x43, 0x62, 0xda, 0xb3, 0xfe, 0xf2, 0xf1,
  0x4d, 0x7f, 0x4c, 0x67, 0xbb, 0x92, 0x54, 0x00, 0xff, 0xff, 0x00, 0x60,
  0xff, 0xec, 0x05, 0x3c, 0x07, 0x22, 0x06, 0x26, 0x00, 0x1d, 0x00, 0x00,
  0x00, 0x07, 0x02, 0x5e, 0x01, 0x6f, 0x01, 0x9c, 0xff, 0xff, 0x00, 0x60,
  0xff, 0xec, 0x05, 0x3c, 0x07, 0x42, 0x06, 0x26, 0x00, 0x1d, 0x00, 0x00,
  0x00, 0x07, 0x02, 0x59, 0x02, 0x56, 0x01, 0x9c, 0x00, 0x02, 0x00, 0xa2,
  0x00, 0x00, 0x05, 0x40, 0x05, 0xa6, 0x00, 0x0e, 0x00, 0x19, 0x00, 0x00,
  0x73, 0x11, 0x3a, 0x02, 0x16, 0x17, 0x04, 0x04, 0x12, 0x15, 0x14, 0x02,
  0x04, 0x21, 0x27, 0x33, 0x32, 0x36, 0x36, 0x35, 0x34, 0x26, 0x26, 0x23,
  0x23, 0xa2, 0x0b, 0x65, 0x89, 0x89, 0x2e, 0x01, 0x07, 0x01, 0x4c, 0x9b,
  0xa4, 0xfe, 0xaf, 0xfe, 0xfd, 0x80, 0x86, 0x7c, 0xcb, 0x7a, 0x6c, 0xc8,
  0x89, 0x8a, 0x05, 0xa6, 0x01, 0x01, 0x06, 0xb0, 0xfe, 0xc4, 0xd8, 0xe1,
  0xfe, 0xb9, 0xb2, 0xec, 0x60, 0xda, 0xb6, 0xa9, 0xd3, 0x62, 0x00, 0x03,
  0x00, 0x46, 0x00, 0x00, 0x05, 0x7a, 0x05, 0xa6, 0x00, 0x03, 0x00, 0x12,
  0x00, 0x1d, 0x00, 0x00, 0x53, 0x35, 0x21, 0x15, 0x01, 0x11, 0x3a, 0x02,
  0x16, 0x17, 0x04, 0x04, 0x12, 0x15, 0x14, 0x02, 0x04, 0x21, 0x27, 0x33,
  0x32, 0x36, 0x36, 0x35, 0x34, 0x26, 0x26, 0x23, 0x23, 0x46, 0x02, 0xde,
  0xfd, 0xb7, 0x0c, 0x65, 0x89, 0x89, 0x2e, 0x01, 0x07, 0x01, 0x4b, 0x9c,
  0xa4, 0xfe, 0xaf, 0xfe, 0xfd, 0x80, 0x86, 0x7c, 0xcb, 0x79, 0x6b, 0xc8,
  0x89, 0x8a, 0x02, 0x64, 0xd5, 0xd5, 0xfd, 0x9c, 0x05, 0xa6, 0x01, 0x01,
  0x06, 0xb0, 0xfe, 0xc4, 0xd8, 0xe1, 0xfe, 0xb9, 0xb2, 0xec, 0x60, 0xda,
  0xb6, 0xa9, 0xd3, 0x62, 0xff, 0xff, 0x00, 0xa2, 0x00, 0x00, 0x05, 0x40,
  0x07, 0x24, 0x06, 0x26, 0x00, 0x23, 0x00, 0x00, 0x00, 0x07, 0x02, 0x5f,
  0x01, 0x4d, 0x01, 0x9c, 0xff, 0xff, 0x00, 0x46, 0x00, 0x00, 0x05, 0x7a,
  0x05, 0xa6, 0x06, 0x06, 0x00, 0x24, 0x00, 0x00, 0xff, 0xff, 0x00, 0xa2,
  0xfe, 0x72, 0x05, 0x40, 0x05, 0xa6, 0x06, 0x26, 0x00, 0x23, 0x00, 0x00,
  0x00, 0x07, 0x02, 0x69, 0x02, 0x2f, 0x00, 0x00, 0x00, 0x01, 0x00, 0xa2,
  0x00, 0x00, 0x04, 0x8d, 0x05, 0xa6, 0x00, 0x0b, 0x00, 0x00, 0x73, 0x11,
  0x21, 0x07, 0x21, 0x11, 0x21, 0x15, 0x21, 0x11, 0x05, 0x15, 0xa2, 0x03,
  0xe1, 0x01, 0xfd, 0x45, 0x02, 0x5f, 0xfd, 0x9f, 0x02, 0xc8, 0x05, 0xa6,
  0xf6, 0xfe, 0xa1, 0xf1, 0xfe, 0x99, 0x01, 0xf8, 0xff, 0xff, 0x00, 0xa2,
  0x00, 0x00, 0x04, 0x8d, 0x07, 0x42, 0x06, 0x26, 0x00, 0x28, 0x00, 0x00,
  0x00, 0x07, 0x02, 0x5b, 0x02, 0x1d, 0x01, 0x9c, 0xff, 0xff, 0x00, 0xa2,
  0x00, 0x00, 0x04, 0x8d, 0x07, 0x1d, 0x06, 0x26, 0x00, 0x28, 0x00, 0x00,
  0x00, 0x07, 0x02, 0x60, 0x01, 0x16, 0x01, 0x9b, 0xff, 0xff, 0x00, 0xa2,
  0x00, 0x00, 0x04, 0x8d, 0x07, 0x24, 0x06, 0x26, 0x00, 0x28, 0x00, 0x00,
  0x00, 0x07, 0x02, 0x5f, 0x01, 0x17, 0x01, 0x9c, 0xff, 0xff, 0x00, 0xa2,
  0x00, 0x00, 0x04, 0x8d, 0x07, 0x22, 0x06, 0x26, 0x00, 0x28, 0x00, 0x00,
  0x00, 0x07, 0x02, 0x5e, 0x01, 0x17, 0x01, 0x9c, 0xff, 0xff, 0x00, 0xa2,
  0x00, 0x00, 0x04, 0xef, 0x08, 0x18, 0x06, 0x26, 0x00, 0x28, 0x00, 0x00,
  0x00, 0x07, 0x02, 0x80, 0x01, 0x17, 0x01, 0x9c, 0xff, 0xff, 0x00, 0xa2,
  0xfe, 0x72, 0x04, 0x8d, 0x07, 0x22, 0x06, 0x26, 0x00, 0x28, 0x00, 0x00,
  0x00, 0x27, 0x02, 0x69, 0x02, 0x10, 0x00, 0x00, 0x00, 0x07, 0x02, 0x5e,
  0x01, 0x17, 0x01, 0x9c, 0xff, 0xff, 0x00, 0xa2, 0x00, 0x00, 0x04, 0x8d,
  0x08, 0x17, 0x06, 0x26, 0x00, 0x28, 0x00, 0x00, 0x00, 0x07, 0x02, 0x81,
  0x01, 0x17, 0x01, 0x9c, 0xff, 0xff, 0x00, 0xa2, 0x00, 0x00, 0x04, 0x8d,
  0x08, 0x7e, 0x06, 0x26, 0x00, 0x28, 0x00, 0x00, 0x00, 0x07, 0x02, 0x82,
  0x01, 0x1d, 0x01, 0x9c, 0xff, 0xff, 0x00, 0xa2, 0x00, 0x00, 0x04, 0x8d,
  0x08, 0x7b, 0x06, 0x26, 0x00, 0x28, 0x00, 0x00, 0x00, 0x07, 0x02, 0x83,
  0x01, 0x19, 0x01, 0x9c, 0xff, 0xff, 0x00, 0x3f, 0x00, 0x00, 0x04, 0x8d,
  0x07, 0x42, 0x06, 0x26, 0x00, 0x28, 0x00, 0x00, 0x00, 0x07, 0x02, 0x65,
  0x00, 0x35, 0x01, 0x9c, 0xff, 0xff, 0x00, 0xa2, 0x00, 0x00, 0x04, 0x8d,
  0x07, 0x42, 0x06, 0x26, 0x00, 0x28, 0x00, 0x00, 0x00, 0x07, 0x02, 0x58,
  0x01, 0x17, 0x01, 0x9c, 0xff, 0xff, 0x00, 0xa2, 0x00, 0x00, 0x04, 0x8d,
  0x07, 0x42, 0x06, 0x26, 0x00, 0x28, 0x00, 0x00, 0x00, 0x07, 0x02, 0x59,
  0x01, 0xfe, 0x01, 0x9c, 0xff, 0xff, 0x00, 0xa2, 0xfe, 0x72, 0x04, 0x8d,
  0x05, 0xa6, 0x06, 0x26, 0x00, 0x28, 0x00, 0x00, 0x00, 0x07, 0x02, 0x69,
  0x02, 0x10, 0x00, 0x00, 0xff, 0xff, 0x00, 0xa2, 0x00, 0x00, 0x04, 0x8d,
  0x07, 0x42, 0x06, 0x26, 0x00, 0x28, 0x00, 0x00, 0x00, 0x07, 0x02, 0x5a,
  0x00, 0xf5, 0x01, 0x9c, 0xff, 0xff, 0x00, 0xa2, 0x00, 0x00, 0x04, 0x8d,
  0x07, 0xb6, 0x06, 0x26, 0x00, 0x28, 0x00, 0x00, 0x00, 0x07, 0x02, 0x64,
  0x00, 0x4d, 0x01, 0x94, 0xff, 0xff, 0x00, 0xa2, 0x00, 0x00, 0x04, 0x8d,
  0x07, 0x37, 0x06, 0x26, 0x00, 0x28, 0x00, 0x00, 0x00, 0x07, 0x02, 0x66,
  0x01, 0x1f, 0x01, 0x9c, 0xff, 0xff, 0x00, 0xa2, 0x00, 0x00, 0x04, 0x8d,
  0x07, 0x0c, 0x06, 0x26, 0x00, 0x28, 0x00, 0x00, 0x00, 0x07, 0x02, 0x63,
  0x01, 0x12, 0x01, 0x9c, 0xff, 0xff, 0x00, 0xa2, 0xfe, 0xaf, 0x04, 0xca,
  0x05, 0xa6, 0x06, 0x26, 0x00, 0x28, 0x00, 0x00, 0x00, 0x07, 0x02, 0x6c,
  0x02, 0xfc, 0xff, 0xff, 0xff, 0xff, 0x00, 0xa2, 0x00, 0x00, 0x04, 0x8d,
  0x07, 0x3f, 0x06, 0x26, 0x00, 0x28, 0x00, 0x00, 0x00, 0x07, 0x02, 0x62,
  0x00, 0xfd, 0x01, 0x9c, 0x00, 0x01, 0x00, 0xa2, 0x00, 0x00, 0x04, 0x7a,
  0x05, 0xa6, 0x00, 0x09, 0x00, 0x00, 0x73, 0x11, 0x21, 0x07, 0x21, 0x11,
  0x21, 0x15, 0x21, 0x11, 0xa2, 0x03, 0xd8, 0x01, 0xfd, 0x4f, 0x02, 0x55,
  0xfd, 0xab, 0x05, 0xa6, 0xf4, 0xfe, 0x95, 0xef, 0xfd, 0xa8, 0x00, 0x01,
  0x00, 0x60, 0xff, 0xec, 0x05, 0x5a, 0x05, 0xba, 0x00, 0x2a, 0x00, 0x00,
  0x45, 0x22, 0x24, 0x02, 0x35, 0x34, 0x12, 0x24, 0x33, 0x32, 0x1e, 0x02,
  0x17, 0x21, 0x2e, 0x02, 0x23, 0x22, 0x06, 0x06, 0x15, 0x14, 0x1e, 0x02,
  0x33, 0x32, 0x3e, 0x02, 0x37, 0x37, 0x21, 0x35, 0x05, 0x11, 0x23, 0x35,
  0x0e, 0x02, 0x02, 0xeb, 0xc7, 0xfe, 0xdb, 0x9f, 0xa7, 0x01, 0x2c, 0xc8,
  0x81, 0xd4, 0x9d, 0x59, 0x04, 0xfe, 0xcc, 0x0d, 0x4d, 0x78, 0x50, 0x60,
  0x9c, 0x5a, 0x3b, 0x64, 0x80, 0x43, 0x40, 0x65, 0x48, 0x2a, 0x06, 0x0b,
  0xfe, 0xd5, 0x02, 0x5d, 0xc7, 0x25, 0x6d, 0xa1, 0x14, 0xb5, 0x01, 0x4c,
  0xe2, 0xe6, 0x01, 0x4f, 0xb6, 0x52, 0x8e, 0xb3, 0x60, 0x45, 0x72, 0x45,
  0x63, 0xd8, 0xb1, 0x8f, 0xbe, 0x6f, 0x2e, 0x2b, 0x44, 0x51, 0x27, 0x58,
  0xca, 0x03, 0xfd, 0x0d, 0xbd, 0x31, 0x61, 0x3f, 0xff, 0xff, 0x00, 0x60,
  0xff, 0xec, 0x05, 0x5a, 0x07, 0x1d, 0x06, 0x26, 0x00, 0x3d, 0x00, 0x00,
  0x00, 0x07, 0x02, 0x60, 0x01, 0x76, 0x01, 0x9b, 0xff, 0xff, 0x00, 0x60,
  0xff, 0xec, 0x05, 0x5a, 0x07, 0x22, 0x06, 0x26, 0x00, 0x3d, 0x00, 0x00,
  0x00, 0x07, 0x02, 0x5e, 0x01, 0x76, 0x01, 0x9c, 0xff, 0xff, 0x00, 0x60,
  0xfe, 0x48, 0x05, 0x5a, 0x05, 0xba, 0x06, 0x26, 0x00, 0x3d, 0x00, 0x00,
  0x00, 0x07, 0x02, 0x6a, 0x02, 0x60, 0x00, 0x00, 0xff, 0xff, 0x00, 0x60,
  0xff, 0xec, 0x05, 0x5a, 0x07, 0x42, 0x06, 0x26, 0x00, 0x3d, 0x00, 0x00,
  0x00, 0x07, 0x02, 0x59, 0x02, 0x5d, 0x01, 0x9c, 0x00, 0x01, 0x00, 0xa2,
  0x00, 0x00, 0x05, 0x62, 0x05, 0xa6, 0x00, 0x0b, 0x00, 0x00, 0x73, 0x11,
  0x21, 0x11, 0x21, 0x11, 0x21, 0x11, 0x21, 0x11, 0x21, 0x11, 0xa2, 0x01,
  0x23, 0x02, 0x79, 0x01, 0x24, 0xfe, 0xdc, 0xfd, 0x87, 0x05, 0xa6, 0xfd,
  0xbc, 0x02, 0x44, 0xfa, 0x5a, 0x02, 0x6d, 0xfd, 0x93, 0x00, 0x00, 0x02,
  0x00, 0x22, 0x00, 0x00, 0x06, 0x4f, 0x05, 0xa6, 0x00, 0x03, 0x00, 0x0f,
  0x00, 0x00, 0x53, 0x35, 0x21, 0x15, 0x01, 0x11, 0x21, 0x11, 0x21, 0x11,
  0x21, 0x11, 0x21, 0x11, 0x21, 0x11, 0x22, 0x06, 0x2d, 0xfa, 0x91, 0x01,
  0x24, 0x02, 0x79, 0x01, 0x24, 0xfe, 0xdc, 0xfd, 0x87, 0x04, 0x48, 0xa4,
  0xa4, 0xfb, 0xb8, 0x05, 0xa6, 0xfd, 0xbc, 0x02, 0x44, 0xfa, 0x5a, 0x02,
  0x6d, 0xfd, 0x93, 0x00, 0xff, 0xff, 0x00, 0xa2, 0x00, 0x00, 0x05, 0x62,
  0x07, 0x26, 0x06, 0x26, 0x00, 0x42, 0x00, 0x00, 0x00, 0x07, 0x02, 0x5e,
  0x01, 0x85, 0x01, 0xa0, 0xff, 0xff, 0x00, 0xa2, 0xfe, 0x72, 0x05, 0x62,
  0x05, 0xa6, 0x06, 0x26, 0x00, 0x42, 0x00, 0x00, 0x00, 0x07, 0x02, 0x69,
  0x02, 0x75, 0x00, 0x00, 0x00, 0x01, 0x00, 0xa2, 0x00, 0x00, 0x01, 0xc5,
  0x05, 0xa6, 0x00, 0x03, 0x00, 0x00, 0x73, 0x11, 0x21, 0x11, 0xa2, 0x01,
  0x23, 0x05, 0xa6, 0xfa, 0x5a, 0x00, 0xff, 0xff, 0x00, 0xa2, 0x00, 0x00,
  0x02, 0xc2, 0x07, 0x42, 0x06, 0x26, 0x00, 0x46, 0x00, 0x00, 0x00, 0x07,
  0x02, 0x5b, 0x00, 0xbd, 0x01, 0x9c, 0xff, 0xff, 0xff, 0xd6, 0x00, 0x00,
  0x02, 0x93, 0x07, 0x1d, 0x06, 0x26, 0x00, 0x46, 0x00, 0x00, 0x00, 0x07,
  0x02, 0x60, 0xff, 0xb7, 0x01, 0x9b, 0xff, 0xff, 0xff, 0xc9, 0x00, 0x00,
  0x02, 0x9c, 0x07, 0x22, 0x06, 0x26, 0x00, 0x46, 0x00, 0x00, 0x00, 0x07,
  0x02, 0x5e, 0xff, 0xb7, 0x01, 0x9c, 0xff, 0xff, 0xfe, 0xe0, 0x00, 0x00,
  0x02, 0x4b, 0x07, 0x42, 0x06, 0x26, 0x00, 0x46, 0x00, 0x00, 0x00, 0x07,
  0x02, 0x65, 0xfe, 0xd6, 0x01, 0x9c, 0xff, 0xff, 0xff, 0xc2, 0x00, 0x00,
  0x02, 0xa8, 0x07, 0x42, 0x06, 0x26, 0x00, 0x46, 0x00, 0x00, 0x00, 0x07,
  0x02, 0x58, 0xff, 0xb8, 0x01, 0x9c, 0xff, 0xff, 0x00, 0xa2, 0x00, 0x00,
  0x01, 0xc5, 0x07, 0x42, 0x06, 0x26, 0x00, 0x46, 0x00, 0x00, 0x00, 0x07,
  0x02, 0x59, 0x00, 0x9f, 0x01, 0x9c, 0xff, 0xff, 0x00, 0xa2, 0xfe, 0x72,
  0x01, 0xcf, 0x05, 0xa6, 0x06, 0x26, 0x00, 0x46, 0x00, 0x00, 0x00, 0x07,
  0x02, 0x69, 0x00, 0xae, 0x00, 0x00, 0xff, 0xff, 0xff, 0xa0, 0x00, 0x00,
  0x01, 0xc5, 0x07, 0x42, 0x06, 0x26, 0x00, 0x46, 0x00, 0x00, 0x00, 0x07,
  0x02, 0x5a, 0xff, 0x96, 0x01, 0x9c, 0xff, 0xff, 0x00, 0xa2, 0x00, 0x00,
  0x02, 0x1a, 0x07, 0xb6, 0x06, 0x26, 0x00, 0x46, 0x00, 0x00, 0x00, 0x07,
  0x02, 0x64, 0xfe, 0xed, 0x01, 0x94, 0xff, 0xff, 0xff, 0xd4, 0x00, 0x00,
  0x02, 0x92, 0x07, 0x37, 0x06, 0x26, 0x00, 0x46, 0x00, 0x00, 0x00, 0x07,
  0x02, 0x66, 0xff, 0xc0, 0x01, 0x9c, 0xff, 0xff, 0xff, 0xd5, 0x00, 0x00,
  0x02, 0x94, 0x07, 0x0c, 0x06, 0x26, 0x00, 0x46, 0x00, 0x00, 0x00, 0x07,
  0x02, 0x63, 0xff, 0xb2, 0x01, 0x9c, 0xff, 0xff, 0x00, 0x37, 0xfe, 0xa6,
  0x01, 0xe3, 0x05, 0xa6, 0x06, 0x26, 0x00, 0x46, 0x00, 0x00, 0x00, 0x06,
  0x02, 0x6c, 0x15, 0xf7, 0xff, 0xff, 0xff, 0xe1, 0x00, 0x00, 0x02, 0x93,
  0x07, 0x3f, 0x06, 0x26, 0x00, 0x46, 0x00, 0x00, 0x00, 0x07, 0x02, 0x62,
  0xff, 0x9e, 0x01, 0x9c, 0x00, 0x01, 0x00, 0x37, 0xff, 0xec, 0x02, 0xa2,
  0x05, 0xa6, 0x00, 0x10, 0x00, 0x00, 0x45, 0x22, 0x26, 0x27, 0x13, 0x16,
  0x16, 0x33, 0x32, 0x36, 0x35, 0x11, 0x21, 0x11, 0x14, 0x06, 0x06, 0x01,
  0x30, 0x45, 0x92, 0x22, 0x06, 0x1d, 0x4b, 0x2e, 0x65, 0x46, 0x01, 0x24,
  0x3c, 0xa0, 0x14, 0x17, 0x09, 0x01, 0x0b, 0x06, 0x14, 0x6b, 0x78, 0x03,
  0xc6, 0xfb, 0xec, 0x8a, 0xbc, 0x60, 0xff, 0xff, 0x00, 0x37, 0xff, 0xec,
  0x03, 0x70, 0x07, 0x22, 0x06, 0x26, 0x00, 0x54, 0x00, 0x00, 0x00, 0x07,
  0x02, 0x5e, 0x00, 0x8c, 0x01, 0x9c, 0x00, 0x01, 0x00, 0xa2, 0x00, 0x00,
  0x05, 0x64, 0x05, 0xa6, 0x00, 0x0b, 0x00, 0x00, 0x73, 0x11, 0x21, 0x11,
  0x01, 0x21, 0x01, 0x01, 0x21, 0x01, 0x03, 0x11, 0xa2, 0x01, 0x2f, 0x02,
  0x0f, 0x01, 0x4f, 0xfe, 0x49, 0x01, 0xec, 0xfe, 0xc2, 0xfe, 0x81, 0xd6,
  0x05, 0xa6, 0xfd, 0x6a, 0x02, 0x96, 0xfd, 0xd0, 0xfc, 0x8a, 0x02, 0xa1,
  0xfe, 0xfe, 0xfe, 0x61, 0xff, 0xff, 0x00, 0xa2, 0xfe, 0x48, 0x05, 0x64,
  0x05, 0xa6, 0x06, 0x26, 0x00, 0x56, 0x00, 0x00, 0x00, 0x07, 0x02, 0x6a,
  0x02, 0x31, 0x00, 0x00, 0x00, 0x01, 0x00, 0xa2, 0x00, 0x00, 0x04, 0x3c,
  0x05, 0xa6, 0x00, 0x05, 0x00, 0x00, 0x73, 0x11, 0x21, 0x11, 0x21, 0x15,
  0xa2, 0x01, 0x26, 0x02, 0x74, 0x05, 0xa6, 0xfb, 0x51, 0xf7, 0xff, 0xff,
  0x00, 0xa2, 0x00, 0x00, 0x04, 0x3c, 0x07, 0x42, 0x06, 0x26, 0x00, 0x58,
  0x00, 0x00, 0x00, 0x07, 0x02, 0x5b, 0x00, 0xb8, 0x01, 0x9c, 0xff, 0xff,
  0x00, 0xa2, 0x00, 0x00, 0x04, 0x3c, 0x05, 0xa6, 0x06, 0x26, 0x00, 0x58,
  0x00, 0x00, 0x00, 0x07, 0x02, 0x5d, 0x02, 0xa7, 0x00, 0x00, 0xff, 0xff,
  0x00, 0xa2, 0xfe, 0x48, 0x04, 0x3c, 0x05, 0xa6, 0x06, 0x26, 0x00, 0x58,
  0x00, 0x00, 0x00, 0x07, 0x02, 0x6a, 0x01, 0xda, 0x00, 0x00, 0xff, 0xff,
  0x00, 0xa2, 0x00, 0x00, 0x04, 0x3c, 0x05, 0xa6, 0x06, 0x26, 0x00, 0x58,
  0x00, 0x00, 0x00, 0x07, 0x01, 0xea, 0x02, 0x7d, 0x00, 0x4a, 0x00, 0x02,
  0x00, 0x09, 0x00, 0x00, 0x04, 0x54, 0x05, 0xa6, 0x00, 0x03, 0x00, 0x09,
  0x00, 0x00, 0x53, 0x35, 0x25, 0x15, 0x01, 0x13, 0x21, 0x11, 0x21, 0x15,
  0x09, 0x03, 0x0d, 0xfd, 0xa4, 0x01, 0x01, 0x25, 0x02, 0x74, 0x02, 0x38,
  0xf2, 0xce, 0xe7, 0xfc, 0xef, 0x05, 0xa6, 0xfb, 0x51, 0xf7, 0x00, 0x01,
  0x00, 0xa2, 0x00, 0x00, 0x06, 0x8a, 0x05, 0xa6, 0x00, 0x0c, 0x00, 0x00,
  0x73, 0x11, 0x21, 0x01, 0x01, 0x21, 0x11, 0x21, 0x11, 0x01, 0x23, 0x01,
  0x11, 0xa2, 0x01, 0xa8, 0x01, 0x4b, 0x01, 0x4e, 0x01, 0xa7, 0xfe, 0xd9,
  0xfe, 0xa4, 0xe5, 0xfe, 0xa6, 0x05, 0xa6, 0xfb, 0xf9, 0x04, 0x07, 0xfa,
  0x5a, 0x04, 0x52, 0xfb, 0xae, 0x04, 0x4d, 0xfb, 0xb3, 0x00, 0x00, 0x01,
  0x00, 0xa2, 0x00, 0x00, 0x05, 0x7b, 0x05, 0xa6, 0x00, 0x09, 0x00, 0x00,
  0x73, 0x11, 0x21, 0x01, 0x11, 0x21, 0x11, 0x21, 0x01, 0x11, 0xa2, 0x01,
  0x21, 0x02, 0x94, 0x01, 0x24, 0xfe, 0xf9, 0xfd, 0x51, 0x05, 0xa6, 0xfc,
  0x43, 0x03, 0xbd, 0xfa, 0x5a, 0x03, 0xe3, 0xfc, 0x1d, 0x00, 0xff, 0xff,
  0x00, 0xa2, 0x00, 0x00, 0x05, 0x7b, 0x07, 0x42, 0x06, 0x26, 0x00, 0x5f,
  0x00, 0x00, 0x00, 0x07, 0x02, 0x5b, 0x02, 0x96, 0x01, 0x9c, 0xff, 0xff,
  0x00, 0xa2, 0x00, 0x00, 0x05, 0x7b, 0x07, 0x24, 0x06, 0x26, 0x00, 0x5f,
  0x00, 0x00, 0x00, 0x07, 0x02, 0x5f, 0x01, 0x90, 0x01, 0x9c, 0xff, 0xff,
  0x00, 0xa2, 0xfe, 0x48, 0x05, 0x7b, 0x05, 0xa6, 0x06, 0x26, 0x00, 0x5f,
  0x00, 0x00, 0x00, 0x07, 0x02, 0x6a, 0x02, 0x72, 0x00, 0x00, 0xff, 0xff,
  0x00, 0xa2, 0x00, 0x00, 0x05, 0x7b, 0x07, 0x42, 0x06, 0x26, 0x00, 0x5f,
  0x00, 0x00, 0x00, 0x07, 0x02, 0x59, 0x02, 0x78, 0x01, 0x9c, 0x00, 0x01,
  0x00, 0xa2, 0xfe, 0x20, 0x05, 0x7b, 0x05, 0xa6, 0x00, 0x17, 0x00, 0x00,
  0x41, 0x22, 0x26, 0x27, 0x13, 0x16, 0x16, 0x33, 0x32, 0x36, 0x35, 0x35,
  0x01, 0x11, 0x21, 0x11, 0x21, 0x01, 0x11, 0x21, 0x03, 0x14, 0x06, 0x06,
  0x04, 0x07, 0x44, 0x92, 0x23, 0x07, 0x1d, 0x4b, 0x2d, 0x59, 0x52, 0xfd,
  0x70, 0xfe, 0xdd, 0x01, 0x21, 0x02, 0x94, 0x01, 0x24, 0x01, 0x45, 0xa2,
  0xfe, 0x20, 0x17, 0x09, 0x01, 0x0b, 0x06, 0x14, 0x55, 0x5f, 0x47, 0x03,
  0xb7, 0xfc, 0x1d, 0x05, 0xa6, 0xfc, 0x43, 0x03, 0xbd, 0xfa, 0x22, 0x97,
  0xbb, 0x56, 0xff, 0xff, 0x00, 0xa2, 0x00, 0x00, 0x05, 0x7b, 0x07, 0x3f,
  0x06, 0x26, 0x00, 0x5f, 0x00, 0x00, 0x00, 0x07, 0x02, 0x62, 0x01, 0x77,
  0x01, 0x9c, 0x00, 0x02, 0x00, 0x60, 0xff, 0xec, 0x05, 0x91, 0x05, 0xba,
  0x00, 0x0f, 0x00, 0x1f, 0x00, 0x00, 0x45, 0x22, 0x24, 0x02, 0x35, 0x34,
  0x12, 0x24, 0x33, 0x32, 0x04, 0x12, 0x15, 0x14, 0x02, 0x04, 0x27, 0x32,
  0x36, 0x36, 0x35, 0x34, 0x26, 0x26, 0x23, 0x22, 0x06, 0x06, 0x15, 0x14,
  0x16, 0x16, 0x02, 0xfb, 0xcd, 0xfe, 0xd5, 0xa3, 0xa5, 0x01, 0x2c, 0xca,
  0xc9, 0x01, 0x2a, 0xa3, 0xa1, 0xfe, 0xd6, 0xcb, 0x6a, 0x9b, 0x54, 0x55,
  0x9b, 0x69, 0x69, 0x9c, 0x56, 0x56, 0x9c, 0x14, 0xb3, 0x01, 0x4b, 0xe6,
  0xe7, 0x01, 0x4e, 0xb5, 0xb4, 0xfe, 0xb2, 0xe8, 0xe5, 0xfe, 0xb4, 0xb3,
  0xf0, 0x65, 0xdb, 0xb0, 0xb5, 0xe0, 0x69, 0x69, 0xe1, 0xb4, 0xb1, 0xda,
  0x65, 0x00, 0xff, 0xff, 0x00, 0x60, 0xff, 0xec, 0x05, 0x91, 0x07, 0x42,
  0x06, 0x26, 0x00, 0x66, 0x00, 0x00, 0x00, 0x07, 0x02, 0x5b, 0x02, 0x83,
  0x01, 0x9c, 0xff, 0xff, 0x00, 0x60, 0xff, 0xec, 0x05, 0x91, 0x07, 0x1d,
  0x06, 0x26, 0x00, 0x66, 0x00, 0x00, 0x00, 0x07, 0x02, 0x60, 0x01, 0x7d,
  0x01, 0x9b, 0xff, 0xff, 0x00, 0x60, 0xff, 0xec, 0x05, 0x91, 0x07, 0x22,
  0x06, 0x26, 0x00, 0x66, 0x00, 0x00, 0x00, 0x07, 0x02, 0x5e, 0x01, 0x7d,
  0x01, 0x9c, 0xff, 0xff, 0x00, 0x60, 0xff, 0xec, 0x05, 0x91, 0x08, 0x18,
  0x06, 0x26, 0x00, 0x66, 0x00, 0x00, 0x00, 0x07, 0x02, 0x80, 0x01, 0x7d,
  0x01, 0x9c, 0xff, 0xff, 0x00, 0x60, 0xfe, 0x72, 0x05, 0x91, 0x07, 0x22,
  0x06, 0x26, 0x00, 0x66, 0x00, 0x00, 0x00, 0x27, 0x02, 0x69, 0x02, 0x68,
  0x00, 0x00, 0x00, 0x07, 0x02, 0x5e, 0x01, 0x7d, 0x01, 0x9c, 0xff, 0xff,
  0x00, 0x60, 0xff, 0xec, 0x05, 0x91, 0x08, 0x17, 0x06, 0x26, 0x00, 0x66,
  0x00, 0x00, 0x00, 0x07, 0x02, 0x81, 0x01, 0x7d, 0x01, 0x9c, 0xff, 0xff,
  0x00, 0x60, 0xff, 0xec, 0x05, 0x91, 0x08, 0x7e, 0x06, 0x26, 0x00, 0x66,
  0x00, 0x00, 0x00, 0x07, 0x02, 0x82, 0x01, 0x84, 0x01, 0x9c, 0xff, 0xff,
  0x00, 0x60, 0xff, 0xec, 0x05, 0x91, 0x08, 0x7b, 0x06, 0x26, 0x00, 0x66,
  0x00, 0x00, 0x00, 0x07, 0x02, 0x83, 0x01, 0x80, 0x01, 0x9c, 0xff, 0xff,
  0x00, 0x60, 0xff, 0xec, 0x05, 0x91, 0x07, 0x42, 0x06, 0x26, 0x00, 0x66,
  0x00, 0x00, 0x00, 0x07, 0x02, 0x65, 0x00, 0x9c, 0x01, 0x9c, 0xff, 0xff,
  0x00, 0x60, 0xff, 0xec, 0x05, 0x91, 0x07, 0x42, 0x06, 0x26, 0x00, 0x66,
  0x00, 0x00, 0x00, 0x07, 0x02, 0x58, 0x01, 0x7d, 0x01, 0x9c, 0xff, 0xff,
  0x00, 0x60, 0xfe, 0x72, 0x05, 0x91, 0x05, 0xba, 0x06, 0x26, 0x00, 0x66,
  0x00, 0x00, 0x00, 0x07, 0x02, 0x69, 0x02, 0x68, 0x00, 0x00, 0xff, 0xff,
  0x00, 0x60, 0xff, 0xec, 0x05, 0x91, 0x07, 0x42, 0x06, 0x26, 0x00, 0x66,
  0x00, 0x00, 0x00, 0x07, 0x02, 0x5a, 0x01, 0x5b, 0x01, 0x9c, 0xff, 0xff,
  0x00, 0x60, 0xff, 0xec, 0x05, 0x91, 0x07, 0xb6, 0x06, 0x26, 0x00, 0x66,
  0x00, 0x00, 0x00, 0x07, 0x02, 0x64, 0x00, 0xb3, 0x01, 0x94, 0x00, 0x02,
  0x00, 0x60, 0xff, 0xec, 0x06, 0x4f, 0x05, 0xcd, 0x00, 0x1b, 0x00, 0x2b,
  0x00, 0x00, 0x45, 0x22, 0x24, 0x02, 0x35, 0x34, 0x12, 0x24, 0x33, 0x32,
  0x16, 0x17, 0x32, 0x3e, 0x02, 0x37, 0x33, 0x0e, 0x02, 0x07, 0x16, 0x16,
  0x15, 0x14, 0x02, 0x04, 0x27, 0x32, 0x36, 0x36, 0x35, 0x34, 0x26, 0x26,
  0x23, 0x22, 0x06, 0x06, 0x15, 0x14, 0x16, 0x16, 0x02, 0xfb, 0xcd, 0xfe,
  0xd5, 0xa3, 0xa5, 0x01, 0x2c, 0xca, 0x94, 0xf0, 0x56, 0x2f, 0x41, 0x2b,
  0x19, 0x05, 0xc1, 0x01, 0x33, 0x77, 0x68, 0x29, 0x2c, 0xa1, 0xfe, 0xd6,
  0xcb, 0x6a, 0x9b, 0x54, 0x55, 0x9b, 0x69, 0x69, 0x9c, 0x56, 0x56, 0x9c,
  0x14, 0xb3, 0x01, 0x4b, 0xe6, 0xe7, 0x01, 0x4e, 0xb5, 0x62, 0x5d, 0x0a,
  0x26, 0x56, 0x4c, 0x79, 0x9e, 0x4e, 0x03, 0x52, 0xcb, 0x78, 0xe5, 0xfe,
  0xb4, 0xb3, 0xf0, 0x65, 0xdb, 0xb0, 0xb5, 0xe0, 0x69, 0x69, 0xe1, 0xb4,
  0xb1, 0xda, 0x65, 0x00, 0xff, 0xff, 0x00, 0x60, 0xff, 0xec, 0x06, 0x4f,
  0x07, 0x42, 0x06, 0x26, 0x00, 0x74, 0x00, 0x00, 0x00, 0x07, 0x02, 0x5b,
  0x02, 0x83, 0x01, 0x9c, 0xff, 0xff, 0x00, 0x60, 0xfe, 0x72, 0x06, 0x4f,
  0x05, 0xcd, 0x06, 0x26, 0x00, 0x74, 0x00, 0x00, 0x00, 0x07, 0x02, 0x69,
  0x02, 0x68, 0x00, 0x00, 0xff, 0xff, 0x00, 0x60, 0xff, 0xec, 0x06, 0x4f,
  0x07, 0x42, 0x06, 0x26, 0x00, 0x74, 0x00, 0x00, 0x00, 0x07, 0x02, 0x5a,
  0x01, 0x5b, 0x01, 0x9c, 0xff, 0xff, 0x00, 0x60, 0xff, 0xec, 0x06, 0x4f,
  0x07, 0xb6, 0x06, 0x26, 0x00, 0x74, 0x00, 0x00, 0x00, 0x07, 0x02, 0x64,
  0x00, 0xb3, 0x01, 0x94, 0xff, 0xff, 0x00, 0x60, 0xff, 0xec, 0x06, 0x4f,
  0x07, 0x3f, 0x06, 0x26, 0x00, 0x74, 0x00, 0x00, 0x00, 0x07, 0x02, 0x62,
  0x01, 0x63, 0x01, 0x9c, 0xff, 0xff, 0x00, 0x60, 0xff, 0xec, 0x05, 0x91,
  0x07, 0x42, 0x06, 0x26, 0x00, 0x66, 0x00, 0x00, 0x00, 0x07, 0x02, 0x5c,
  0x01, 0xd7, 0x01, 0x9c, 0xff, 0xff, 0x00, 0x60, 0xff, 0xec, 0x05, 0x91,
  0x07, 0x37, 0x06, 0x26, 0x00, 0x66, 0x00, 0x00, 0x00, 0x07, 0x02, 0x66,
  0x01, 0x85, 0x01, 0x9c, 0xff, 0xff, 0x00, 0x60, 0xff, 0xec, 0x05, 0x91,
  0x07, 0x0c, 0x06, 0x26, 0x00, 0x66, 0x00, 0x00, 0x00, 0x07, 0x02, 0x63,
  0x01, 0x78, 0x01, 0x9c, 0x00, 0x03, 0x00, 0x60, 0xfe, 0xae, 0x05, 0x91,
  0x05, 0xba, 0x00, 0x13, 0x00, 0x23, 0x00, 0x33, 0x00, 0x00, 0x41, 0x22,
  0x26, 0x35, 0x34, 0x36, 0x37, 0x17, 0x06, 0x06, 0x15, 0x14, 0x16, 0x33,
  0x32, 0x36, 0x37, 0x15, 0x06, 0x06, 0x03, 0x22, 0x24, 0x02, 0x35, 0x34,
  0x12, 0x24, 0x33, 0x32, 0x04, 0x12, 0x15, 0x14, 0x02, 0x04, 0x27, 0x32,
  0x36, 0x36, 0x35, 0x34, 0x26, 0x26, 0x23, 0x22, 0x06, 0x06, 0x15, 0x14,
  0x16, 0x16, 0x03, 0x12, 0x66, 0x74, 0x4c, 0x74, 0xcc, 0x69, 0x50, 0x23,
  0x25, 0x2e, 0x46, 0x1d, 0x1c, 0x73, 0x5a, 0xcd, 0xfe, 0xd5, 0xa3, 0xa5,
  0x01, 0x2c, 0xca, 0xc9, 0x01, 0x2a, 0xa3, 0xa1, 0xfe, 0xd6, 0xcb, 0x6a,
  0x9b, 0x54, 0x55, 0x9b, 0x69, 0x69, 0x9c, 0x56, 0x56, 0x9c, 0xfe, 0xae,
  0x54, 0x50, 0x37, 0x5e, 0x26, 0x05, 0x27, 0x42, 0x29, 0x20, 0x20, 0x1b,
  0x11, 0x84, 0x11, 0x1f, 0x01, 0x3e, 0xb3, 0x01, 0x4b, 0xe6, 0xe7, 0x01,
  0x4e, 0xb5, 0xb4, 0xfe, 0xb2, 0xe8, 0xe5, 0xfe, 0xb4, 0xb3, 0xf0, 0x65,
  0xdb, 0xb0, 0xb5, 0xe0, 0x69, 0x69, 0xe1, 0xb4, 0xb1, 0xda, 0x65, 0x00,
  0x00, 0x03, 0x00, 0x2b, 0xff, 0xe5, 0x05, 0xde, 0x05, 0xbf, 0x00, 0x19,
  0x00, 0x22, 0x00, 0x2c, 0x00, 0x00, 0x57, 0x27, 0x37, 0x26, 0x26, 0x35,
  0x34, 0x12, 0x24, 0x33, 0x32, 0x16, 0x17, 0x37, 0x17, 0x07, 0x16, 0x16,
  0x15, 0x14, 0x02, 0x04, 0x23, 0x22, 0x26, 0x27, 0x25, 0x32, 0x36, 0x37,
  0x36, 0x26, 0x27, 0x01, 0x16, 0x03, 0x01, 0x26, 0x26, 0x23, 0x22, 0x06,
  0x07, 0x06, 0x16, 0xac, 0x81, 0xa7, 0x34, 0x36, 0xa4, 0x01, 0x2b, 0xcb,
  0x88, 0xdf, 0x54, 0xa2, 0x7f, 0xae, 0x33, 0x36, 0xa2, 0xfe, 0xd6, 0xcc,
  0x87, 0xde, 0x52, 0x01, 0xb9, 0x86, 0x94, 0x0f, 0x08, 0x04, 0x0c, 0xfd,
  0xed, 0x4d, 0x82, 0x02, 0x16, 0x27, 0x77, 0x52, 0x8b, 0x98, 0x0f, 0x06,
  0x07, 0x1b, 0x83, 0xac, 0x57, 0xdf, 0x85, 0xe7, 0x01, 0x4f, 0xb5, 0x52,
  0x4f, 0xa6, 0x81, 0xb6, 0x57, 0xde, 0x83, 0xe5, 0xfe, 0xb4, 0xb3, 0x50,
  0x49, 0x52, 0xac, 0xb7, 0x4f, 0xa1, 0x57, 0xfd, 0xcc, 0x76, 0x01, 0x43,
  0x02, 0x36, 0x43, 0x3f, 0xc0, 0xca, 0x4b, 0x97, 0xff, 0xff, 0x00, 0x2b,
  0xff, 0xe5, 0x05, 0xde, 0x07, 0x42, 0x06, 0x26, 0x00, 0x7e, 0x00, 0x00,
  0x00, 0x07, 0x02, 0x5b, 0x02, 0x89, 0x01, 0x9c, 0xff, 0xff, 0x00, 0x60,
  0xff, 0xec, 0x05, 0x91, 0x07, 0x3f, 0x06, 0x26, 0x00, 0x66, 0x00, 0x00,
  0x00, 0x07, 0x02, 0x62, 0x01, 0x63, 0x01, 0x9c, 0x00, 0x02, 0x00, 0x60,
  0xff, 0xec, 0x08, 0x66, 0x05, 0xba, 0x00, 0x1a, 0x00, 0x2a, 0x00, 0x00,
  0x41, 0x11, 0x05, 0x15, 0x21, 0x35, 0x06, 0x06, 0x23, 0x22, 0x24, 0x02,
  0x35, 0x34, 0x12, 0x24, 0x33, 0x32, 0x16, 0x17, 0x35, 0x21, 0x07, 0x21,
  0x11, 0x21, 0x15, 0x01, 0x32, 0x36, 0x36, 0x35, 0x34, 0x26, 0x26, 0x23,
  0x22, 0x06, 0x06, 0x15, 0x14, 0x16, 0x16, 0x05, 0x9e, 0x02, 0xc8, 0xfc,
  0x14, 0x46, 0xc1, 0x78, 0xcd, 0xfe, 0xd5, 0xa3, 0xa5, 0x01, 0x2c, 0xca,
  0x77, 0xc2, 0x46, 0x03, 0xe2, 0x02, 0xfd, 0x46, 0x02, 0x5e, 0xfa, 0xfd,
  0x6a, 0x9b, 0x54, 0x55, 0x9b, 0x69, 0x69, 0x9c, 0x56, 0x56, 0x9c, 0x02,
  0x60, 0xfe, 0x99, 0x01, 0xf8, 0x84, 0x4a, 0x4e, 0xb3, 0x01, 0x4b, 0xe6,
  0xe7, 0x01, 0x4e, 0xb5, 0x4e, 0x4c, 0x86, 0xf6, 0xfe, 0xa1, 0xf1, 0xfe,
  0x7c, 0x65, 0xdb, 0xb0, 0xb5, 0xe0, 0x69, 0x69, 0xe1, 0xb4, 0xb1, 0xda,
  0x65, 0x00, 0x00, 0x02, 0x00, 0xa2, 0x00, 0x00, 0x04, 0xdf, 0x05, 0xa6,
  0x00, 0x0c, 0x00, 0x15, 0x00, 0x00, 0x73, 0x11, 0x21, 0x32, 0x16, 0x16,
  0x15, 0x14, 0x06, 0x06, 0x23, 0x21, 0x11, 0x03, 0x21, 0x32, 0x36, 0x35,
  0x34, 0x26, 0x23, 0x21, 0xa2, 0x02, 0x14, 0x9e, 0xfa, 0x91, 0x80, 0xe7,
  0x9c, 0xfe, 0xec, 0x03, 0x01, 0x0f, 0x6e, 0x8c, 0x94, 0x6a, 0xfe, 0xf5,
  0x05, 0xa6, 0x6d, 0xd4, 0x99, 0x90, 0xcc, 0x6c, 0xfd, 0xfc, 0x02, 0xe6,
  0x8d, 0x68, 0x6c, 0x7f, 0x00, 0x02, 0x00, 0xa2, 0x00, 0x00, 0x05, 0x17,
  0x05, 0xa6, 0x00, 0x0e, 0x00, 0x19, 0x00, 0x00, 0x73, 0x11, 0x21, 0x11,
  0x21, 0x32, 0x16, 0x16, 0x15, 0x14, 0x06, 0x06, 0x23, 0x21, 0x11, 0x11,
  0x21, 0x32, 0x36, 0x36, 0x35, 0x34, 0x26, 0x26, 0x23, 0x21, 0xa2, 0x01,
  0x26, 0x01, 0x26, 0xa1, 0xfa, 0x8e, 0x8e, 0xf8, 0x9f, 0xfe, 0xd6, 0x01,
  0x1d, 0x4e, 0x73, 0x40, 0x40, 0x75, 0x50, 0xfe, 0xe7, 0x05, 0xa6, 0xfe,
  0xeb, 0x5f, 0xbf, 0x92, 0x8f, 0xc2, 0x64, 0xfe, 0xd4, 0x02, 0x1d, 0x26,
  0x57, 0x49, 0x45, 0x54, 0x25, 0x00, 0x00, 0x02, 0x00, 0x60, 0xff, 0x0a,
  0x05, 0x93, 0x05, 0xba, 0x00, 0x19, 0x00, 0x25, 0x00, 0x00, 0x45, 0x22,
  0x26, 0x26, 0x27, 0x06, 0x06, 0x23, 0x22, 0x24, 0x02, 0x35, 0x34, 0x12,
  0x24, 0x33, 0x32, 0x04, 0x12, 0x15, 0x14, 0x02, 0x07, 0x16, 0x16, 0x17,
  0x25, 0x32, 0x36, 0x11, 0x10, 0x26, 0x23, 0x22, 0x06, 0x11, 0x10, 0x16,
  0x05, 0x8d, 0x5e, 0xa9, 0x9c, 0x4b, 0x32, 0x4b, 0x28, 0xcb, 0xfe, 0xd5,
  0xa4, 0xa5, 0x01, 0x2b, 0xca, 0xcb, 0x01, 0x2a, 0xa4, 0x77, 0x7a, 0x18,
  0x83, 0x50, 0xfd, 0x6d, 0xa4, 0xb6, 0xb6, 0xa4, 0xa3, 0xb6, 0xb6, 0xf6,
  0x20, 0x67, 0x69, 0x07, 0x07, 0xb1, 0x01, 0x4b, 0xe8, 0xe8, 0x01, 0x4e,
  0xb4, 0xb4, 0xfe, 0xb2, 0xe8, 0xc6, 0xfe, 0xd4, 0x65, 0x3c, 0x48, 0x01,
  0xe8, 0xe7, 0x01, 0x0a, 0x01, 0x0d, 0xf0, 0xf1, 0xfe, 0xf3, 0xfe, 0xf7,
  0xe7, 0x00, 0x00, 0x02, 0x00, 0xa2, 0x00, 0x00, 0x05, 0x04, 0x05, 0xa6,
  0x00, 0x0f, 0x00, 0x18, 0x00, 0x00, 0x73, 0x11, 0x21, 0x32, 0x16, 0x16,
  0x15, 0x14, 0x06, 0x06, 0x07, 0x01, 0x21, 0x03, 0x21, 0x11, 0x11, 0x21,
  0x32, 0x36, 0x35, 0x34, 0x26, 0x23, 0x21, 0xa2, 0x02, 0x62, 0xad, 0xdc,
  0x68, 0x47, 0x73, 0x44, 0x01, 0x0d, 0xfe, 0xd1, 0xeb, 0xfe, 0xdb, 0x01,
  0x0b, 0x75, 0x89, 0x84, 0x65, 0xfe, 0xe0, 0x05, 0xa6, 0x6e, 0xc3, 0x7f,
  0x72, 0x9d, 0x68, 0x21, 0xfd, 0xa2, 0x02, 0x2d, 0xfd, 0xd3, 0x03, 0x0e,
  0x7e, 0x63, 0x64, 0x74, 0xff, 0xff, 0x00, 0xa2, 0x00, 0x00, 0x05, 0x04,
  0x07, 0x42, 0x06, 0x26, 0x00, 0x85, 0x00, 0x00, 0x00, 0x07, 0x02, 0x5b,
  0x02, 0x31, 0x01, 0x9c, 0xff, 0xff, 0x00, 0xa2, 0x00, 0x00, 0x05, 0x04,
  0x07, 0x24, 0x06, 0x26, 0x00, 0x85, 0x00, 0x00, 0x00, 0x07, 0x02, 0x5f,
  0x01, 0x2b, 0x01, 0x9c, 0xff, 0xff, 0x00, 0xa2, 0xfe, 0x48, 0x05, 0x04,
  0x05, 0xa6, 0x06, 0x26, 0x00, 0x85, 0x00, 0x00, 0x00, 0x07, 0x02, 0x6a,
  0x02, 0x2d, 0x00, 0x00, 0xff, 0xff, 0x00, 0x53, 0x00, 0x00, 0x05, 0x04,
  0x07, 0x42, 0x06, 0x26, 0x00, 0x85, 0x00, 0x00, 0x00, 0x07, 0x02, 0x65,
  0x00, 0x49, 0x01, 0x9c, 0xff, 0xff, 0x00, 0xa2, 0xfe, 0x72, 0x05, 0x04,
  0x05, 0xa6, 0x06, 0x26, 0x00, 0x85, 0x00, 0x00, 0x00, 0x07, 0x02, 0x69,
  0x02, 0x25, 0x00, 0x00, 0xff, 0xff, 0x00, 0xa2, 0x00, 0x00, 0x05, 0x04,
  0x07, 0x37, 0x06, 0x26, 0x00, 0x85, 0x00, 0x00, 0x00, 0x07, 0x02, 0x66,
  0x01, 0x33, 0x01, 0x9c, 0x00, 0x01, 0x00, 0x64, 0xff, 0xec, 0x05, 0x06,
  0x05, 0xb8, 0x00, 0x31, 0x00, 0x00, 0x45, 0x22, 0x2e, 0x02, 0x27, 0x21,
  0x1e, 0x02, 0x33, 0x32, 0x36, 0x36, 0x35, 0x34, 0x26, 0x27, 0x25, 0x2e,
  0x02, 0x35, 0x34, 0x36, 0x24, 0x33, 0x32, 0x16, 0x16, 0x17, 0x21, 0x2e,
  0x02, 0x23, 0x22, 0x06, 0x15, 0x14, 0x16, 0x17, 0x17, 0x1e, 0x02, 0x15,
  0x14, 0x06, 0x04, 0x02, 0xc0, 0x6c, 0xce, 0xaa, 0x6d, 0x0b, 0x01, 0x2b,
  0x0f, 0x55, 0x87, 0x57, 0x45, 0x7c, 0x4e, 0x6c, 0x5d, 0xfe, 0xf1, 0x73,
  0xab, 0x5c, 0x95, 0x01, 0x01, 0xa0, 0xb5, 0xf9, 0x84, 0x01, 0xfe, 0xdc,
  0x08, 0x4c, 0x77, 0x4c, 0x83, 0x78, 0x5b, 0x65, 0xfb, 0x8c, 0xae, 0x50,
  0x95, 0xfe, 0xfa, 0x14, 0x36, 0x6c, 0xa2, 0x6d, 0x42, 0x5a, 0x30, 0x28,
  0x52, 0x3e, 0x4a, 0x4b, 0x16, 0x3b, 0x18, 0x65, 0xa3, 0x75, 0x87, 0xc4,
  0x69, 0x75, 0xc7, 0x7a, 0x4b, 0x5b, 0x29, 0x6a, 0x46, 0x42, 0x51, 0x15,
  0x36, 0x1b, 0x75, 0xa6, 0x67, 0x83, 0xc7, 0x70, 0xff, 0xff, 0x00, 0x64,
  0xff, 0xec, 0x05, 0x06, 0x07, 0x42, 0x06, 0x26, 0x00, 0x8c, 0x00, 0x00,
  0x00, 0x07, 0x02, 0x5b, 0x02, 0x3f, 0x01, 0x9c, 0xff, 0xff, 0x00, 0x64,
  0xff, 0xec, 0x05, 0x06, 0x07, 0x24, 0x06, 0x26, 0x00, 0x8c, 0x00, 0x00,
  0x00, 0x07, 0x02, 0x5f, 0x01, 0x39, 0x01, 0x9c, 0x00, 0x02, 0x00, 0x64,
  0xfe, 0x57, 0x05, 0x06, 0x05, 0xb8, 0x00, 0x1a, 0x00, 0x4c, 0x00, 0x00,
  0x41, 0x22, 0x26, 0x27, 0x37, 0x16, 0x16, 0x33, 0x32, 0x36, 0x35, 0x34,
  0x26, 0x27, 0x22, 0x26, 0x37, 0x37, 0x33, 0x07, 0x1e, 0x02, 0x15, 0x14,
  0x06, 0x06, 0x03, 0x22, 0x2e, 0x02, 0x27, 0x21, 0x1e, 0x02, 0x33, 0x32,
  0x36, 0x36, 0x35, 0x34, 0x26, 0x27, 0x25, 0x2e, 0x02, 0x35, 0x34, 0x36,
  0x24, 0x33, 0x32, 0x16, 0x16, 0x17, 0x21, 0x2e, 0x02, 0x23, 0x22, 0x06,
  0x15, 0x14, 0x16, 0x17, 0x17, 0x1e, 0x02, 0x15, 0x14, 0x06, 0x04, 0x02,
  0xa9, 0x3e, 0x75, 0x33, 0x28, 0x1f, 0x50, 0x2b, 0x30, 0x34, 0x4c, 0x5d,
  0x0d, 0x09, 0x05, 0x4a, 0x81, 0x2c, 0x4b, 0x59, 0x26, 0x42, 0x6d, 0x29,
  0x6c, 0xce, 0xaa, 0x6d, 0x0b, 0x01, 0x2b, 0x0f, 0x55, 0x87, 0x57, 0x45,
  0x7c, 0x4e, 0x6c, 0x5d, 0xfe, 0xf1, 0x73, 0xab, 0x5c, 0x95, 0x01, 0x01,
  0xa0, 0xb5, 0xf9, 0x84, 0x01, 0xfe, 0xdc, 0x08, 0x4c, 0x77, 0x4c, 0x83,
  0x78, 0x5b, 0x65, 0xfb, 0x8c, 0xae, 0x50, 0x95, 0xfe, 0xfa, 0xfe, 0x57,
  0x18, 0x1e, 0x62, 0x13, 0x1e, 0x21, 0x1d, 0x27, 0x2a, 0x01, 0x07, 0x0c,
  0xa9, 0x75, 0x02, 0x30, 0x47, 0x23, 0x33, 0x49, 0x26, 0x01, 0x95, 0x36,
  0x6c, 0xa2, 0x6d, 0x42, 0x5a, 0x30, 0x28, 0x52, 0x3e, 0x4a, 0x4b, 0x16,
  0x3b, 0x18, 0x65, 0xa3, 0x75, 0x87, 0xc4, 0x69, 0x75, 0xc7, 0x7a, 0x4b,
  0x5b, 0x29, 0x6a, 0x46, 0x42, 0x51, 0x15, 0x36, 0x1b, 0x75, 0xa6, 0x67,
  0x83, 0xc7, 0x70, 0x00, 0xff, 0xff, 0x00, 0x64, 0xff, 0xec, 0x05, 0x06,
  0x07, 0x22, 0x06, 0x26, 0x00, 0x8c, 0x00, 0x00, 0x00, 0x07, 0x02, 0x5e,
  0x01, 0x39, 0x01, 0x9c, 0xff, 0xff, 0x00, 0x64, 0xfe, 0x48, 0x05, 0x06,
  0x05, 0xb8, 0x06, 0x26, 0x00, 0x8c, 0x00, 0x00, 0x00, 0x07, 0x02, 0x6a,
  0x02, 0x25, 0x00, 0x00, 0xff, 0xff, 0x00, 0x64, 0xfe, 0x72, 0x05, 0x06,
  0x05, 0xb8, 0x06, 0x26, 0x00, 0x8c, 0x00, 0x00, 0x00, 0x07, 0x02, 0x69,
  0x02, 0x1e, 0x00, 0x00, 0x00, 0x02, 0x00, 0x60, 0xff, 0xec, 0x05, 0x8e,
  0x05, 0xba, 0x00, 0x1a, 0x00, 0x23, 0x00, 0x00, 0x45, 0x22, 0x24, 0x02,
  0x11, 0x21, 0x34, 0x26, 0x23, 0x22, 0x0e, 0x02, 0x15, 0x21, 0x34, 0x3e,
  0x02, 0x33, 0x32, 0x04, 0x12, 0x15, 0x14, 0x02, 0x04, 0x03, 0x32, 0x36,
  0x36, 0x37, 0x25, 0x14, 0x16, 0x16, 0x02, 0xf5, 0xc2, 0xfe, 0xd6, 0xa8,
  0x03, 0xd1, 0xa9, 0x9a, 0x4d, 0x79, 0x54, 0x2d, 0xfe, 0xb8, 0x5c, 0xad,
  0xf4, 0x98, 0xd0, 0x01, 0x2a, 0x9f, 0xaa, 0xfe, 0xd4, 0xc3, 0x67, 0x8b,
  0x47, 0x01, 0xfd, 0x96, 0x46, 0x88, 0x14, 0xab, 0x01, 0x6b, 0x01, 0x1f,
  0xbc, 0xcd, 0x2e, 0x4a, 0x58, 0x29, 0x56, 0xb7, 0x9c, 0x60, 0xab, 0xfe,
  0xb9, 0xe9, 0xff, 0xfe, 0xb1, 0xa5, 0x01, 0x00, 0x5a, 0x9e, 0x67, 0x02,
  0x68, 0xa0, 0x59, 0x00, 0x00, 0x01, 0x00, 0x26, 0x00, 0x00, 0x04, 0xab,
  0x05, 0xa6, 0x00, 0x07, 0x00, 0x00, 0x61, 0x11, 0x21, 0x11, 0x21, 0x11,
  0x21, 0x11, 0x01, 0xdb, 0xfe, 0x4b, 0x04, 0x85, 0xfe, 0x55, 0x04, 0xa2,
  0x01, 0x04, 0xfe, 0xfc, 0xfb, 0x5e, 0x00, 0x02, 0x00, 0x26, 0x00, 0x00,
  0x04, 0xab, 0x05, 0xa6, 0x00, 0x03, 0x00, 0x0b, 0x00, 0x00, 0x53, 0x35,
  0x21, 0x15, 0x01, 0x11, 0x21, 0x11, 0x21, 0x11, 0x21, 0x11, 0xd2, 0x03,
  0x2a, 0xfd, 0xdf, 0xfe, 0x4b, 0x04, 0x85, 0xfe, 0x55, 0x02, 0x54, 0xd6,
  0xd6, 0xfd, 0xac, 0x04, 0xa2, 0x01, 0x04, 0xfe, 0xfc, 0xfb, 0x5e, 0x00,
  0xff, 0xff, 0x00, 0x26, 0x00, 0x00, 0x04, 0xab, 0x07, 0x24, 0x06, 0x26,
  0x00, 0x94, 0x00, 0x00, 0x00, 0x07, 0x02, 0x5f, 0x00, 0xfe, 0x01, 0x9c,
  0x00, 0x02, 0x00, 0x26, 0xfe, 0x58, 0x04, 0xab, 0x05, 0xa6, 0x00, 0x1a,
  0x00, 0x22, 0x00, 0x00, 0x41, 0x22, 0x26, 0x27, 0x37, 0x16, 0x16, 0x33,
  0x32, 0x36, 0x35, 0x34, 0x26, 0x27, 0x22, 0x26, 0x37, 0x37, 0x33, 0x07,
  0x1e, 0x02, 0x15, 0x14, 0x06, 0x06, 0x03, 0x11, 0x21, 0x11, 0x21, 0x11,
  0x21, 0x11, 0x02, 0x72, 0x3f, 0x75, 0x32, 0x28, 0x1f, 0x4f, 0x2c, 0x30,
  0x34, 0x4c, 0x5e, 0x0c, 0x09, 0x05, 0x49, 0x82, 0x2d, 0x4c, 0x58, 0x27,
  0x43, 0x6c, 0xd7, 0xfe, 0x4b, 0x04, 0x85, 0xfe, 0x55, 0xfe, 0x58, 0x18,
  0x1e, 0x63, 0x13, 0x1f, 0x21, 0x1d, 0x28, 0x29, 0x01, 0x07, 0x0c, 0xa9,
  0x75, 0x01, 0x31, 0x47, 0x23, 0x33, 0x48, 0x27, 0x01, 0xa8, 0x04, 0xa2,
  0x01, 0x04, 0xfe, 0xfc, 0xfb, 0x5e, 0xff, 0xff, 0x00, 0x26, 0xfe, 0x49,
  0x04, 0xab, 0x05, 0xa6, 0x06, 0x26, 0x00, 0x94, 0x00, 0x00, 0x00, 0x07,
  0x02, 0x6a, 0x01, 0xee, 0x00, 0x01, 0xff, 0xff, 0x00, 0x26, 0xfe, 0x74,
  0x04, 0xab, 0x05, 0xa6, 0x06, 0x26, 0x00, 0x94, 0x00, 0x00, 0x00, 0x07,
  0x02, 0x69, 0x01, 0xe6, 0x00, 0x01, 0x00, 0x01, 0x00, 0xa2, 0xff, 0xec,
  0x05, 0x27, 0x05, 0xa6, 0x00, 0x14, 0x00, 0x00, 0x45, 0x22, 0x26, 0x02,
  0x35, 0x11, 0x21, 0x11, 0x14, 0x16, 0x33, 0x32, 0x36, 0x36, 0x35, 0x11,
  0x21, 0x11, 0x14, 0x02, 0x06, 0x02, 0xe4, 0xd3, 0xfe, 0x71, 0x01, 0x29,
  0x9c, 0x7d, 0x53, 0x80, 0x49, 0x01, 0x27, 0x72, 0xff, 0x14, 0x8d, 0x01,
  0x04, 0xb4, 0x03, 0x75, 0xfc, 0x75, 0xa2, 0x95, 0x41, 0x89, 0x6d, 0x03,
  0x8b, 0xfc, 0x81, 0xaf, 0xfe, 0xff, 0x8b, 0x00, 0xff, 0xff, 0x00, 0xa2,
  0xff, 0xec, 0x05, 0x27, 0x07, 0x42, 0x06, 0x26, 0x00, 0x9a, 0x00, 0x00,
  0x00, 0x07, 0x02, 0x5b, 0x02, 0x6e, 0x01, 0x9c, 0xff, 0xff, 0x00, 0xa2,
  0xff, 0xec, 0x05, 0x27, 0x07, 0x1d, 0x06, 0x26, 0x00, 0x9a, 0x00, 0x00,
  0x00, 0x07, 0x02, 0x60, 0x01, 0x68, 0x01, 0x9b, 0xff, 0xff, 0x00, 0xa2,
  0xff, 0xec, 0x05, 0x27, 0x07, 0x22, 0x06, 0x26, 0x00, 0x9a, 0x00, 0x00,
  0x00, 0x07, 0x02, 0x5e, 0x01, 0x68, 0x01, 0x9c, 0xff, 0xff, 0x00, 0x91,
  0xff, 0xec, 0x05, 0x27, 0x07, 0x42, 0x06, 0x26, 0x00, 0x9a, 0x00, 0x00,
  0x00, 0x07, 0x02, 0x65, 0x00, 0x87, 0x01, 0x9c, 0xff, 0xff, 0x00, 0xa2,
  0xff, 0xec, 0x05, 0x27, 0x07, 0x42, 0x06, 0x26, 0x00, 0x9a, 0x00, 0x00,
  0x00, 0x07, 0x02, 0x58, 0x01, 0x68, 0x01, 0x9c, 0xff, 0xff, 0x00, 0xa2,
  0xfe, 0x74, 0x05, 0x27, 0x05, 0xa6, 0x06, 0x26, 0x00, 0x9a, 0x00, 0x00,
  0x00, 0x07, 0x02, 0x69, 0x02, 0x4f, 0x00, 0x01, 0xff, 0xff, 0x00, 0xa2,
  0xff, 0xec, 0x05, 0x27, 0x07, 0x42, 0x06, 0x26, 0x00, 0x9a, 0x00, 0x00,
  0x00, 0x07, 0x02, 0x5a, 0x01, 0x46, 0x01, 0x9c, 0xff, 0xff, 0x00, 0xa2,
  0xff, 0xec, 0x05, 0x27, 0x07, 0xb6, 0x06, 0x26, 0x00, 0x9a, 0x00, 0x00,
  0x00, 0x07, 0x02, 0x64, 0x00, 0x9e, 0x01, 0x94, 0x00, 0x01, 0x00, 0xa2,
  0xff, 0xec, 0x06, 0x74, 0x05, 0xcd, 0x00, 0x1e, 0x00, 0x00, 0x45, 0x22,
  0x26, 0x02, 0x35, 0x11, 0x21, 0x11, 0x14, 0x16, 0x33, 0x32, 0x36, 0x36,
  0x35, 0x11, 0x21, 0x15, 0x3e, 0x02, 0x37, 0x33, 0x0e, 0x02, 0x27, 0x11,
  0x14, 0x02, 0x06, 0x02, 0xe4, 0xd3, 0xfe, 0x71, 0x01, 0x29, 0x9c, 0x7d,
  0x53, 0x80, 0x49, 0x01, 0x27, 0x2e, 0x38, 0x20, 0x06, 0xc1, 0x02, 0x3c,
  0x8f, 0x80, 0x72, 0xff, 0x14, 0x8d, 0x01, 0x04, 0xb4, 0x03, 0x75, 0xfc,
  0x75, 0xa2, 0x95, 0x41, 0x89, 0x6d, 0x03, 0x8b, 0xac, 0x02, 0x20, 0x5a,
  0x57, 0x84, 0xa4, 0x46, 0x07, 0xfd, 0xc1, 0xaf, 0xfe, 0xff, 0x8b, 0x00,
  0xff, 0xff, 0x00, 0xa2, 0xff, 0xec, 0x06, 0x74, 0x07, 0x42, 0x06, 0x26,
  0x00, 0xa3, 0x00, 0x00, 0x00, 0x07, 0x02, 0x5b, 0x02, 0x6e, 0x01, 0x9c,
  0xff, 0xff, 0x00, 0xa2, 0xfe, 0x74, 0x06, 0x74, 0x05, 0xcd, 0x06, 0x26,
  0x00, 0xa3, 0x00, 0x00, 0x00, 0x07, 0x02, 0x69, 0x02, 0x4f, 0x00, 0x01,
  0xff, 0xff, 0x00, 0xa2, 0xff, 0xec, 0x06, 0x74, 0x07, 0x42, 0x06, 0x26,
  0x00, 0xa3, 0x00, 0x00, 0x00, 0x07, 0x02, 0x5a, 0x01, 0x46, 0x01, 0x9c,
  0xff, 0xff, 0x00, 0xa2, 0xff, 0xec, 0x06, 0x74, 0x07, 0xb6, 0x06, 0x26,
  0x00, 0xa3, 0x00, 0x00, 0x00, 0x07, 0x02, 0x64, 0x00, 0x9e, 0x01, 0x94,
  0xff, 0xff, 0x00, 0xa2, 0xff, 0xec, 0x06, 0x74, 0x07, 0x3f, 0x06, 0x26,
  0x00, 0xa3, 0x00, 0x00, 0x00, 0x07, 0x02, 0x62, 0x01, 0x4e, 0x01, 0x9c,
  0xff, 0xff, 0x00, 0xa2, 0xff, 0xec, 0x05, 0x38, 0x07, 0x42, 0x06, 0x26,
  0x00, 0x9a, 0x00, 0x00, 0x00, 0x07, 0x02, 0x5c, 0x01, 0xc2, 0x01, 0x9c,
  0xff, 0xff, 0x00, 0xa2, 0xff, 0xec, 0x05, 0x27, 0x07, 0x37, 0x06, 0x26,
  0x00, 0x9a, 0x00, 0x00, 0x00, 0x07, 0x02, 0x66, 0x01, 0x70, 0x01, 0x9c,
  0xff, 0xff, 0x00, 0xa2, 0xff, 0xec, 0x05, 0x27, 0x07, 0x0c, 0x06, 0x26,
  0x00, 0x9a, 0x00, 0x00, 0x00, 0x07, 0x02, 0x63, 0x01, 0x63, 0x01, 0x9c,
  0x00, 0x02, 0x00, 0xa2, 0xfe, 0xb1, 0x05, 0x27, 0x05, 0xa6, 0x00, 0x13,
  0x00, 0x28, 0x00, 0x00, 0x41, 0x22, 0x26, 0x35, 0x34, 0x36, 0x37, 0x17,
  0x06, 0x06, 0x15, 0x14, 0x16, 0x33, 0x32, 0x36, 0x37, 0x15, 0x06, 0x06,
  0x03, 0x22, 0x26, 0x02, 0x35, 0x11, 0x21, 0x11, 0x14, 0x16, 0x33, 0x32,
  0x36, 0x36, 0x35, 0x11, 0x21, 0x11, 0x14, 0x02, 0x06, 0x02, 0xeb, 0x65,
  0x74, 0x4b, 0x75, 0xcc, 0x6a, 0x4f, 0x23, 0x25, 0x2e, 0x46, 0x1d, 0x1c,
  0x73, 0x4b, 0xd3, 0xfe, 0x71, 0x01, 0x29, 0x9c, 0x7d, 0x53, 0x80, 0x49,
  0x01, 0x27, 0x72, 0xff, 0xfe, 0xb1, 0x54, 0x50, 0x37, 0x5d, 0x27, 0x06,
  0x26, 0x43, 0x28, 0x20, 0x20, 0x1b, 0x11, 0x85, 0x10, 0x1f, 0x01, 0x3b,
  0x8d, 0x01, 0x04, 0xb4, 0x03, 0x75, 0xfc, 0x75, 0xa2, 0x95, 0x41, 0x89,
  0x6d, 0x03, 0x8b, 0xfc, 0x81, 0xaf, 0xfe, 0xff, 0x8b, 0x00, 0xff, 0xff,
  0x00, 0xa2, 0xff, 0xec, 0x05, 0x27, 0x07, 0xba, 0x06, 0x26, 0x00, 0x9a,
  0x00, 0x00, 0x00, 0x07, 0x02, 0x61, 0x01, 0xe9, 0x01, 0xab, 0xff, 0xff,
  0x00, 0xa2, 0xff, 0xec, 0x05, 0x27, 0x07, 0x3f, 0x06, 0x26, 0x00, 0x9a,
  0x00, 0x00, 0x00, 0x07, 0x02, 0x62, 0x01, 0x4e, 0x01, 0x9c, 0x00, 0x01,
  0x00, 0x26, 0x00, 0x00, 0x05, 0x59, 0x05, 0xa6, 0x00, 0x06, 0x00, 0x00,
  0x61, 0x01, 0x21, 0x01, 0x01, 0x21, 0x01, 0x02, 0x1a, 0xfe, 0x0c, 0x01,
  0x17, 0x01, 0x83, 0x01, 0x81, 0x01, 0x18, 0xfe, 0x0c, 0x05, 0xa6, 0xfb,
  0xad, 0x04, 0x53, 0xfa, 0x5a, 0x00, 0x00, 0x01, 0x00, 0x26, 0x00, 0x00,
  0x07, 0x6b, 0x05, 0xa6, 0x00, 0x0c, 0x00, 0x00, 0x61, 0x01, 0x21, 0x01,
  0x01, 0x33, 0x01, 0x01, 0x21, 0x01, 0x23, 0x01, 0x01, 0x01, 0xd0, 0xfe,
  0x56, 0x01, 0x1e, 0x01, 0x0d, 0x01, 0x0d, 0xd3, 0x01, 0x10, 0x01, 0x0d,
  0x01, 0x1d, 0xfe, 0x55, 0xe9, 0xfe, 0xf0, 0xfe, 0xee, 0x05, 0xa6, 0xfc,
  0x45, 0x03, 0xbb, 0xfc, 0x45, 0x03, 0xbb, 0xfa, 0x5a, 0x03, 0xb1, 0xfc,
  0x4f, 0x00, 0xff, 0xff, 0x00, 0x26, 0x00, 0x00, 0x07, 0x6b, 0x07, 0x42,
  0x06, 0x26, 0x00, 0xb0, 0x00, 0x00, 0x00, 0x07, 0x02, 0x5b, 0x03, 0x50,
  0x01, 0x9c, 0xff, 0xff, 0x00, 0x26, 0x00, 0x00, 0x07, 0x6b, 0x07, 0x22,
  0x06, 0x26, 0x00, 0xb0, 0x00, 0x00, 0x00, 0x07, 0x02, 0x5e, 0x02, 0x4a,
  0x01, 0x9c, 0xff, 0xff, 0x00, 0x26, 0x00, 0x00, 0x07, 0x6b, 0x07, 0x42,
  0x06, 0x26, 0x00, 0xb0, 0x00, 0x00, 0x00, 0x07, 0x02, 0x58, 0x02, 0x4a,
  0x01, 0x9c, 0xff, 0xff, 0x00, 0x26, 0x00, 0x00, 0x07, 0x6b, 0x07, 0x42,
  0x06, 0x26, 0x00, 0xb0, 0x00, 0x00, 0x00, 0x07, 0x02, 0x5a, 0x02, 0x28,
  0x01, 0x9c, 0x00, 0x01, 0x00, 0x37, 0x00, 0x00, 0x05, 0x63, 0x05, 0xa6,
  0x00, 0x0b, 0x00, 0x00, 0x73, 0x01, 0x01, 0x21, 0x01, 0x01, 0x21, 0x01,
  0x01, 0x21, 0x01, 0x01, 0x37, 0x01, 0xe1, 0xfe, 0x2e, 0x01, 0x69, 0x01,
  0x21, 0x01, 0x1e, 0x01, 0x36, 0xfe, 0x42, 0x01, 0xfd, 0xfe, 0x94, 0xfe,
  0xba, 0xfe, 0xc0, 0x02, 0xde, 0x02, 0xc8, 0xfe, 0x2c, 0x01, 0xd4, 0xfd,
  0x5e, 0xfc, 0xfc, 0x02, 0x0a, 0xfd, 0xf6, 0x00, 0x00, 0x01, 0x00, 0x13,
  0x00, 0x00, 0x05, 0x24, 0x05, 0xa6, 0x00, 0x08, 0x00, 0x00, 0x61, 0x11,
  0x01, 0x21, 0x01, 0x01, 0x21, 0x01, 0x11, 0x02, 0x09, 0xfe, 0x0a, 0x01,
  0x3c, 0x01, 0x4d, 0x01, 0x49, 0x01, 0x3f, 0xfe, 0x09, 0x02, 0x61, 0x03,
  0x45, 0xfd, 0xb6, 0x02, 0x4a, 0xfc, 0xba, 0xfd, 0xa0, 0x00, 0xff, 0xff,
  0x00, 0x13, 0x00, 0x00, 0x05, 0x24, 0x07, 0x43, 0x06, 0x26, 0x00, 0xb6,
  0x00, 0x00, 0x00, 0x07, 0x02, 0x5b, 0x02, 0x46, 0x01, 0x9d, 0xff, 0xff,
  0x00, 0x13, 0x00, 0x00, 0x05, 0x24, 0x07, 0x24, 0x06, 0x26, 0x00, 0xb6,
  0x00, 0x00, 0x00, 0x07, 0x02, 0x5e, 0x01, 0x40, 0x01, 0x9d, 0xff, 0xff,
  0x00, 0x13, 0x00, 0x00, 0x05, 0x24, 0x07, 0x43, 0x06, 0x26, 0x00, 0xb6,
  0x00, 0x00, 0x00, 0x07, 0x02, 0x58, 0x01, 0x40, 0x01, 0x9d, 0xff, 0xff,
  0x00, 0x13, 0xfe, 0x72, 0x05, 0x24, 0x05, 0xa6, 0x06, 0x26, 0x00, 0xb6,
  0x00, 0x00, 0x00, 0x07, 0x02, 0x69, 0x02, 0x07, 0x00, 0x00, 0xff, 0xff,
  0x00, 0x13, 0x00, 0x00, 0x05, 0x24, 0x07, 0x43, 0x06, 0x26, 0x00, 0xb6,
  0x00, 0x00, 0x00, 0x07, 0x02, 0x5a, 0x01, 0x1e, 0x01, 0x9d, 0xff, 0xff,
  0x00, 0x13, 0x00, 0x00, 0x05, 0x24, 0x07, 0xb7, 0x06, 0x26, 0x00, 0xb6,
  0x00, 0x00, 0x00, 0x07, 0x02, 0x64, 0x00, 0x76, 0x01, 0x95, 0xff, 0xff,
  0x00, 0x13, 0x00, 0x00, 0x05, 0x24, 0x07, 0x40, 0x06, 0x26, 0x00, 0xb6,
  0x00, 0x00, 0x00, 0x07, 0x02, 0x62, 0x01, 0x27, 0x01, 0x9d, 0x00, 0x01,
  0x00, 0x6c, 0x00, 0x00, 0x04, 0xea, 0x05, 0xa6, 0x00, 0x09, 0x00, 0x00,
  0x73, 0x35, 0x01, 0x21, 0x35, 0x21, 0x15, 0x01, 0x21, 0x15, 0x6c, 0x02,
  0xde, 0xfd, 0x53, 0x04, 0x4d, 0xfd, 0x18, 0x02, 0xe0, 0x8e, 0x04, 0x24,
  0xf4, 0x88, 0xfb, 0xd9, 0xf7, 0x00, 0xff, 0xff, 0x00, 0x6c, 0x00, 0x00,
  0x04, 0xea, 0x07, 0x42, 0x06, 0x26, 0x00, 0xbe, 0x00, 0x00, 0x00, 0x07,
  0x02, 0x5b, 0x02, 0x5a, 0x01, 0x9c, 0xff, 0xff, 0x00, 0x6c, 0x00, 0x00,
  0x04, 0xea, 0x07, 0x24, 0x06, 0x26, 0x00, 0xbe, 0x00, 0x00, 0x00, 0x07,
  0x02, 0x5f, 0x01, 0x54, 0x01, 0x9c, 0xff, 0xff, 0x00, 0x6c, 0x00, 0x00,
  0x04, 0xea, 0x07, 0x42, 0x06, 0x26, 0x00, 0xbe, 0x00, 0x00, 0x00, 0x07,
  0x02, 0x59, 0x02, 0x3c, 0x01, 0x9c, 0xff, 0xff, 0x00, 0x6c, 0xfe, 0x72,
  0x04, 0xea, 0x05, 0xa6, 0x06, 0x26, 0x00, 0xbe, 0x00, 0x00, 0x00, 0x07,
  0x02, 0x69, 0x02, 0x22, 0x00, 0x00, 0x00, 0x02, 0x00, 0x53, 0xff, 0xec,
  0x03, 0xfd, 0x04, 0x1e, 0x00, 0x1d, 0x00, 0x2b, 0x00, 0x00, 0x45, 0x22,
  0x26, 0x26, 0x35, 0x34, 0x36, 0x25, 0x37, 0x35, 0x34, 0x26, 0x07, 0x06,
  0x06, 0x07, 0x23, 0x3e, 0x02, 0x33, 0x32, 0x16, 0x16, 0x15, 0x11, 0x23,
  0x27, 0x06, 0x06, 0x27, 0x32, 0x3e, 0x02, 0x37, 0x35, 0x07, 0x0e, 0x02,
  0x15, 0x14, 0x16, 0x01, 0xb0, 0x62, 0x9f, 0x5c, 0xfe, 0x01, 0x12, 0x82,
  0x53, 0x58, 0x3f, 0x73, 0x16, 0xf3, 0x06, 0x77, 0xca, 0x82, 0x9e, 0xc0,
  0x57, 0xf4, 0x18, 0x35, 0x9f, 0x0a, 0x27, 0x4b, 0x3c, 0x23, 0x01, 0x69,
  0x49, 0x7e, 0x4d, 0x63, 0x14, 0x4a, 0x8d, 0x65, 0xaa, 0xb1, 0x03, 0x02,
  0x3e, 0x47, 0x4d, 0x01, 0x01, 0x3a, 0x48, 0x70, 0x91, 0x47, 0x4f, 0x93,
  0x65, 0xfd, 0x29, 0xb2, 0x70, 0x56, 0xc0, 0x1d, 0x31, 0x3e, 0x21, 0x99,
  0x02, 0x01, 0x21, 0x4a, 0x3f, 0x48, 0x51, 0x00, 0xff, 0xff, 0x00, 0x53,
  0xff, 0xec, 0x03, 0xfd, 0x05, 0xa6, 0x06, 0x26, 0x00, 0xc3, 0x00, 0x00,
  0x00, 0x07, 0x02, 0x5b, 0x01, 0xd3, 0x00, 0x00, 0xff, 0xff, 0x00, 0x53,
  0xff, 0xec, 0x03, 0xfd, 0x05, 0x81, 0x06, 0x26, 0x00, 0xc3, 0x00, 0x00,
  0x00, 0x07, 0x02, 0x60, 0x00, 0xcd, 0xff, 0xff, 0xff, 0xff, 0x00, 0x53,
  0xff, 0xec, 0x03, 0xfd, 0x06, 0xc1, 0x06, 0x26, 0x00, 0xc3, 0x00, 0x00,
  0x00, 0x07, 0x02, 0x7c, 0x00, 0xcf, 0xff, 0xff, 0xff, 0xff, 0x00, 0x53,
  0xfe, 0x72, 0x03, 0xfd, 0x05, 0x81, 0x06, 0x26, 0x00, 0xc3, 0x00, 0x00,
  0x00, 0x27, 0x02, 0x69, 0x01, 0xb1, 0x00, 0x00, 0x00, 0x07, 0x02, 0x60,
  0x00, 0xcd, 0xff, 0xff, 0xff, 0xff, 0x00, 0x53, 0xff, 0xec, 0x03, 0xfd,
  0x06, 0xc0, 0x06, 0x26, 0x00, 0xc3, 0x00, 0x00, 0x00, 0x07, 0x02, 0x7d,
  0x00, 0xcf, 0xff, 0xff, 0xff, 0xff, 0x00, 0x53, 0xff, 0xec, 0x03, 0xfd,
  0x06, 0xfd, 0x06, 0x26, 0x00, 0xc3, 0x00, 0x00, 0x00, 0x07, 0x02, 0x7e,
  0x00, 0xcf, 0xff, 0xff, 0xff, 0xff, 0x00, 0x53, 0xff, 0xec, 0x03, 0xfd,
  0x06, 0xdd, 0x06, 0x26, 0x00, 0xc3, 0x00, 0x00, 0x00, 0x07, 0x02, 0x7f,
  0x00, 0xcf, 0xff, 0xff, 0xff, 0xff, 0x00, 0x53, 0xff, 0xec, 0x03, 0xfd,
  0x05, 0x86, 0x06, 0x26, 0x00, 0xc3, 0x00, 0x00, 0x00, 0x07, 0x02, 0x5e,
  0x00, 0xcd, 0x00, 0x00, 0xff, 0xff, 0x00, 0x53, 0xff, 0xec, 0x04, 0xa6,
  0x06, 0x7c, 0x06, 0x26, 0x00, 0xc3, 0x00, 0x00, 0x00, 0x07, 0x02, 0x80,
  0x00, 0xcd, 0x00, 0x00, 0xff, 0xff, 0x00, 0x53, 0xfe, 0x72, 0x03, 0xfd,
  0x05, 0x86, 0x06, 0x26, 0x00, 0xc3, 0x00, 0x00, 0x00, 0x27, 0x02, 0x69,
  0x01, 0xb1, 0x00, 0x00, 0x00, 0x07, 0x02, 0x5e, 0x00, 0xcd, 0x00, 0x00,
  0xff, 0xff, 0x00, 0x53, 0xff, 0xec, 0x04, 0x21, 0x06, 0x7b, 0x06, 0x26,
  0x00, 0xc3, 0x00, 0x00, 0x00, 0x07, 0x02, 0x81, 0x00, 0xcd, 0x00, 0x00,
  0xff, 0xff, 0x00, 0x53, 0xff, 0xec, 0x04, 0x08, 0x06, 0xe2, 0x06, 0x26,
  0x00, 0xc3, 0x00, 0x00, 0x00, 0x07, 0x02, 0x82, 0x00, 0xd4, 0x00, 0x00,
  0xff, 0xff, 0x00, 0x53, 0xff, 0xec, 0x03, 0xfd, 0x06, 0xdf, 0x06, 0x26,
  0x00, 0xc3, 0x00, 0x00, 0x00, 0x07, 0x02, 0x83, 0x00, 0xd0, 0x00, 0x00,
  0xff, 0xff, 0xff, 0xf6, 0xff, 0xec, 0x03, 0xfd, 0x05, 0xa6, 0x06, 0x26,
  0x00, 0xc3, 0x00, 0x00, 0x00, 0x06, 0x02, 0x65, 0xec, 0x00, 0xff, 0xff,
  0x00, 0x53, 0xff, 0xec, 0x03, 0xfd, 0x05, 0xa6, 0x06, 0x26, 0x00, 0xc3,
  0x00, 0x00, 0x00, 0x07, 0x02, 0x58, 0x00, 0xce, 0x00, 0x00, 0xff, 0xff,
  0x00, 0x53, 0xfe, 0x72, 0x03, 0xfd, 0x04, 0x1e, 0x06, 0x26, 0x00, 0xc3,
  0x00, 0x00, 0x00, 0x07, 0x02, 0x69, 0x01, 0xb1, 0x00, 0x00, 0xff, 0xff,
  0x00, 0x53, 0xff, 0xec, 0x03, 0xfd, 0x05, 0xa6, 0x06, 0x26, 0x00, 0xc3,
  0x00, 0x00, 0x00, 0x07, 0x02, 0x5a, 0x00, 0xac, 0x00, 0x00, 0xff, 0xff,
  0x00, 0x53, 0xff, 0xec, 0x03, 0xfd, 0x06, 0x1a, 0x06, 0x26, 0x00, 0xc3,
  0x00, 0x00, 0x00, 0x06, 0x02, 0x64, 0x03, 0xf8, 0xff, 0xff, 0x00, 0x53,
  0xff, 0xec, 0x03, 0xfd, 0x05, 0x9b, 0x06, 0x26, 0x00, 0xc3, 0x00, 0x00,
  0x00, 0x07, 0x02, 0x66, 0x00, 0xd6, 0x00, 0x00, 0xff, 0xff, 0x00, 0x53,
  0xff, 0xec, 0x03, 0xfd, 0x05, 0x70, 0x06, 0x26, 0x00, 0xc3, 0x00, 0x00,
  0x00, 0x07, 0x02, 0x63, 0x00, 0xc8, 0x00, 0x00, 0xff, 0xff, 0x00, 0x53,
  0xfe, 0xb1, 0x04, 0x14, 0x04, 0x1e, 0x06, 0x26, 0x00, 0xc3, 0x00, 0x00,
  0x00, 0x07, 0x02, 0x6c, 0x02, 0x45, 0x00, 0x01, 0xff, 0xff, 0x00, 0x53,
  0xff, 0xec, 0x03, 0xfd, 0x06, 0x1e, 0x06, 0x26, 0x00, 0xc3, 0x00, 0x00,
  0x00, 0x07, 0x02, 0x61, 0x01, 0x4f, 0x00, 0x0f, 0x00, 0x04, 0x00, 0x53,
  0xff, 0xec, 0x03, 0xfd, 0x05, 0xd8, 0x00, 0x0e, 0x00, 0x1a, 0x00, 0x38,
  0x00, 0x46, 0x00, 0x00, 0x41, 0x07, 0x16, 0x16, 0x15, 0x14, 0x06, 0x23,
  0x22, 0x26, 0x35, 0x34, 0x36, 0x37, 0x37, 0x13, 0x32, 0x36, 0x35, 0x34,
  0x26, 0x23, 0x22, 0x06, 0x15, 0x14, 0x16, 0x03, 0x22, 0x26, 0x26, 0x35,
  0x34, 0x36, 0x25, 0x37, 0x35, 0x34, 0x26, 0x07, 0x06, 0x06, 0x07, 0x23,
  0x3e, 0x02, 0x33, 0x32, 0x16, 0x16, 0x15, 0x11, 0x23, 0x27, 0x06, 0x06,
  0x27, 0x32, 0x3e, 0x02, 0x37, 0x35, 0x07, 0x0e, 0x02, 0x15, 0x14, 0x16,
  0x02, 0xd3, 0x3b, 0x37, 0x45, 0x7a, 0x57, 0x57, 0x79, 0x56, 0x40, 0x20,
  0x18, 0x2a, 0x3a, 0x3a, 0x2a, 0x27, 0x3e, 0x3e, 0x6a, 0x62, 0x9f, 0x5c,
  0xfe, 0x01, 0x12, 0x82, 0x53, 0x58, 0x3f, 0x73, 0x16, 0xf3, 0x06, 0x77,
  0xca, 0x82, 0x9e, 0xc0, 0x57, 0xf4, 0x18, 0x35, 0x9f, 0x0a, 0x27, 0x4b,
  0x3c, 0x23, 0x01, 0x69, 0x49, 0x7e, 0x4d, 0x63, 0x05, 0xd8, 0x8e, 0x16,
  0x60, 0x40, 0x58, 0x6f, 0x72, 0x59, 0x46, 0x64, 0x10, 0x86, 0xfe, 0x54,
  0x3e, 0x28, 0x2b, 0x38, 0x38, 0x2b, 0x28, 0x3e, 0xfb, 0xc0, 0x4a, 0x8d,
  0x65, 0xaa, 0xb1, 0x03, 0x02, 0x3e, 0x47, 0x4d, 0x01, 0x01, 0x3a, 0x48,
  0x70, 0x91, 0x47, 0x4f, 0x93, 0x65, 0xfd, 0x29, 0xb2, 0x70, 0x56, 0xc0,
  0x1d, 0x31, 0x3e, 0x21, 0x99, 0x02, 0x01, 0x21, 0x4a, 0x3f, 0x48, 0x51,
  0xff, 0xff, 0x00, 0x53, 0xff, 0xec, 0x03, 0xfd, 0x05, 0xa3, 0x06, 0x26,
  0x00, 0xc3, 0x00, 0x00, 0x00, 0x07, 0x02, 0x62, 0x00, 0xb4, 0x00, 0x00,
  0x00, 0x03, 0x00, 0x53, 0xff, 0xec, 0x06, 0xcd, 0x04, 0x1e, 0x00, 0x32,
  0x00, 0x3f, 0x00, 0x48, 0x00, 0x00, 0x45, 0x22, 0x26, 0x26, 0x35, 0x34,
  0x36, 0x25, 0x37, 0x35, 0x34, 0x26, 0x07, 0x06, 0x06, 0x07, 0x23, 0x3e,
  0x02, 0x33, 0x32, 0x16, 0x17, 0x36, 0x36, 0x33, 0x32, 0x16, 0x16, 0x15,
  0x15, 0x21, 0x06, 0x16, 0x16, 0x33, 0x32, 0x36, 0x37, 0x21, 0x0e, 0x02,
  0x23, 0x22, 0x26, 0x27, 0x0e, 0x02, 0x27, 0x32, 0x36, 0x36, 0x37, 0x35,
  0x07, 0x0e, 0x02, 0x15, 0x14, 0x16, 0x01, 0x21, 0x34, 0x26, 0x26, 0x23,
  0x22, 0x06, 0x06, 0x01, 0xb0, 0x62, 0x9f, 0x5c, 0xff, 0x01, 0x12, 0x82,
  0x5a, 0x52, 0x3f, 0x73, 0x16, 0xf3, 0x06, 0x77, 0xcb, 0x81, 0x81, 0xb2,
  0x31, 0x3a, 0xa1, 0x64, 0x9e, 0xd7, 0x6d, 0xfd, 0x4a, 0x01, 0x34, 0x63,
  0x46, 0x4b, 0x71, 0x16, 0x01, 0x07, 0x11, 0x8d, 0xc8, 0x6c, 0x8f, 0xdd,
  0x42, 0x1a, 0x6e, 0xa6, 0x0b, 0x3e, 0x5d, 0x35, 0x01, 0x68, 0x49, 0x7d,
  0x4e, 0x63, 0x02, 0x4b, 0x01, 0xa6, 0x2e, 0x5d, 0x46, 0x44, 0x5f, 0x32,
  0x14, 0x4a, 0x8d, 0x65, 0xaa, 0xb1, 0x03, 0x02, 0x3e, 0x49, 0x4b, 0x01,
  0x01, 0x3c, 0x46, 0x6b, 0x92, 0x4b, 0x42, 0x3c, 0x3c, 0x42, 0x85, 0xed,
  0x9b, 0x4f, 0x4f, 0x75, 0x3f, 0x40, 0x49, 0x6e, 0x9c, 0x52, 0x72, 0x68,
  0x44, 0x62, 0x34, 0xc0, 0x39, 0x57, 0x2c, 0x8a, 0x02, 0x01, 0x21, 0x4a,
  0x3f, 0x48, 0x51, 0x01, 0xc4, 0x3e, 0x68, 0x3c, 0x41, 0x68, 0xff, 0xff,
  0x00, 0x53, 0xff, 0xec, 0x06, 0xcd, 0x05, 0xa6, 0x06, 0x26, 0x00, 0xdc,
  0x00, 0x00, 0x00, 0x07, 0x02, 0x5b, 0x02, 0xef, 0x00, 0x00, 0x00, 0x02,
  0x00, 0x7d, 0xff, 0xec, 0x04, 0x75, 0x05, 0xce, 0x00, 0x15, 0x00, 0x22,
  0x00, 0x00, 0x45, 0x22, 0x2e, 0x02, 0x27, 0x07, 0x23, 0x11, 0x21, 0x11,
  0x3e, 0x03, 0x33, 0x32, 0x12, 0x15, 0x14, 0x06, 0x06, 0x27, 0x32, 0x36,
  0x35, 0x34, 0x26, 0x23, 0x22, 0x06, 0x06, 0x07, 0x14, 0x16, 0x02, 0xbd,
  0x4d, 0x70, 0x4e, 0x32, 0x0e, 0x21, 0xd4, 0x01, 0x25, 0x13, 0x3c, 0x50,
  0x61, 0x37, 0xc1, 0xdb, 0x64, 0xc4, 0xd0, 0x5e, 0x7d, 0x77, 0x66, 0x49,
  0x60, 0x2f, 0x01, 0x6d, 0x14, 0x28, 0x43, 0x52, 0x2b, 0xd4, 0x05, 0xce,
  0xfd, 0xb0, 0x21, 0x3a, 0x2c, 0x19, 0xfe, 0xea, 0xfd, 0xa4, 0xf4, 0x87,
  0xd2, 0x9b, 0xb6, 0xa1, 0x9a, 0x45, 0x8c, 0x6a, 0xb7, 0x9a, 0x00, 0x01,
  0x00, 0x4c, 0xff, 0xec, 0x03, 0xf3, 0x04, 0x1e, 0x00, 0x1f, 0x00, 0x00,
  0x45, 0x22, 0x26, 0x26, 0x35, 0x34, 0x36, 0x36, 0x33, 0x32, 0x16, 0x16,
  0x17, 0x23, 0x2e, 0x02, 0x23, 0x22, 0x06, 0x15, 0x14, 0x16, 0x33, 0x32,
  0x36, 0x36, 0x37, 0x33, 0x0e, 0x02, 0x02, 0x3f, 0x90, 0xe2, 0x81, 0x7c,
  0xe1, 0x96, 0x82, 0xbd, 0x6d, 0x08, 0xf3, 0x07, 0x2c, 0x50, 0x3c, 0x66,
  0x7f, 0x7c, 0x6f, 0x3b, 0x4f, 0x2c, 0x06, 0xed, 0x07, 0x6e, 0xbd, 0x14,
  0x80, 0xef, 0xa6, 0xa0, 0xf4, 0x89, 0x6a, 0xb4, 0x6f, 0x29, 0x51, 0x35,
  0x9d, 0xa0, 0x97, 0xb1, 0x3a, 0x51, 0x23, 0x6b, 0xad, 0x65, 0xff, 0xff,
  0x00, 0x4c, 0xff, 0xec, 0x03, 0xf3, 0x05, 0xa6, 0x06, 0x26, 0x00, 0xdf,
  0x00, 0x00, 0x00, 0x07, 0x02, 0x5b, 0x01, 0xc7, 0x00, 0x00, 0xff, 0xff,
  0x00, 0x4c, 0xff, 0xec, 0x03, 0xf3, 0x05, 0x88, 0x06, 0x26, 0x00, 0xdf,
  0x00, 0x00, 0x00, 0x07, 0x02, 0x5f, 0x00, 0xc1, 0x00, 0x00, 0x00, 0x02,
  0x00, 0x4c, 0xfe, 0x57, 0x03, 0xf3, 0x04, 0x1e, 0x00, 0x1a, 0x00, 0x3a,
  0x00, 0x00, 0x41, 0x22, 0x26, 0x27, 0x37, 0x16, 0x16, 0x33, 0x32, 0x36,
  0x35, 0x34, 0x26, 0x27, 0x22, 0x26, 0x37, 0x37, 0x33, 0x07, 0x1e, 0x02,
  0x15, 0x14, 0x06, 0x06, 0x03, 0x22, 0x26, 0x26, 0x35, 0x34, 0x36, 0x36,
  0x33, 0x32, 0x16, 0x16, 0x17, 0x23, 0x2e, 0x02, 0x23, 0x22, 0x06, 0x15,
  0x14, 0x16, 0x33, 0x32, 0x36, 0x36, 0x37, 0x33, 0x0e, 0x02, 0x02, 0x35,
  0x3e, 0x75, 0x33, 0x28, 0x1f, 0x50, 0x2b, 0x30, 0x34, 0x4c, 0x5d, 0x0d,
  0x09, 0x05, 0x4a, 0x81, 0x2c, 0x4b, 0x59, 0x26, 0x42, 0x6d, 0x36, 0x90,
  0xe2, 0x81, 0x7c, 0xe1, 0x96, 0x82, 0xbd, 0x6d, 0x08, 0xf3, 0x07, 0x2c,
  0x50, 0x3c, 0x66, 0x7f, 0x7c, 0x6f, 0x3b, 0x4f, 0x2c, 0x06, 0xed, 0x07,
  0x6e, 0xbd, 0xfe, 0x57, 0x18, 0x1e, 0x62, 0x13, 0x1e, 0x21, 0x1d, 0x27,
  0x2a, 0x01, 0x07, 0x0c, 0xa9, 0x75, 0x02, 0x30, 0x47, 0x23, 0x33, 0x49,
  0x26, 0x01, 0x95, 0x80, 0xef, 0xa6, 0xa0, 0xf4, 0x89, 0x6a, 0xb4, 0x6f,
  0x29, 0x51, 0x35, 0x9d, 0xa0, 0x97, 0xb1, 0x3a, 0x51, 0x23, 0x6b, 0xad,
  0x65, 0x00, 0xff, 0xff, 0x00, 0x4c, 0xff, 0xec, 0x03, 0xf3, 0x05, 0x86,
  0x06, 0x26, 0x00, 0xdf, 0x00, 0x00, 0x00, 0x07, 0x02, 0x5e, 0x00, 0xc1,
  0x00, 0x00, 0xff, 0xff, 0x00, 0x4c, 0xff, 0xec, 0x03, 0xf3, 0x05, 0xa6,
  0x06, 0x26, 0x00, 0xdf, 0x00, 0x00, 0x00, 0x07, 0x02, 0x59, 0x01, 0xa8,
  0x00, 0x00, 0x00, 0x02, 0x00, 0x4c, 0xff, 0xec, 0x04, 0x44, 0x05, 0xce,
  0x00, 0x15, 0x00, 0x22, 0x00, 0x00, 0x45, 0x22, 0x02, 0x11, 0x34, 0x36,
  0x36, 0x33, 0x32, 0x1e, 0x02, 0x17, 0x11, 0x21, 0x11, 0x23, 0x27, 0x0e,
  0x03, 0x27, 0x32, 0x36, 0x35, 0x2e, 0x02, 0x23, 0x22, 0x06, 0x15, 0x14,
  0x16, 0x02, 0x04, 0xd0, 0xe8, 0x5e, 0xb8, 0x85, 0x38, 0x61, 0x50, 0x3c,
  0x13, 0x01, 0x25, 0xd4, 0x21, 0x0f, 0x31, 0x4e, 0x71, 0x0c, 0x6e, 0x6d,
  0x01, 0x30, 0x5f, 0x49, 0x5f, 0x7e, 0x76, 0x14, 0x01, 0x1f, 0x01, 0x00,
  0xa2, 0xee, 0x83, 0x19, 0x2c, 0x3a, 0x21, 0x02, 0x50, 0xfa, 0x32, 0xd4,
  0x2b, 0x52, 0x43, 0x28, 0xd2, 0x9a, 0xb7, 0x6a, 0x8c, 0x45, 0x91, 0xaa,
  0xad, 0xa4, 0x00, 0x03, 0x00, 0x4c, 0xff, 0xec, 0x04, 0x33, 0x05, 0xc9,
  0x00, 0x1b, 0x00, 0x29, 0x00, 0x2d, 0x00, 0x00, 0x45, 0x22, 0x26, 0x26,
  0x35, 0x34, 0x3e, 0x02, 0x33, 0x32, 0x16, 0x17, 0x27, 0x2e, 0x03, 0x27,
  0x33, 0x1e, 0x02, 0x12, 0x15, 0x14, 0x06, 0x06, 0x27, 0x32, 0x36, 0x36,
  0x35, 0x34, 0x26, 0x23, 0x22, 0x06, 0x15, 0x14, 0x16, 0x16, 0x03, 0x27,
  0x25, 0x17, 0x02, 0x3a, 0x96, 0xde, 0x7a, 0x4c, 0x84, 0xac, 0x5f, 0x9a,
  0xbe, 0x12, 0xb9, 0x09, 0x55, 0x77, 0x7e, 0x34, 0xeb, 0x53, 0xb0, 0x96,
  0x5e, 0x75, 0xe1, 0x9b, 0x4b, 0x5e, 0x2c, 0x69, 0x6b, 0x70, 0x6a, 0x2b,
  0x5f, 0xae, 0x26, 0x02, 0xb3, 0x27, 0x14, 0x89, 0xeb, 0x93, 0x81, 0xc5,
  0x86, 0x44, 0xa4, 0x9b, 0x94, 0x65, 0xb9, 0xa1, 0x82, 0x30, 0x3a, 0xb2,
  0xed, 0xfe, 0xdd, 0xa9, 0xb0, 0xff, 0x89, 0xd9, 0x53, 0x8f, 0x58, 0x8e,
  0xa6, 0xac, 0x88, 0x56, 0x8f, 0x55, 0x03, 0x8b, 0x7f, 0xcd, 0x7f, 0x00,
  0xff, 0xff, 0x00, 0x4c, 0xff, 0xec, 0x05, 0x7e, 0x05, 0xce, 0x04, 0x26,
  0x00, 0xe5, 0x00, 0x00, 0x00, 0x07, 0x02, 0x5d, 0x04, 0x44, 0x00, 0x28,
  0x00, 0x03, 0x00, 0x4c, 0xff, 0xec, 0x04, 0xc2, 0x05, 0xce, 0x00, 0x03,
  0x00, 0x19, 0x00, 0x26, 0x00, 0x00, 0x41, 0x35, 0x21, 0x15, 0x01, 0x22,
  0x02, 0x11, 0x34, 0x36, 0x36, 0x33, 0x32, 0x1e, 0x02, 0x17, 0x11, 0x21,
  0x11, 0x23, 0x27, 0x0e, 0x03, 0x27, 0x32, 0x36, 0x35, 0x2e, 0x02, 0x23,
  0x22, 0x06, 0x15, 0x14, 0x16, 0x02, 0x21, 0x02, 0xa1, 0xfd, 0x42, 0xd0,
  0xe8, 0x5e, 0xb8, 0x85, 0x38, 0x61, 0x50, 0x3c, 0x13, 0x01, 0x25, 0xd4,
  0x21, 0x0f, 0x31, 0x4e, 0x71, 0x0c, 0x6e, 0x6d, 0x01, 0x30, 0x5f, 0x49,
  0x5f, 0x7e, 0x76, 0x04, 0x88, 0xa4, 0xa4, 0xfb, 0x64, 0x01, 0x1f, 0x01,
  0x00, 0xa2, 0xee, 0x83, 0x19, 0x2c, 0x3a, 0x21, 0x02, 0x50, 0xfa, 0x32,
  0xd4, 0x2b, 0x52, 0x43, 0x28, 0xd2, 0x9a, 0xb7, 0x6a, 0x8c, 0x45, 0x91,
  0xaa, 0xad, 0xa4, 0x00, 0xff, 0xff, 0x00, 0x4c, 0xfe, 0x72, 0x04, 0x44,
  0x05, 0xce, 0x06, 0x26, 0x00, 0xe5, 0x00, 0x00, 0x00, 0x07, 0x02, 0x69,
  0x01, 0x8c, 0x00, 0x00, 0x00, 0x02, 0x00, 0x53, 0xff, 0xec, 0x04, 0x2b,
  0x04, 0x1e, 0x00, 0x19, 0x00, 0x22, 0x00, 0x00, 0x45, 0x22, 0x26, 0x26,
  0x35, 0x34, 0x36, 0x36, 0x33, 0x32, 0x16, 0x16, 0x15, 0x15, 0x21, 0x14,
  0x16, 0x16, 0x33, 0x32, 0x36, 0x37, 0x21, 0x0e, 0x02, 0x01, 0x21, 0x34,
  0x26, 0x26, 0x23, 0x22, 0x06, 0x06, 0x02, 0x58, 0x9a, 0xe9, 0x82, 0x77,
  0xe0, 0x9f, 0x9e, 0xd6, 0x6e, 0xfd, 0x49, 0x34, 0x63, 0x46, 0x4b, 0x70,
  0x17, 0x01, 0x07, 0x12, 0x8c, 0xc8, 0xfe, 0xb0, 0x01, 0xa6, 0x2f, 0x5d,
  0x46, 0x43, 0x5f, 0x33, 0x14, 0x81, 0xec, 0xa0, 0x9b, 0xf9, 0x91, 0x85,
  0xed, 0x9b, 0x4f, 0x4f, 0x75, 0x3f, 0x40, 0x49, 0x6e, 0x9c, 0x52, 0x02,
  0x84, 0x3e, 0x68, 0x3c, 0x41, 0x68, 0xff, 0xff, 0x00, 0x53, 0xff, 0xec,
  0x04, 0x2b, 0x05, 0xa6, 0x06, 0x26, 0x00, 0xea, 0x00, 0x00, 0x00, 0x07,
  0x02, 0x5b, 0x01, 0xd3, 0x00, 0x00, 0xff, 0xff, 0x00, 0x53, 0xff, 0xec,
  0x04, 0x2b, 0x05, 0x81, 0x06, 0x26, 0x00, 0xea, 0x00, 0x00, 0x00, 0x07,
  0x02, 0x60, 0x00, 0xcd, 0xff, 0xff, 0xff, 0xff, 0x00, 0x53, 0xff, 0xec,
  0x04, 0x2b, 0x05, 0x88, 0x06, 0x26, 0x00, 0xea, 0x00, 0x00, 0x00, 0x07,
  0x02, 0x5f, 0x00, 0xc2, 0x00, 0x00, 0xff, 0xff, 0x00, 0x53, 0xff, 0xec,
  0x04, 0x2b, 0x05, 0x86, 0x06, 0x26, 0x00, 0xea, 0x00, 0x00, 0x00, 0x07,
  0x02, 0x5e, 0x00, 0xcd, 0x00, 0x00, 0xff, 0xff, 0x00, 0x53, 0xff, 0xec,
  0x04, 0xa5, 0x06, 0x7c, 0x06, 0x26, 0x00, 0xea, 0x00, 0x00, 0x00, 0x07,
  0x02, 0x80, 0x00, 0xcd, 0x00, 0x00, 0xff, 0xff, 0x00, 0x53, 0xfe, 0x72,
  0x04, 0x2b, 0x05, 0x86, 0x06, 0x26, 0x00, 0xea, 0x00, 0x00, 0x00, 0x27,
  0x02, 0x69, 0x01, 0xb9, 0x00, 0x00, 0x00, 0x07, 0x02, 0x5e, 0x00, 0xcd,
  0x00, 0x00, 0xff, 0xff, 0x00, 0x53, 0xff, 0xec, 0x04, 0x2b, 0x06, 0x7b,
  0x06, 0x26, 0x00, 0xea, 0x00, 0x00, 0x00, 0x07, 0x02, 0x81, 0x00, 0xcd,
  0x00, 0x00, 0xff, 0xff, 0x00, 0x53, 0xff, 0xec, 0x04, 0x2b, 0x06, 0xe2,
  0x06, 0x26, 0x00, 0xea, 0x00, 0x00, 0x00, 0x07, 0x02, 0x82, 0x00, 0xd4,
  0x00, 0x00, 0xff, 0xff, 0x00, 0x53, 0xff, 0xec, 0x04, 0x2b, 0x06, 0xdf,
  0x06, 0x26, 0x00, 0xea, 0x00, 0x00, 0x00, 0x07, 0x02, 0x83, 0x00, 0xd0,
  0x00, 0x00, 0xff, 0xff, 0xff, 0xf6, 0xff, 0xec, 0x04, 0x2b, 0x05, 0xa6,
  0x06, 0x26, 0x00, 0xea, 0x00, 0x00, 0x00, 0x06, 0x02, 0x65, 0xec, 0x00,
  0xff, 0xff, 0x00, 0x53, 0xff, 0xec, 0x04, 0x2b, 0x05, 0xa6, 0x06, 0x26,
  0x00, 0xea, 0x00, 0x00, 0x00, 0x07, 0x02, 0x58, 0x00, 0xcd, 0x00, 0x00,
  0xff, 0xff, 0x00, 0x53, 0xff, 0xec, 0x04, 0x2b, 0x05, 0xa6, 0x06, 0x26,
  0x00, 0xea, 0x00, 0x00, 0x00, 0x07, 0x02, 0x59, 0x01, 0xb4, 0x00, 0x00,
  0xff, 0xff, 0x00, 0x53, 0xfe, 0x72, 0x04, 0x2b, 0x04, 0x1e, 0x06, 0x26,
  0x00, 0xea, 0x00, 0x00, 0x00, 0x07, 0x02, 0x69, 0x01, 0xb9, 0x00, 0x00,
  0xff, 0xff, 0x00, 0x53, 0xff, 0xec, 0x04, 0x2b, 0x05, 0xa6, 0x06, 0x26,
  0x00, 0xea, 0x00, 0x00, 0x00, 0x07, 0x02, 0x5a, 0x00, 0xab, 0x00, 0x00,
  0xff, 0xff, 0x00, 0x53, 0xff, 0xec, 0x04, 0x2b, 0x06, 0x1a, 0x06, 0x26,
  0x00, 0xea, 0x00, 0x00, 0x00, 0x06, 0x02, 0x64, 0x03, 0xf8, 0xff, 0xff,
  0x00, 0x53, 0xff, 0xec, 0x04, 0x2b, 0x05, 0x9b, 0x06, 0x26, 0x00, 0xea,
  0x00, 0x00, 0x00, 0x07, 0x02, 0x66, 0x00, 0xd5, 0x00, 0x00, 0xff, 0xff,
  0x00, 0x53, 0xff, 0xec, 0x04, 0x2b, 0x05, 0x70, 0x06, 0x26, 0x00, 0xea,
  0x00, 0x00, 0x00, 0x07, 0x02, 0x63, 0x00, 0xc8, 0x00, 0x00, 0x00, 0x02,
  0x00, 0x53, 0xfe, 0xc8, 0x04, 0x2b, 0x04, 0x1e, 0x00, 0x2b, 0x00, 0x34,
  0x00, 0x00, 0x41, 0x22, 0x26, 0x35, 0x34, 0x36, 0x37, 0x2e, 0x02, 0x35,
  0x34, 0x36, 0x36, 0x33, 0x32, 0x16, 0x16, 0x15, 0x15, 0x21, 0x14, 0x16,
  0x16, 0x33, 0x32, 0x36, 0x37, 0x21, 0x06, 0x06, 0x07, 0x06, 0x06, 0x15,
  0x14, 0x16, 0x33, 0x32, 0x36, 0x37, 0x15, 0x06, 0x06, 0x01, 0x21, 0x34,
  0x26, 0x26, 0x23, 0x22, 0x06, 0x06, 0x02, 0xa3, 0x65, 0x74, 0x1e, 0x2c,
  0x87, 0xca, 0x70, 0x77, 0xe0, 0x9f, 0x9e, 0xd6, 0x6e, 0xfd, 0x49, 0x34,
  0x63, 0x46, 0x4b, 0x70, 0x17, 0x01, 0x07, 0x11, 0x7a, 0x68, 0x4d, 0x4d,
  0x23, 0x25, 0x2e, 0x46, 0x1d, 0x1c, 0x73, 0xfe, 0x8d, 0x01, 0xa6, 0x2f,
  0x5d, 0x46, 0x43, 0x5f, 0x33, 0xfe, 0xc8, 0x54, 0x51, 0x24, 0x42, 0x1d,
  0x0e, 0x86, 0xe0, 0x95, 0x9b, 0xf9, 0x91, 0x85, 0xed, 0x9b, 0x4f, 0x4f,
  0x75, 0x3f, 0x40, 0x49, 0x67, 0x8e, 0x37, 0x28, 0x3e, 0x26, 0x1f, 0x21,
  0x1b, 0x11, 0x84, 0x11, 0x1f, 0x03, 0xa8, 0x3e, 0x68, 0x3c, 0x41, 0x68,
  0xff, 0xff, 0x00, 0x53, 0xff, 0xec, 0x04, 0x2b, 0x05, 0xa3, 0x06, 0x26,
  0x00, 0xea, 0x00, 0x00, 0x00, 0x07, 0x02, 0x62, 0x00, 0xb3, 0x00, 0x00,
  0x00, 0x02, 0x00, 0x56, 0xff, 0xec, 0x04, 0x2d, 0x04, 0x1e, 0x00, 0x19,
  0x00, 0x22, 0x00, 0x00, 0x45, 0x22, 0x26, 0x26, 0x35, 0x35, 0x21, 0x36,
  0x26, 0x26, 0x23, 0x22, 0x06, 0x07, 0x21, 0x3e, 0x02, 0x33, 0x32, 0x16,
  0x16, 0x15, 0x14, 0x06, 0x06, 0x27, 0x32, 0x36, 0x36, 0x35, 0x21, 0x14,
  0x16, 0x16, 0x02, 0x38, 0x9e, 0xd7, 0x6d, 0x02, 0xb6, 0x01, 0x34, 0x63,
  0x46, 0x4b, 0x71, 0x16, 0xfe, 0xf9, 0x12, 0x8c, 0xc9, 0x6b, 0x9a, 0xe8,
  0x82, 0x76, 0xe0, 0x9f, 0x44, 0x5f, 0x32, 0xfe, 0x5a, 0x2e, 0x5d, 0x14,
  0x86, 0xec, 0x9b, 0x4f, 0x4f, 0x75, 0x3f, 0x40, 0x49, 0x6e, 0x9c, 0x52,
  0x80, 0xec, 0xa1, 0x9b, 0xf9, 0x91, 0xcc, 0x42, 0x67, 0x3a, 0x3f, 0x67,
  0x3d, 0x00, 0x00, 0x01, 0x00, 0x32, 0x00, 0x00, 0x02, 0xfa, 0x05, 0xa6,
  0x00, 0x13, 0x00, 0x00, 0x73, 0x11, 0x23, 0x35, 0x33, 0x35, 0x34, 0x36,
  0x33, 0x33, 0x17, 0x23, 0x22, 0x06, 0x15, 0x15, 0x33, 0x15, 0x23, 0x11,
  0xf1, 0xbf, 0xbf, 0x94, 0x86, 0xed, 0x02, 0x89, 0x37, 0x2a, 0xe0, 0xda,
  0x03, 0x3f, 0xcb, 0x95, 0x7d, 0x8a, 0xc2, 0x37, 0x3f, 0x64, 0xcb, 0xfc,
  0xc1, 0x00, 0x00, 0x03, 0x00, 0x2a, 0xfe, 0xaa, 0x04, 0xbe, 0x04, 0x43,
  0x00, 0x38, 0x00, 0x46, 0x00, 0x52, 0x00, 0x00, 0x41, 0x20, 0x24, 0x35,
  0x34, 0x3e, 0x02, 0x37, 0x2e, 0x02, 0x35, 0x34, 0x36, 0x37, 0x26, 0x26,
  0x35, 0x34, 0x36, 0x36, 0x33, 0x32, 0x16, 0x17, 0x3e, 0x03, 0x37, 0x07,
  0x07, 0x16, 0x16, 0x15, 0x14, 0x06, 0x06, 0x23, 0x22, 0x26, 0x27, 0x06,
  0x06, 0x15, 0x14, 0x16, 0x17, 0x16, 0x16, 0x17, 0x16, 0x16, 0x15, 0x14,
  0x04, 0x27, 0x32, 0x36, 0x35, 0x34, 0x26, 0x27, 0x27, 0x26, 0x06, 0x06,
  0x15, 0x14, 0x16, 0x13, 0x32, 0x36, 0x35, 0x34, 0x26, 0x23, 0x22, 0x06,
  0x15, 0x14, 0x16, 0x02, 0x5d, 0xfe, 0xec, 0xfe, 0xe1, 0x37, 0x4b, 0x3f,
  0x08, 0x10, 0x3d, 0x32, 0x69, 0x6b, 0x66, 0x6b, 0x80, 0xde, 0x8c, 0x6a,
  0x89, 0x3a, 0x17, 0x4b, 0x59, 0x54, 0x21, 0x02, 0xb2, 0x0a, 0x0c, 0x69,
  0xd0, 0x9b, 0x12, 0x40, 0x14, 0x3a, 0x2d, 0x5a, 0x5b, 0x21, 0x72, 0x44,
  0xbe, 0xbb, 0xfe, 0xed, 0xe5, 0x79, 0x69, 0x51, 0x4c, 0xed, 0x2f, 0x46,
  0x27, 0x9e, 0x6f, 0x53, 0x64, 0x64, 0x53, 0x53, 0x66, 0x63, 0xfe, 0xaa,
  0x8c, 0x72, 0x35, 0x48, 0x2b, 0x17, 0x04, 0x09, 0x23, 0x3d, 0x31, 0x37,
  0x5e, 0x12, 0x30, 0xa4, 0x56, 0x66, 0x92, 0x4c, 0x2d, 0x24, 0x09, 0x1d,
  0x23, 0x23, 0x0e, 0xe2, 0x1d, 0x1b, 0x3e, 0x14, 0x5a, 0x9c, 0x60, 0x02,
  0x02, 0x03, 0x18, 0x10, 0x18, 0x0f, 0x06, 0x02, 0x06, 0x05, 0x0d, 0xa1,
  0x7a, 0x91, 0xbd, 0xa3, 0x3c, 0x38, 0x2f, 0x3b, 0x05, 0x10, 0x02, 0x20,
  0x38, 0x20, 0x41, 0x3c, 0x02, 0xd7, 0x5b, 0x4e, 0x51, 0x62, 0x62, 0x51,
  0x4d, 0x5c, 0xff, 0xff, 0x00, 0x2a, 0xfe, 0xaa, 0x04, 0xbe, 0x05, 0x81,
  0x06, 0x26, 0x01, 0x00, 0x00, 0x00, 0x00, 0x07, 0x02, 0x60, 0x00, 0xe3,
  0xff, 0xff, 0xff, 0xff, 0x00, 0x2a, 0xfe, 0xaa, 0x04, 0xbe, 0x05, 0x86,
  0x06, 0x26, 0x01, 0x00, 0x00, 0x00, 0x00, 0x07, 0x02, 0x5e, 0x00, 0xe3,
  0x00, 0x00, 0xff, 0xff, 0x00, 0x2a, 0xfe, 0xaa, 0x04, 0xbe, 0x05, 0xf7,
  0x06, 0x26, 0x01, 0x00, 0x00, 0x00, 0x00, 0x07, 0x02, 0x67, 0x01, 0x73,
  0x00, 0x00, 0xff, 0xff, 0x00, 0x2a, 0xfe, 0xaa, 0x04, 0xbe, 0x05, 0xa6,
  0x06, 0x26, 0x01, 0x00, 0x00, 0x00, 0x00, 0x07, 0x02, 0x59, 0x01, 0xca,
  0x00, 0x00, 0x00, 0x01, 0x00, 0x7d, 0x00, 0x00, 0x04, 0x31, 0x05, 0xce,
  0x00, 0x16, 0x00, 0x00, 0x73, 0x11, 0x21, 0x11, 0x3e, 0x02, 0x33, 0x32,
  0x16, 0x16, 0x15, 0x11, 0x21, 0x11, 0x34, 0x26, 0x23, 0x22, 0x06, 0x06,
  0x15, 0x11, 0x7d, 0x01, 0x22, 0x19, 0x4c, 0x72, 0x52, 0x63, 0xa3, 0x63,
  0xfe, 0xdb, 0x65, 0x48, 0x2f, 0x58, 0x37, 0x05, 0xce, 0xfd, 0xa7, 0x24,
  0x47, 0x30, 0x4d, 0x92, 0x69, 0xfd, 0x38, 0x02, 0x9d, 0x46, 0x4b, 0x22,
  0x45, 0x33, 0xfd, 0x6c, 0x00, 0x02, 0x00, 0x28, 0x00, 0x00, 0x04, 0x65,
  0x05, 0xce, 0x00, 0x03, 0x00, 0x1a, 0x00, 0x00, 0x53, 0x35, 0x21, 0x15,
  0x01, 0x11, 0x21, 0x11, 0x3e, 0x02, 0x33, 0x32, 0x16, 0x16, 0x15, 0x11,
  0x21, 0x11, 0x34, 0x26, 0x23, 0x22, 0x06, 0x06, 0x15, 0x11, 0x28, 0x02,
  0xa1, 0xfd, 0xe8, 0x01, 0x22, 0x19, 0x4c, 0x72, 0x52, 0x63, 0xa4, 0x62,
  0xfe, 0xdc, 0x66, 0x47, 0x30, 0x58, 0x37, 0x04, 0x88, 0xa4, 0xa4, 0xfb,
  0x78, 0x05, 0xce, 0xfd, 0xa7, 0x24, 0x47, 0x30, 0x4d, 0x92, 0x69, 0xfd,
  0x38, 0x02, 0x9d, 0x46, 0x4b, 0x22, 0x45, 0x33, 0xfd, 0x6c, 0xff, 0xff,
  0xff, 0x9f, 0x00, 0x00, 0x04, 0x31, 0x07, 0x22, 0x06, 0x26, 0x01, 0x05,
  0x00, 0x00, 0x00, 0x07, 0x02, 0x5e, 0xff, 0x8e, 0x01, 0x9c, 0xff, 0xff,
  0x00, 0x7d, 0xfe, 0x72, 0x04, 0x31, 0x05, 0xce, 0x06, 0x26, 0x01, 0x05,
  0x00, 0x00, 0x00, 0x07, 0x02, 0x69, 0x01, 0xca, 0x00, 0x00, 0x00, 0x02,
  0x00, 0x7d, 0x00, 0x00, 0x01, 0x99, 0x05, 0xa5, 0x00, 0x03, 0x00, 0x07,
  0x00, 0x00, 0x73, 0x11, 0x21, 0x11, 0x01, 0x11, 0x21, 0x11, 0x80, 0x01,
  0x17, 0xfe, 0xe6, 0x01, 0x1c, 0x04, 0x0a, 0xfb, 0xf6, 0x04, 0x9e, 0x01,
  0x07, 0xfe, 0xf9, 0x00, 0x00, 0x01, 0x00, 0x7d, 0x00, 0x00, 0x01, 0x94,
  0x04, 0x0a, 0x00, 0x03, 0x00, 0x00, 0x73, 0x11, 0x21, 0x11, 0x7d, 0x01,
  0x17, 0x04, 0x0a, 0xfb, 0xf6, 0x00, 0xff, 0xff, 0x00, 0x7d, 0x00, 0x00,
  0x02, 0x41, 0x05, 0xa6, 0x06, 0x26, 0x01, 0x0a, 0x00, 0x00, 0x00, 0x07,
  0x02, 0x7b, 0x00, 0x88, 0x00, 0x00, 0xff, 0xff, 0xff, 0xae, 0x00, 0x00,
  0x02, 0x6b, 0x05, 0x81, 0x06, 0x26, 0x01, 0x0a, 0x00, 0x00, 0x00, 0x06,
  0x02, 0x60, 0x8f, 0xff, 0xff, 0xff, 0xff, 0xa1, 0x00, 0x00, 0x02, 0x74,
  0x05, 0x86, 0x06, 0x26, 0x01, 0x0a, 0x00, 0x00, 0x00, 0x06, 0x02, 0x5e,
  0x90, 0x00, 0xff, 0xff, 0xfe, 0xb8, 0x00, 0x00, 0x02, 0x23, 0x05, 0xa6,
  0x06, 0x26, 0x01, 0x0a, 0x00, 0x00, 0x00, 0x07, 0x02, 0x65, 0xfe, 0xae,
  0x00, 0x00, 0xff, 0xff, 0x00, 0x0d, 0x00, 0x00, 0x02, 0xf3, 0x05, 0xa2,
  0x06, 0x26, 0x01, 0x0a, 0x6f, 0x00, 0x00, 0x06, 0x02, 0x58, 0x03, 0xfc,
  0xff, 0xff, 0x00, 0x7d, 0x00, 0x00, 0x01, 0x98, 0x05, 0xa6, 0x06, 0x26,
  0x01, 0x0a, 0x00, 0x00, 0x00, 0x06, 0x02, 0x59, 0x77, 0x00, 0xff, 0xff,
  0x00, 0x7d, 0xfe, 0x72, 0x01, 0x99, 0x05, 0xa5, 0x06, 0x26, 0x01, 0x09,
  0x00, 0x00, 0x00, 0x06, 0x02, 0x69, 0x76, 0x00, 0xff, 0xff, 0xff, 0xd2,
  0x00, 0x00, 0x01, 0x94, 0x05, 0xa6, 0x06, 0x26, 0x01, 0x0a, 0x00, 0x00,
  0x00, 0x06, 0x02, 0x7a, 0xba, 0x00, 0xff, 0xff, 0x00, 0x7d, 0x00, 0x00,
  0x01, 0xf2, 0x06, 0x1a, 0x06, 0x26, 0x01, 0x0a, 0x00, 0x00, 0x00, 0x07,
  0x02, 0x64, 0xfe, 0xc6, 0xff, 0xf8, 0xff, 0xff, 0xff, 0xf9, 0x00, 0x00,
  0x02, 0xb7, 0x05, 0x9b, 0x06, 0x26, 0x01, 0x0a, 0x4d, 0x00, 0x00, 0x06,
  0x02, 0x66, 0xe5, 0x00, 0xff, 0xff, 0xff, 0xfe, 0x00, 0x00, 0x02, 0xbd,
  0x05, 0x70, 0x06, 0x26, 0x01, 0x0a, 0x51, 0x00, 0x00, 0x06, 0x02, 0x63,
  0xdc, 0x00, 0xff, 0xff, 0x00, 0x0c, 0xfe, 0xaf, 0x01, 0xb8, 0x05, 0xa6,
  0x06, 0x26, 0x01, 0x0a, 0x00, 0x00, 0x00, 0x26, 0x02, 0x59, 0x77, 0x00,
  0x00, 0x06, 0x02, 0x6c, 0xe9, 0xff, 0xff, 0xff, 0xff, 0xfb, 0x00, 0x00,
  0x02, 0xad, 0x05, 0xa3, 0x06, 0x26, 0x01, 0x0a, 0x42, 0x00, 0x00, 0x06,
  0x02, 0x62, 0xb8, 0x00, 0x00, 0x02, 0xff, 0xe0, 0xfe, 0xb4, 0x01, 0xc4,
  0x05, 0xa5, 0x00, 0x0d, 0x00, 0x11, 0x00, 0x00, 0x53, 0x22, 0x26, 0x31,
  0x27, 0x37, 0x36, 0x36, 0x35, 0x11, 0x21, 0x11, 0x14, 0x06, 0x03, 0x11,
  0x21, 0x11, 0x65, 0x51, 0x33, 0x01, 0x50, 0x3e, 0x30, 0x01, 0x23, 0xa4,
  0x83, 0x01, 0x2a, 0xfe, 0xb4, 0x1d, 0xc3, 0x08, 0x08, 0x34, 0x32, 0x04,
  0x00, 0xfb, 0xfd, 0xa9, 0xaa, 0x05, 0xea, 0x01, 0x07, 0xfe, 0xf9, 0x00,
  0x00, 0x01, 0xff, 0xe0, 0xfe, 0xb4, 0x01, 0xc2, 0x04, 0x0a, 0x00, 0x0d,
  0x00, 0x00, 0x53, 0x22, 0x26, 0x35, 0x27, 0x37, 0x36, 0x36, 0x35, 0x11,
  0x21, 0x11, 0x14, 0x06, 0x64, 0x51, 0x32, 0x01, 0x4f, 0x3e, 0x31, 0x01,
  0x24, 0xa6, 0xfe, 0xb4, 0x19, 0x04, 0xc3, 0x08, 0x08, 0x34, 0x32, 0x04,
  0x00, 0xfb, 0xfd, 0xa9, 0xaa, 0x00, 0xff, 0xff, 0xff, 0xc3, 0xfe, 0xb4,
  0x02, 0x96, 0x05, 0x86, 0x06, 0x26, 0x01, 0x19, 0x00, 0x00, 0x00, 0x06,
  0x02, 0x5e, 0xb2, 0x00, 0x00, 0x01, 0x00, 0x7d, 0x00, 0x00, 0x04, 0x64,
  0x05, 0xce, 0x00, 0x0b, 0x00, 0x00, 0x73, 0x11, 0x21, 0x11, 0x01, 0x21,
  0x01, 0x01, 0x21, 0x01, 0x07, 0x11, 0x7d, 0x01, 0x24, 0x01, 0x7c, 0x01,
  0x3a, 0xfe, 0x88, 0x01, 0x85, 0xfe, 0xdd, 0xfe, 0xe9, 0x89, 0x05, 0xce,
  0xfc, 0x8f, 0x01, 0xad, 0xfe, 0x64, 0xfd, 0x92, 0x01, 0xbe, 0x92, 0xfe,
  0xd4, 0x00, 0xff, 0xff, 0x00, 0x7d, 0xfe, 0x48, 0x04, 0x64, 0x05, 0xce,
  0x06, 0x26, 0x01, 0x1b, 0x00, 0x00, 0x00, 0x07, 0x02, 0x6a, 0x01, 0xba,
  0x00, 0x00, 0x00, 0x01, 0x00, 0x7d, 0x00, 0x00, 0x04, 0x8f, 0x04, 0x0a,
  0x00, 0x0b, 0x00, 0x00, 0x73, 0x11, 0x21, 0x11, 0x01, 0x21, 0x01, 0x01,
  0x21, 0x03, 0x07, 0x11, 0x7d, 0x01, 0x24, 0x01, 0xa6, 0x01, 0x29, 0xfe,
  0xa8, 0x01, 0x77, 0xfe, 0xb2, 0xec, 0xb4, 0x04, 0x0a, 0xfe, 0x37, 0x01,
  0xc9, 0xfe, 0xa5, 0xfd, 0x51, 0x01, 0xdb, 0xaf, 0xfe, 0xd4, 0x00, 0x01,
  0x00, 0x7d, 0xff, 0xee, 0x02, 0x41, 0x05, 0xce, 0x00, 0x0f, 0x00, 0x00,
  0x45, 0x22, 0x2e, 0x02, 0x35, 0x11, 0x21, 0x11, 0x14, 0x16, 0x17, 0x17,
  0x15, 0x06, 0x06, 0x01, 0xc7, 0x72, 0x86, 0x40, 0x12, 0x01, 0x1e, 0x31,
  0x44, 0x31, 0x1e, 0x3e, 0x12, 0x36, 0x59, 0x6d, 0x38, 0x04, 0xac, 0xfb,
  0x78, 0x39, 0x47, 0x08, 0x03, 0xb4, 0x0a, 0x0f, 0xff, 0xff, 0x00, 0x7d,
  0xff, 0xee, 0x02, 0x99, 0x07, 0x94, 0x06, 0x26, 0x01, 0x1e, 0x00, 0x00,
  0x00, 0x07, 0x02, 0x5b, 0x00, 0x94, 0x01, 0xee, 0xff, 0xff, 0x00, 0x7d,
  0xff, 0xee, 0x02, 0xd5, 0x05, 0xce, 0x06, 0x26, 0x01, 0x1e, 0x00, 0x00,
  0x00, 0x07, 0x02, 0x5d, 0x01, 0x9b, 0x00, 0x28, 0xff, 0xff, 0x00, 0x7d,
  0xfe, 0x48, 0x02, 0x41, 0x05, 0xce, 0x06, 0x26, 0x01, 0x1e, 0x00, 0x00,
  0x00, 0x06, 0x02, 0x6a, 0x7b, 0x01, 0xff, 0xff, 0x00, 0x7d, 0xff, 0xee,
  0x03, 0x49, 0x05, 0xce, 0x06, 0x26, 0x01, 0x1e, 0x00, 0x00, 0x00, 0x07,
  0x01, 0xea, 0x01, 0xbb, 0x00, 0x2e, 0x00, 0x02, 0x00, 0x46, 0xff, 0xee,
  0x02, 0x89, 0x05, 0xce, 0x00, 0x03, 0x00, 0x13, 0x00, 0x00, 0x53, 0x35,
  0x01, 0x15, 0x03, 0x22, 0x2e, 0x02, 0x35, 0x11, 0x21, 0x11, 0x14, 0x16,
  0x17, 0x17, 0x15, 0x06, 0x06, 0x46, 0x02, 0x43, 0x79, 0x73, 0x85, 0x40,
  0x12, 0x01, 0x1e, 0x31, 0x44, 0x30, 0x1d, 0x3f, 0x01, 0x2e, 0xfa, 0x01,
  0x98, 0xee, 0xfd, 0x1c, 0x36, 0x59, 0x6d, 0x38, 0x04, 0xac, 0xfb, 0x78,
  0x39, 0x47, 0x08, 0x03, 0xb4, 0x0a, 0x0f, 0x00, 0x00, 0x01, 0x00, 0x7d,
  0x00, 0x00, 0x06, 0x8f, 0x04, 0x1e, 0x00, 0x29, 0x00, 0x00, 0x73, 0x11,
  0x21, 0x15, 0x36, 0x36, 0x33, 0x32, 0x16, 0x16, 0x17, 0x36, 0x36, 0x33,
  0x32, 0x1e, 0x02, 0x15, 0x11, 0x21, 0x11, 0x34, 0x26, 0x26, 0x23, 0x22,
  0x06, 0x06, 0x15, 0x11, 0x21, 0x11, 0x34, 0x26, 0x26, 0x23, 0x22, 0x06,
  0x06, 0x15, 0x11, 0x7d, 0x01, 0x1e, 0x2f, 0x9f, 0x79, 0x35, 0x6e, 0x61,
  0x1e, 0x32, 0xa3, 0x64, 0x3a, 0x77, 0x64, 0x3d, 0xfe, 0xdc, 0x31, 0x4b,
  0x2a, 0x27, 0x50, 0x38, 0xfe, 0xdd, 0x32, 0x4b, 0x27, 0x28, 0x50, 0x36,
  0x04, 0x0a, 0x92, 0x44, 0x62, 0x26, 0x49, 0x37, 0x47, 0x5f, 0x26, 0x56,
  0x8f, 0x69, 0xfd, 0x56, 0x02, 0x86, 0x3e, 0x4b, 0x21, 0x1f, 0x44, 0x37,
  0xfd, 0x6a, 0x02, 0xa0, 0x2f, 0x40, 0x21, 0x21, 0x45, 0x34, 0xfd, 0x6a,
  0x00, 0x01, 0x00, 0x7d, 0x00, 0x00, 0x04, 0x32, 0x04, 0x13, 0x00, 0x16,
  0x00, 0x00, 0x73, 0x11, 0x21, 0x15, 0x3e, 0x02, 0x33, 0x32, 0x16, 0x16,
  0x15, 0x11, 0x21, 0x11, 0x34, 0x26, 0x23, 0x22, 0x06, 0x06, 0x15, 0x11,
  0x7d, 0x01, 0x1f, 0x18, 0x4d, 0x76, 0x51, 0x5f, 0xa5, 0x66, 0xfe, 0xdc,
  0x64, 0x48, 0x30, 0x59, 0x38, 0x04, 0x0a, 0x92, 0x26, 0x47, 0x2e, 0x4a,
  0x9f, 0x80, 0xfd, 0x56, 0x02, 0x86, 0x54, 0x54, 0x22, 0x44, 0x32, 0xfd,
  0x6a, 0x00, 0xff, 0xff, 0x00, 0x7d, 0x00, 0x00, 0x04, 0x32, 0x05, 0xa6,
  0x06, 0x26, 0x01, 0x25, 0x00, 0x00, 0x00, 0x07, 0x02, 0x5b, 0x01, 0xe6,
  0x00, 0x00, 0xff, 0xff, 0x00, 0x7d, 0x00, 0x00, 0x04, 0x32, 0x05, 0x88,
  0x06, 0x26, 0x01, 0x25, 0x00, 0x00, 0x00, 0x07, 0x02, 0x5f, 0x00, 0xe0,
  0x00, 0x00, 0xff, 0xff, 0x00, 0x7d, 0xfe, 0x48, 0x04, 0x32, 0x04, 0x13,
  0x06, 0x26, 0x01, 0x25, 0x00, 0x00, 0x00, 0x07, 0x02, 0x6a, 0x01, 0xca,
  0x00, 0x00, 0xff, 0xff, 0x00, 0x7d, 0x00, 0x00, 0x04, 0x32, 0x05, 0xa6,
  0x06, 0x26, 0x01, 0x25, 0x00, 0x00, 0x00, 0x07, 0x02, 0x59, 0x01, 0xc7,
  0x00, 0x00, 0x00, 0x01, 0x00, 0x7d, 0xfe, 0xb4, 0x04, 0x33, 0x04, 0x1e,
  0x00, 0x1f, 0x00, 0x00, 0x41, 0x22, 0x26, 0x35, 0x35, 0x37, 0x36, 0x36,
  0x35, 0x11, 0x34, 0x26, 0x23, 0x22, 0x06, 0x07, 0x11, 0x21, 0x13, 0x21,
  0x15, 0x3e, 0x02, 0x33, 0x32, 0x16, 0x15, 0x11, 0x14, 0x06, 0x06, 0x02,
  0xdd, 0x52, 0x27, 0x42, 0x38, 0x31, 0x49, 0x4a, 0x3d, 0x6b, 0x30, 0xfe,
  0xd9, 0x04, 0x01, 0x1d, 0x39, 0x71, 0x75, 0x41, 0x8d, 0xa8, 0x53, 0x9a,
  0xfe, 0xb4, 0x14, 0x04, 0xc8, 0x05, 0x06, 0x31, 0x36, 0x02, 0xb3, 0x41,
  0x4f, 0x40, 0x3d, 0xfd, 0x34, 0x04, 0x0a, 0xa0, 0x3a, 0x50, 0x2a, 0xa8,
  0x8b, 0xfd, 0x23, 0x6c, 0x9b, 0x53, 0xff, 0xff, 0x00, 0x7d, 0x00, 0x00,
  0x04, 0x32, 0x05, 0xa3, 0x06, 0x26, 0x01, 0x25, 0x00, 0x00, 0x00, 0x07,
  0x02, 0x62, 0x00, 0xc6, 0x00, 0x00, 0x00, 0x02, 0x00, 0x4c, 0xff, 0xec,
  0x04, 0x34, 0x04, 0x1e, 0x00, 0x0f, 0x00, 0x1f, 0x00, 0x00, 0x45, 0x22,
  0x26, 0x26, 0x35, 0x34, 0x36, 0x36, 0x33, 0x32, 0x16, 0x16, 0x15, 0x14,
  0x06, 0x06, 0x27, 0x32, 0x36, 0x36, 0x35, 0x34, 0x26, 0x26, 0x23, 0x22,
  0x06, 0x06, 0x15, 0x14, 0x16, 0x16, 0x02, 0x40, 0x98, 0xe1, 0x7b, 0x7b,
  0xe1, 0x99, 0x99, 0xe0, 0x7a, 0x77, 0xdf, 0x9d, 0x4d, 0x5e, 0x2a, 0x26,
  0x5e, 0x51, 0x4d, 0x5f, 0x2c, 0x28, 0x5e, 0x14, 0x82, 0xee, 0xa3, 0xa3,
  0xf4, 0x88, 0x85, 0xf4, 0xa6, 0x9c, 0xef, 0x88, 0xd9, 0x5a, 0x93, 0x57,
  0x52, 0x92, 0x5a, 0x55, 0x91, 0x58, 0x51, 0x95, 0x5e, 0x00, 0xff, 0xff,
  0x00, 0x4c, 0xff, 0xec, 0x04, 0x34, 0x05, 0xa6, 0x06, 0x26, 0x01, 0x2c,
  0x00, 0x00, 0x00, 0x07, 0x02, 0x5b, 0x01, 0xc9, 0x00, 0x00, 0xff, 0xff,
  0x00, 0x4c, 0xff, 0xec, 0x04, 0x34, 0x05, 0x81, 0x06, 0x26, 0x01, 0x2c,
  0x00, 0x00, 0x00, 0x07, 0x02, 0x60, 0x00, 0xc3, 0xff, 0xff, 0xff, 0xff,
  0x00, 0x4c, 0xff, 0xec, 0x04, 0x34, 0x05, 0x86, 0x06, 0x26, 0x01, 0x2c,
  0x00, 0x00, 0x00, 0x07, 0x02, 0x5e, 0x00, 0xc3, 0x00, 0x00, 0xff, 0xff,
  0x00, 0x4c, 0xff, 0xec, 0x04, 0x9c, 0x06, 0x7c, 0x06, 0x26, 0x01, 0x2c,
  0x00, 0x00, 0x00, 0x07, 0x02, 0x80, 0x00, 0xc3, 0x00, 0x00, 0xff, 0xff,
  0x00, 0x4c, 0xfe, 0x72, 0x04, 0x34, 0x05, 0x86, 0x06, 0x26, 0x01, 0x2c,
  0x00, 0x00, 0x00, 0x27, 0x02, 0x69, 0x01, 0xa8, 0x00, 0x00, 0x00, 0x07,
  0x02, 0x5e, 0x00, 0xc3, 0x00, 0x00, 0xff, 0xff, 0x00, 0x4c, 0xff, 0xec,
  0x04, 0x34, 0x06, 0x7b, 0x06, 0x26, 0x01, 0x2c, 0x00, 0x00, 0x00, 0x07,
  0x02, 0x81, 0x00, 0xc3, 0x00, 0x00, 0xff, 0xff, 0x00, 0x4c, 0xff, 0xec,
  0x04, 0x34, 0x06, 0xe2, 0x06, 0x26, 0x01, 0x2c, 0x00, 0x00, 0x00, 0x07,
  0x02, 0x82, 0x00, 0xca, 0x00, 0x00, 0xff, 0xff, 0x00, 0x4c, 0xff, 0xec,
  0x04, 0x34, 0x06, 0xdf, 0x06, 0x26, 0x01, 0x2c, 0x00, 0x00, 0x00, 0x07,
  0x02, 0x83, 0x00, 0xc6, 0x00, 0x00, 0xff, 0xff, 0xff, 0xec, 0xff, 0xec,
  0x04, 0x34, 0x05, 0xa6, 0x06, 0x26, 0x01, 0x2c, 0x00, 0x00, 0x00, 0x06,
  0x02, 0x65, 0xe2, 0x00, 0xff, 0xff, 0x00, 0x4c, 0xff, 0xec, 0x04, 0x34,
  0x05, 0xa6, 0x06, 0x26, 0x01, 0x2c, 0x00, 0x00, 0x00, 0x07, 0x02, 0x58,
  0x00, 0xc3, 0x00, 0x00, 0xff, 0xff, 0x00, 0x4c, 0xfe, 0x72, 0x04, 0x34,
  0x04, 0x1e, 0x06, 0x26, 0x01, 0x2c, 0x00, 0x00, 0x00, 0x07, 0x02, 0x69,
  0x01, 0xa8, 0x00, 0x00, 0xff, 0xff, 0x00, 0x4c, 0xff, 0xec, 0x04, 0x34,
  0x05, 0xa6, 0x06, 0x26, 0x01, 0x2c, 0x00, 0x00, 0x00, 0x07, 0x02, 0x5a,
  0x00, 0xa1, 0x00, 0x00, 0xff, 0xff, 0x00, 0x4c, 0xff, 0xec, 0x04, 0x34,
  0x06, 0x1a, 0x06, 0x26, 0x01, 0x2c, 0x00, 0x00, 0x00, 0x06, 0x02, 0x64,
  0xf9, 0xf8, 0x00, 0x02, 0x00, 0x4c, 0xff, 0xec, 0x05, 0x0a, 0x04, 0x59,
  0x00, 0x19, 0x00, 0x29, 0x00, 0x00, 0x45, 0x22, 0x26, 0x26, 0x35, 0x34,
  0x36, 0x36, 0x33, 0x32, 0x16, 0x17, 0x3e, 0x02, 0x37, 0x33, 0x14, 0x06,
  0x06, 0x07, 0x16, 0x15, 0x14, 0x06, 0x06, 0x27, 0x32, 0x36, 0x36, 0x35,
  0x34, 0x26, 0x26, 0x23, 0x22, 0x06, 0x06, 0x15, 0x14, 0x16, 0x16, 0x02,
  0x40, 0x98, 0xe1, 0x7b, 0x7b, 0xe1, 0x99, 0x75, 0xba, 0x41, 0x32, 0x3e,
  0x22, 0x07, 0xc0, 0x30, 0x70, 0x62, 0x2c, 0x77, 0xdf, 0x9d, 0x4d, 0x5e,
  0x2a, 0x26, 0x5e, 0x51, 0x4d, 0x5f, 0x2c, 0x28, 0x5e, 0x14, 0x82, 0xee,
  0xa3, 0xa3, 0xf4, 0x88, 0x4f, 0x49, 0x02, 0x1c, 0x58, 0x5d, 0x77, 0x9b,
  0x4f, 0x06, 0x69, 0x8a, 0x9c, 0xef, 0x88, 0xd9, 0x5a, 0x93, 0x57, 0x52,
  0x92, 0x5a, 0x55, 0x91, 0x58, 0x51, 0x95, 0x5e, 0xff, 0xff, 0x00, 0x4c,
  0xff, 0xec, 0x05, 0x0a, 0x05, 0xa6, 0x04, 0x27, 0x02, 0x5b, 0x01, 0xc4,
  0x00, 0x00, 0x02, 0x06, 0x01, 0x3a, 0x00, 0x00, 0xff, 0xff, 0x00, 0x4c,
  0xfe, 0x72, 0x05, 0x0a, 0x04, 0x59, 0x04, 0x27, 0x02, 0x69, 0x01, 0x8f,
  0x00, 0x00, 0x02, 0x06, 0x01, 0x3a, 0x00, 0x00, 0xff, 0xff, 0x00, 0x4c,
  0xff, 0xec, 0x05, 0x0a, 0x05, 0xa6, 0x04, 0x27, 0x02, 0x5a, 0x00, 0x96,
  0x00, 0x00, 0x02, 0x06, 0x01, 0x3a, 0x00, 0x00, 0xff, 0xff, 0x00, 0x4c,
  0xff, 0xec, 0x05, 0x0a, 0x06, 0x1a, 0x04, 0x26, 0x02, 0x64, 0xed, 0xf8,
  0x02, 0x06, 0x01, 0x3a, 0x00, 0x00, 0xff, 0xff, 0x00, 0x4c, 0xff, 0xec,
  0x05, 0x0a, 0x05, 0xa3, 0x04, 0x27, 0x02, 0x62, 0x00, 0x9d, 0x00, 0x00,
  0x02, 0x06, 0x01, 0x3a, 0x00, 0x00, 0xff, 0xff, 0x00, 0x4c, 0xff, 0xec,
  0x04, 0x93, 0x05, 0xa6, 0x06, 0x26, 0x01, 0x2c, 0x00, 0x00, 0x00, 0x07,
  0x02, 0x5c, 0x01, 0x1e, 0x00, 0x00, 0xff, 0xff, 0x00, 0x4c, 0xff, 0xec,
  0x04, 0x34, 0x05, 0x9b, 0x06, 0x26, 0x01, 0x2c, 0x00, 0x00, 0x00, 0x07,
  0x02, 0x66, 0x00, 0xcc, 0x00, 0x00, 0xff, 0xff, 0x00, 0x4c, 0xff, 0xec,
  0x04, 0x34, 0x05, 0x70, 0x06, 0x26, 0x01, 0x2c, 0x00, 0x00, 0x00, 0x07,
  0x02, 0x63, 0x00, 0xbe, 0x00, 0x00, 0x00, 0x03, 0x00, 0x4c, 0xfe, 0xb0,
  0x04, 0x34, 0x04, 0x1e, 0x00, 0x13, 0x00, 0x23, 0x00, 0x33, 0x00, 0x00,
  0x41, 0x22, 0x26, 0x35, 0x34, 0x36, 0x37, 0x17, 0x06, 0x06, 0x15, 0x14,
  0x16, 0x33, 0x32, 0x36, 0x37, 0x15, 0x06, 0x06, 0x03, 0x22, 0x26, 0x26,
  0x35, 0x34, 0x36, 0x36, 0x33, 0x32, 0x16, 0x16, 0x15, 0x14, 0x06, 0x06,
  0x27, 0x32, 0x36, 0x36, 0x35, 0x34, 0x26, 0x26, 0x23, 0x22, 0x06, 0x06,
  0x15, 0x14, 0x16, 0x16, 0x02, 0x49, 0x66, 0x74, 0x4c, 0x74, 0xcc, 0x69,
  0x50, 0x23, 0x25, 0x2e, 0x46, 0x1d, 0x1c, 0x73, 0x4c, 0x98, 0xe1, 0x7b,
  0x7b, 0xe1, 0x99, 0x99, 0xe0, 0x7a, 0x77, 0xdf, 0x9d, 0x4d, 0x5e, 0x2a,
  0x26, 0x5e, 0x51, 0x4d, 0x5f, 0x2c, 0x28, 0x5e, 0xfe, 0xb0, 0x54, 0x51,
  0x36, 0x5e, 0x27, 0x06, 0x27, 0x42, 0x28, 0x20, 0x20, 0x1b, 0x10, 0x84,
  0x11, 0x1f, 0x01, 0x3c, 0x82, 0xee, 0xa3, 0xa3, 0xf4, 0x88, 0x85, 0xf4,
  0xa6, 0x9c, 0xef, 0x88, 0xd9, 0x5a, 0x93, 0x57, 0x52, 0x92, 0x5a, 0x55,
  0x91, 0x58, 0x51, 0x95, 0x5e, 0x00, 0x00, 0x03, 0x00, 0x33, 0xff, 0xec,
  0x04, 0x87, 0x04, 0x1e, 0x00, 0x03, 0x00, 0x13, 0x00, 0x23, 0x00, 0x00,
  0x57, 0x27, 0x01, 0x17, 0x01, 0x22, 0x26, 0x26, 0x35, 0x34, 0x36, 0x36,
  0x33, 0x32, 0x16, 0x16, 0x15, 0x14, 0x06, 0x06, 0x27, 0x32, 0x36, 0x36,
  0x35, 0x34, 0x26, 0x26, 0x23, 0x22, 0x06, 0x06, 0x15, 0x14, 0x16, 0x16,
  0x93, 0x60, 0x03, 0xf5, 0x5f, 0xfd, 0xea, 0x98, 0xe1, 0x7b, 0x7b, 0xe1,
  0x99, 0x99, 0xe0, 0x7a, 0x77, 0xdf, 0x9d, 0x4d, 0x5e, 0x2b, 0x27, 0x5e,
  0x51, 0x4d, 0x5f, 0x2c, 0x28, 0x5e, 0x0f, 0x67, 0x03, 0xbe, 0x66, 0xfc,
  0x3c, 0x82, 0xee, 0xa3, 0xa3, 0xf4, 0x88, 0x85, 0xf4, 0xa6, 0x9c, 0xef,
  0x88, 0xd9, 0x5a, 0x93, 0x57, 0x52, 0x92, 0x5a, 0x55, 0x91, 0x58, 0x51,
  0x95, 0x5e, 0xff, 0xff, 0x00, 0x33, 0xff, 0xec, 0x04, 0x87, 0x05, 0xa6,
  0x06, 0x26, 0x01, 0x44, 0x00, 0x00, 0x00, 0x07, 0x02, 0x5b, 0x01, 0xe7,
  0x00, 0x00, 0xff, 0xff, 0x00, 0x4c, 0xff, 0xec, 0x04, 0x34, 0x05, 0xa3,
  0x06, 0x26, 0x01, 0x2c, 0x00, 0x00, 0x00, 0x07, 0x02, 0x62, 0x00, 0xaa,
  0x00, 0x00, 0x00, 0x03, 0x00, 0x4c, 0xff, 0xec, 0x06, 0xf6, 0x04, 0x1e,
  0x00, 0x25, 0x00, 0x35, 0x00, 0x3e, 0x00, 0x00, 0x41, 0x15, 0x21, 0x06,
  0x16, 0x16, 0x33, 0x32, 0x36, 0x37, 0x21, 0x0e, 0x02, 0x23, 0x22, 0x26,
  0x27, 0x06, 0x06, 0x23, 0x22, 0x26, 0x26, 0x35, 0x34, 0x36, 0x36, 0x33,
  0x32, 0x16, 0x17, 0x36, 0x36, 0x33, 0x32, 0x16, 0x16, 0x01, 0x32, 0x36,
  0x36, 0x35, 0x34, 0x26, 0x26, 0x23, 0x22, 0x06, 0x06, 0x15, 0x14, 0x16,
  0x16, 0x01, 0x21, 0x34, 0x26, 0x26, 0x23, 0x22, 0x06, 0x06, 0x06, 0xf6,
  0xfd, 0x4a, 0x01, 0x34, 0x63, 0x46, 0x4b, 0x71, 0x16, 0x01, 0x07, 0x11,
  0x8d, 0xc8, 0x6c, 0x78, 0xc1, 0x3f, 0x3b, 0xb6, 0x7a, 0x98, 0xe1, 0x7b,
  0x7b, 0xe1, 0x99, 0x76, 0xba, 0x3b, 0x3c, 0xb5, 0x77, 0x9e, 0xd7, 0x6d,
  0xfb, 0x4b, 0x4d, 0x5e, 0x2a, 0x26, 0x5e, 0x51, 0x4d, 0x5f, 0x2c, 0x28,
  0x5e, 0x02, 0x50, 0x01, 0xa6, 0x2e, 0x5d, 0x46, 0x43, 0x60, 0x32, 0x02,
  0x11, 0x4f, 0x4f, 0x75, 0x3f, 0x40, 0x49, 0x6e, 0x9c, 0x52, 0x57, 0x52,
  0x4f, 0x5a, 0x82, 0xee, 0xa3, 0xa3, 0xf4, 0x88, 0x57, 0x54, 0x51, 0x5a,
  0x85, 0xed, 0xfe, 0x19, 0x5a, 0x93, 0x57, 0x52, 0x92, 0x5a, 0x55, 0x91,
  0x58, 0x51, 0x95, 0x5e, 0x01, 0xab, 0x3e, 0x68, 0x3c, 0x41, 0x68, 0x00,
  0x00, 0x02, 0x00, 0x7d, 0xfe, 0xbe, 0x04, 0x72, 0x04, 0x1e, 0x00, 0x16,
  0x00, 0x23, 0x00, 0x00, 0x53, 0x11, 0x21, 0x17, 0x3e, 0x03, 0x33, 0x32,
  0x16, 0x16, 0x15, 0x14, 0x06, 0x06, 0x23, 0x22, 0x2e, 0x02, 0x27, 0x11,
  0x13, 0x32, 0x36, 0x35, 0x34, 0x26, 0x23, 0x22, 0x06, 0x15, 0x14, 0x16,
  0x16, 0x7d, 0x01, 0x25, 0x01, 0x17, 0x43, 0x52, 0x60, 0x35, 0x73, 0xb4,
  0x67, 0x6f, 0xc2, 0x7a, 0x32, 0x58, 0x4b, 0x3b, 0x16, 0xe0, 0x5f, 0x81,
  0x7b, 0x65, 0x71, 0x6f, 0x31, 0x63, 0xfe, 0xbe, 0x05, 0x4c, 0x95, 0x25,
  0x3d, 0x2e, 0x19, 0x71, 0xeb, 0xb5, 0xbc, 0xf1, 0x74, 0x1b, 0x30, 0x3f,
  0x25, 0xfe, 0x23, 0x02, 0x04, 0x9e, 0xab, 0x96, 0xa9, 0xb7, 0x88, 0x57,
  0x96, 0x5c, 0x00, 0x02, 0x00, 0x7d, 0xfe, 0xbe, 0x04, 0x6d, 0x05, 0xa6,
  0x00, 0x16, 0x00, 0x26, 0x00, 0x00, 0x53, 0x11, 0x21, 0x11, 0x3e, 0x02,
  0x33, 0x32, 0x16, 0x16, 0x15, 0x14, 0x06, 0x06, 0x23, 0x22, 0x26, 0x27,
  0x26, 0x06, 0x15, 0x11, 0x13, 0x32, 0x36, 0x36, 0x35, 0x34, 0x26, 0x26,
  0x23, 0x22, 0x06, 0x06, 0x15, 0x11, 0x16, 0x16, 0x7d, 0x01, 0x24, 0x21,
  0x55, 0x73, 0x51, 0x71, 0xb6, 0x6b, 0x6e, 0xbd, 0x78, 0x4d, 0x80, 0x39,
  0x15, 0x0e, 0xbf, 0x45, 0x66, 0x39, 0x39, 0x64, 0x43, 0x38, 0x59, 0x32,
  0x27, 0x5c, 0xfe, 0xbe, 0x06, 0xe8, 0xfd, 0xe1, 0x25, 0x45, 0x2d, 0x72,
  0xeb, 0xb4, 0xbb, 0xf1, 0x75, 0x31, 0x32, 0x13, 0x03, 0x1b, 0xfe, 0x7a,
  0x01, 0xe7, 0x49, 0xa1, 0x84, 0x7e, 0x93, 0x40, 0x2f, 0x49, 0x27, 0xfe,
  0x44, 0x2c, 0x38, 0x00, 0x00, 0x02, 0x00, 0x4c, 0xfe, 0xbe, 0x04, 0x41,
  0x04, 0x1e, 0x00, 0x16, 0x00, 0x23, 0x00, 0x00, 0x41, 0x11, 0x0e, 0x03,
  0x23, 0x22, 0x26, 0x26, 0x35, 0x34, 0x36, 0x36, 0x33, 0x32, 0x1e, 0x02,
  0x17, 0x37, 0x21, 0x11, 0x01, 0x32, 0x36, 0x36, 0x35, 0x34, 0x26, 0x23,
  0x22, 0x06, 0x15, 0x14, 0x16, 0x03, 0x1d, 0x15, 0x3c, 0x4b, 0x58, 0x32,
  0x75, 0xc2, 0x74, 0x62, 0xb4, 0x78, 0x35, 0x60, 0x52, 0x43, 0x17, 0x02,
  0x01, 0x24, 0xfd, 0xfc, 0x4c, 0x64, 0x31, 0x6e, 0x73, 0x5e, 0x82, 0x7c,
  0xfe, 0xbe, 0x01, 0xdd, 0x25, 0x3f, 0x30, 0x1b, 0x6e, 0xf1, 0xc2, 0xaf,
  0xeb, 0x77, 0x19, 0x2e, 0x3d, 0x25, 0x95, 0xfa, 0xb4, 0x02, 0x04, 0x5c,
  0x96, 0x57, 0x88, 0xb7, 0xa1, 0x9e, 0xa3, 0xa6, 0x00, 0x01, 0x00, 0x7d,
  0x00, 0x00, 0x03, 0x0b, 0x04, 0x1e, 0x00, 0x14, 0x00, 0x00, 0x73, 0x11,
  0x21, 0x15, 0x3e, 0x02, 0x33, 0x32, 0x16, 0x17, 0x11, 0x26, 0x26, 0x27,
  0x26, 0x0e, 0x02, 0x15, 0x11, 0x7d, 0x01, 0x19, 0x19, 0x5b, 0x82, 0x52,
  0x0e, 0x19, 0x06, 0x09, 0x19, 0x0a, 0x56, 0x7a, 0x4c, 0x22, 0x04, 0x0a,
  0xf5, 0x4f, 0x77, 0x43, 0x03, 0x03, 0xfe, 0xea, 0x04, 0x02, 0x01, 0x07,
  0x18, 0x3a, 0x54, 0x34, 0xfd, 0xca, 0xff, 0xff, 0x00, 0x7d, 0x00, 0x00,
  0x03, 0x4e, 0x05, 0xa6, 0x06, 0x26, 0x01, 0x4b, 0x00, 0x00, 0x00, 0x07,
  0x02, 0x5b, 0x01, 0x49, 0x00, 0x00, 0xff, 0xff, 0x00, 0x54, 0x00, 0x00,
  0x03, 0x27, 0x05, 0x88, 0x06, 0x26, 0x01, 0x4b, 0x00, 0x00, 0x00, 0x06,
  0x02, 0x5f, 0x43, 0x00, 0xff, 0xff, 0x00, 0x7d, 0xfe, 0x48, 0x03, 0x0b,
  0x04, 0x1e, 0x06, 0x26, 0x01, 0x4b, 0x00, 0x00, 0x00, 0x07, 0x02, 0x6a,
  0x00, 0x80, 0x00, 0x00, 0xff, 0xff, 0xff, 0x6c, 0x00, 0x00, 0x03, 0x0b,
  0x05, 0xa6, 0x06, 0x26, 0x01, 0x4b, 0x00, 0x00, 0x00, 0x07, 0x02, 0x65,
  0xff, 0x62, 0x00, 0x00, 0xff, 0xff, 0x00, 0x7d, 0xfe, 0x72, 0x03, 0x0b,
  0x04, 0x1e, 0x06, 0x26, 0x01, 0x4b, 0x00, 0x00, 0x00, 0x06, 0x02, 0x69,
  0x79, 0x00, 0xff, 0xff, 0x00, 0x60, 0x00, 0x00, 0x03, 0x1d, 0x05, 0x80,
  0x06, 0x26, 0x01, 0x4b, 0x00, 0x00, 0x00, 0x06, 0x02, 0x66, 0x4c, 0xe5,
  0x00, 0x01, 0x00, 0x4d, 0xff, 0xec, 0x03, 0xd1, 0x04, 0x1e, 0x00, 0x2d,
  0x00, 0x00, 0x45, 0x22, 0x26, 0x26, 0x27, 0x33, 0x1e, 0x02, 0x33, 0x32,
  0x36, 0x35, 0x34, 0x26, 0x27, 0x27, 0x26, 0x26, 0x27, 0x26, 0x36, 0x36,
  0x33, 0x32, 0x16, 0x17, 0x23, 0x26, 0x26, 0x23, 0x22, 0x06, 0x15, 0x14,
  0x16, 0x17, 0x17, 0x1e, 0x03, 0x15, 0x14, 0x06, 0x06, 0x02, 0x1d, 0x6c,
  0xc7, 0x8b, 0x12, 0xfc, 0x0e, 0x45, 0x58, 0x28, 0x54, 0x67, 0x3d, 0x46,
  0xb6, 0x89, 0xa7, 0x01, 0x01, 0x63, 0xc3, 0x8d, 0xbf, 0xe5, 0x02, 0xf4,
  0x0b, 0x61, 0x4a, 0x4b, 0x62, 0x50, 0x54, 0xa8, 0x57, 0x6d, 0x3c, 0x17,
  0x6e, 0xc4, 0x14, 0x47, 0x99, 0x7a, 0x37, 0x40, 0x1b, 0x35, 0x37, 0x2a,
  0x32, 0x0d, 0x26, 0x1d, 0x8b, 0x80, 0x5d, 0x94, 0x56, 0xa8, 0x99, 0x3c,
  0x41, 0x36, 0x37, 0x29, 0x2f, 0x11, 0x26, 0x15, 0x49, 0x56, 0x57, 0x23,
  0x67, 0x91, 0x4c, 0x00, 0xff, 0xff, 0x00, 0x4d, 0xff, 0xec, 0x03, 0xd1,
  0x05, 0xa6, 0x06, 0x26, 0x01, 0x52, 0x00, 0x00, 0x00, 0x07, 0x02, 0x5b,
  0x01, 0xa9, 0x00, 0x00, 0xff, 0xff, 0x00, 0x4d, 0xff, 0xec, 0x03, 0xd1,
  0x05, 0x88, 0x06, 0x26, 0x01, 0x52, 0x00, 0x00, 0x00, 0x07, 0x02, 0x5f,
  0x00, 0xa3, 0x00, 0x00, 0x00, 0x02, 0x00, 0x4d, 0xfe, 0x57, 0x03, 0xd1,
  0x04, 0x1e, 0x00, 0x1a, 0x00, 0x48, 0x00, 0x00, 0x41, 0x22, 0x26, 0x27,
  0x37, 0x16, 0x16, 0x33, 0x32, 0x36, 0x35, 0x34, 0x26, 0x27, 0x22, 0x26,
  0x37, 0x37, 0x33, 0x07, 0x1e, 0x02, 0x15, 0x14, 0x06, 0x06, 0x03, 0x22,
  0x26, 0x26, 0x27, 0x33, 0x1e, 0x02, 0x33, 0x32, 0x36, 0x35, 0x34, 0x26,
  0x27, 0x27, 0x26, 0x26, 0x27, 0x26, 0x36, 0x36, 0x33, 0x32, 0x16, 0x17,
  0x23, 0x26, 0x26, 0x23, 0x22, 0x06, 0x15, 0x14, 0x16, 0x17, 0x17, 0x1e,
  0x03, 0x15, 0x14, 0x06, 0x06, 0x02, 0x0d, 0x3e, 0x75, 0x33, 0x28, 0x20,
  0x4f, 0x2c, 0x2f, 0x34, 0x4c, 0x5d, 0x0d, 0x08, 0x05, 0x49, 0x81, 0x2c,
  0x4b, 0x59, 0x27, 0x43, 0x6d, 0x30, 0x6c, 0xc7, 0x8b, 0x12, 0xfc, 0x0e,
  0x45, 0x58, 0x28, 0x54, 0x67, 0x3d, 0x46, 0xb6, 0x89, 0xa7, 0x01, 0x01,
  0x63, 0xc3, 0x8d, 0xbf, 0xe5, 0x02, 0xf4, 0x0b, 0x61, 0x4a, 0x4b, 0x62,
  0x50, 0x54, 0xa8, 0x57, 0x6d, 0x3c, 0x17, 0x6e, 0xc4, 0xfe, 0x57, 0x18,
  0x1e, 0x62, 0x13, 0x1e, 0x21, 0x1d, 0x27, 0x2a, 0x01, 0x07, 0x0c, 0xa9,
  0x75, 0x02, 0x30, 0x47, 0x23, 0x33, 0x49, 0x26, 0x01, 0x95, 0x47, 0x99,
  0x7a, 0x37, 0x40, 0x1b, 0x35, 0x37, 0x2a, 0x32, 0x0d, 0x26, 0x1d, 0x8b,
  0x80, 0x5d, 0x94, 0x56, 0xa8, 0x99, 0x3c, 0x41, 0x36, 0x37, 0x29, 0x2f,
  0x11, 0x26, 0x15, 0x49, 0x56, 0x57, 0x23, 0x67, 0x91, 0x4c, 0xff, 0xff,
  0x00, 0x4d, 0xff, 0xec, 0x03, 0xd1, 0x05, 0x86, 0x06, 0x26, 0x01, 0x52,
  0x00, 0x00, 0x00, 0x07, 0x02, 0x5e, 0x00, 0xa3, 0x00, 0x00, 0xff, 0xff,
  0x00, 0x4d, 0xfe, 0x48, 0x03, 0xd1, 0x04, 0x1e, 0x06, 0x26, 0x01, 0x52,
  0x00, 0x00, 0x00, 0x07, 0x02, 0x6a, 0x01, 0x89, 0x00, 0x00, 0xff, 0xff,
  0x00, 0x4d, 0xfe, 0x72, 0x03, 0xd1, 0x04, 0x1e, 0x06, 0x26, 0x01, 0x52,
  0x00, 0x00, 0x00, 0x07, 0x02, 0x69, 0x01, 0x82, 0x00, 0x00, 0x00, 0x01,
  0x00, 0x7d, 0xff, 0xec, 0x04, 0x99, 0x05, 0xa6, 0x00, 0x3d, 0x00, 0x00,
  0x45, 0x22, 0x26, 0x27, 0x37, 0x16, 0x16, 0x33, 0x32, 0x36, 0x35, 0x34,
  0x26, 0x26, 0x27, 0x2e, 0x02, 0x35, 0x34, 0x36, 0x37, 0x3e, 0x02, 0x35,
  0x34, 0x26, 0x23, 0x22, 0x06, 0x15, 0x11, 0x21, 0x03, 0x3e, 0x03, 0x33,
  0x32, 0x16, 0x16, 0x15, 0x14, 0x06, 0x06, 0x07, 0x06, 0x06, 0x15, 0x14,
  0x16, 0x17, 0x1e, 0x03, 0x15, 0x14, 0x06, 0x06, 0x02, 0xf2, 0x52, 0x8a,
  0x30, 0x57, 0x21, 0x4f, 0x3b, 0x4a, 0x61, 0x31, 0x57, 0x3a, 0x39, 0x62,
  0x3d, 0x4a, 0x3a, 0x21, 0x3d, 0x29, 0x50, 0x4d, 0x5e, 0x6c, 0xfe, 0xe2,
  0x02, 0x02, 0x39, 0x77, 0xbe, 0x88, 0x87, 0xb5, 0x5b, 0x3a, 0x74, 0x56,
  0x1e, 0x1b, 0x1a, 0x20, 0x47, 0x8e, 0x75, 0x46, 0x6b, 0xbe, 0x14, 0x25,
  0x1e, 0xb4, 0x14, 0x27, 0x46, 0x44, 0x30, 0x3a, 0x2b, 0x16, 0x18, 0x42,
  0x62, 0x47, 0x4c, 0x66, 0x2b, 0x1b, 0x33, 0x3b, 0x29, 0x35, 0x45, 0x73,
  0x62, 0xfb, 0xec, 0x03, 0xdd, 0x5a, 0xa5, 0x80, 0x4a, 0x49, 0x86, 0x59,
  0x48, 0x67, 0x4e, 0x25, 0x10, 0x16, 0x12, 0x13, 0x13, 0x0a, 0x1e, 0x43,
  0x5c, 0x85, 0x61, 0x75, 0x9f, 0x51, 0x00, 0x01, 0x00, 0x3c, 0xff, 0xf5,
  0x02, 0xf0, 0x05, 0x42, 0x00, 0x17, 0x00, 0x00, 0x45, 0x22, 0x26, 0x26,
  0x35, 0x11, 0x23, 0x35, 0x33, 0x13, 0x33, 0x11, 0x33, 0x15, 0x23, 0x13,
  0x14, 0x16, 0x16, 0x33, 0x33, 0x15, 0x06, 0x06, 0x02, 0x3b, 0x89, 0x95,
  0x39, 0xa8, 0xb1, 0x4a, 0xd0, 0xe6, 0xe6, 0x02, 0x13, 0x29, 0x20, 0x8b,
  0x15, 0x54, 0x0b, 0x46, 0x7e, 0x53, 0x02, 0x33, 0xcb, 0x01, 0x38, 0xfe,
  0xc9, 0xcc, 0xfd, 0xd9, 0x26, 0x25, 0x0b, 0xb4, 0x09, 0x10, 0x00, 0x02,
  0x00, 0x3c, 0xff, 0xf5, 0x02, 0xf0, 0x05, 0x42, 0x00, 0x03, 0x00, 0x1b,
  0x00, 0x00, 0x53, 0x35, 0x21, 0x15, 0x03, 0x22, 0x26, 0x26, 0x35, 0x11,
  0x23, 0x35, 0x33, 0x13, 0x33, 0x11, 0x33, 0x15, 0x23, 0x13, 0x14, 0x16,
  0x16, 0x33, 0x33, 0x15, 0x06, 0x06, 0x4f, 0x02, 0x89, 0x9d, 0x89, 0x95,
  0x39, 0xa8, 0xb1, 0x4a, 0xd0, 0xe6, 0xe6, 0x02, 0x13, 0x29, 0x20, 0x8b,
  0x15, 0x54, 0x01, 0xed, 0xa5, 0xa5, 0xfe, 0x08, 0x46, 0x7e, 0x53, 0x02,
  0x33, 0xcb, 0x01, 0x38, 0xfe, 0xc9, 0xcc, 0xfd, 0xd9, 0x26, 0x25, 0x0b,
  0xb4, 0x09, 0x10, 0x00, 0xff, 0xff, 0x00, 0x3c, 0xff, 0xf5, 0x03, 0x21,
  0x06, 0x13, 0x04, 0x26, 0x01, 0x5a, 0x00, 0x00, 0x00, 0x07, 0x02, 0x5d,
  0x01, 0xe7, 0x00, 0x6d, 0x00, 0x02, 0x00, 0x3c, 0xfe, 0x63, 0x02, 0xf0,
  0x05, 0x42, 0x00, 0x1a, 0x00, 0x32, 0x00, 0x00, 0x41, 0x22, 0x26, 0x27,
  0x37, 0x16, 0x16, 0x33, 0x32, 0x36, 0x35, 0x34, 0x26, 0x27, 0x22, 0x26,
  0x37, 0x37, 0x33, 0x07, 0x1e, 0x02, 0x15, 0x14, 0x06, 0x06, 0x13, 0x22,
  0x26, 0x26, 0x35, 0x11, 0x23, 0x35, 0x33, 0x13, 0x33, 0x11, 0x33, 0x15,
  0x23, 0x13, 0x14, 0x16, 0x16, 0x33, 0x33, 0x15, 0x06, 0x06, 0x01, 0xdd,
  0x3e, 0x75, 0x33, 0x28, 0x1f, 0x50, 0x2b, 0x30, 0x34, 0x4c, 0x5d, 0x0d,
  0x09, 0x05, 0x4a, 0x81, 0x2c, 0x4b, 0x59, 0x26, 0x42, 0x6d, 0x1e, 0x89,
  0x95, 0x39, 0xa8, 0xb1, 0x4a, 0xd0, 0xe6, 0xe6, 0x02, 0x13, 0x29, 0x20,
  0x8b, 0x15, 0x54, 0xfe, 0x63, 0x18, 0x1e, 0x63, 0x13, 0x1f, 0x21, 0x1d,
  0x28, 0x29, 0x01, 0x07, 0x0c, 0xa9, 0x75, 0x01, 0x30, 0x47, 0x24, 0x33,
  0x48, 0x27, 0x01, 0x92, 0x46, 0x7e, 0x53, 0x02, 0x33, 0xcb, 0x01, 0x38,
  0xfe, 0xc9, 0xcc, 0xfd, 0xd9, 0x26, 0x25, 0x0b, 0xb4, 0x09, 0x10, 0x00,
  0xff, 0xff, 0x00, 0x3c, 0xfe, 0x54, 0x02, 0xf0, 0x05, 0x42, 0x06, 0x26,
  0x01, 0x5a, 0x00, 0x00, 0x00, 0x07, 0x02, 0x6a, 0x01, 0x59, 0x00, 0x0c,
  0xff, 0xff, 0x00, 0x3c, 0xfe, 0x7f, 0x02, 0xf0, 0x05, 0x42, 0x06, 0x26,
  0x01, 0x5a, 0x00, 0x00, 0x00, 0x07, 0x02, 0x69, 0x01, 0x52, 0x00, 0x0c,
  0x00, 0x01, 0x00, 0x70, 0xff, 0xec, 0x04, 0x29, 0x04, 0x0a, 0x00, 0x16,
  0x00, 0x00, 0x45, 0x22, 0x2e, 0x02, 0x35, 0x11, 0x21, 0x11, 0x14, 0x16,
  0x33, 0x32, 0x36, 0x35, 0x11, 0x21, 0x11, 0x23, 0x27, 0x0e, 0x02, 0x01,
  0xfa, 0x48, 0x8b, 0x72, 0x45, 0x01, 0x24, 0x5e, 0x5b, 0x56, 0x65, 0x01,
  0x21, 0xdc, 0x22, 0x12, 0x63, 0x7f, 0x14, 0x2c, 0x56, 0x7e, 0x53, 0x02,
  0xcb, 0xfd, 0x5a, 0x48, 0x5c, 0x59, 0x50, 0x02, 0xa1, 0xfb, 0xf6, 0xcd,
  0x5b, 0x61, 0x25, 0x00, 0xff, 0xff, 0x00, 0x70, 0xff, 0xec, 0x04, 0x29,
  0x05, 0xa6, 0x06, 0x26, 0x01, 0x60, 0x00, 0x00, 0x00, 0x07, 0x02, 0x5b,
  0x01, 0xd8, 0x00, 0x00, 0xff, 0xff, 0x00, 0x70, 0xff, 0xec, 0x04, 0x29,
  0x05, 0x81, 0x06, 0x26, 0x01, 0x60, 0x00, 0x00, 0x00, 0x07, 0x02, 0x60,
  0x00, 0xd2, 0xff, 0xff, 0xff, 0xff, 0x00, 0x70, 0xff, 0xec, 0x04, 0x29,
  0x05, 0x88, 0x06, 0x26, 0x01, 0x60, 0x00, 0x00, 0x00, 0x07, 0x02, 0x5f,
  0x00, 0xd2, 0x00, 0x00, 0xff, 0xff, 0x00, 0x70, 0xff, 0xec, 0x04, 0x29,
  0x05, 0x86, 0x06, 0x26, 0x01, 0x60, 0x00, 0x00, 0x00, 0x07, 0x02, 0x5e,
  0x00, 0xd2, 0x00, 0x00, 0xff, 0xff, 0xff, 0xfb, 0xff, 0xec, 0x04, 0x29,
  0x05, 0xa6, 0x06, 0x26, 0x01, 0x60, 0x00, 0x00, 0x00, 0x06, 0x02, 0x65,
  0xf1, 0x00, 0xff, 0xff, 0x00, 0x70, 0xff, 0xec, 0x04, 0x29, 0x05, 0xa6,
  0x06, 0x26, 0x01, 0x60, 0x00, 0x00, 0x00, 0x07, 0x02, 0x58, 0x00, 0xd2,
  0x00, 0x00, 0xff, 0xff, 0x00, 0x70, 0xfe, 0x72, 0x04, 0x29, 0x04, 0x0a,
  0x06, 0x26, 0x01, 0x60, 0x00, 0x00, 0x00, 0x07, 0x02, 0x69, 0x01, 0xbf,
  0x00, 0x00, 0xff, 0xff, 0x00, 0x70, 0xff, 0xec, 0x04, 0x29, 0x05, 0xa6,
  0x06, 0x26, 0x01, 0x60, 0x00, 0x00, 0x00, 0x07, 0x02, 0x5a, 0x00, 0xb0,
  0x00, 0x00, 0xff, 0xff, 0x00, 0x70, 0xff, 0xec, 0x04, 0x29, 0x06, 0x1a,
  0x06, 0x26, 0x01, 0x60, 0x00, 0x00, 0x00, 0x06, 0x02, 0x64, 0x08, 0xf8,
  0x00, 0x01, 0x00, 0x70, 0xff, 0xec, 0x05, 0x83, 0x04, 0x59, 0x00, 0x20,
  0x00, 0x00, 0x45, 0x22, 0x2e, 0x02, 0x35, 0x11, 0x21, 0x11, 0x14, 0x16,
  0x33, 0x32, 0x36, 0x35, 0x11, 0x21, 0x15, 0x3e, 0x02, 0x37, 0x33, 0x0e,
  0x02, 0x27, 0x11, 0x23, 0x27, 0x0e, 0x02, 0x01, 0xfa, 0x48, 0x8b, 0x72,
  0x45, 0x01, 0x24, 0x5e, 0x5b, 0x56, 0x65, 0x01, 0x21, 0x33, 0x3e, 0x22,
  0x06, 0xc1, 0x02, 0x3e, 0x95, 0x85, 0xdc, 0x22, 0x12, 0x63, 0x7f, 0x14,
  0x2c, 0x56, 0x7e, 0x53, 0x02, 0xcb, 0xfd, 0x5a, 0x48, 0x5c, 0x59, 0x50,
  0x02, 0xa1, 0x85, 0x01, 0x1d, 0x5a, 0x5c, 0x87, 0xa4, 0x44, 0x08, 0xfd,
  0x0e, 0xcd, 0x5b, 0x61, 0x25, 0x00, 0xff, 0xff, 0x00, 0x70, 0xff, 0xec,
  0x05, 0x83, 0x05, 0xa6, 0x04, 0x27, 0x02, 0x5b, 0x01, 0xe6, 0x00, 0x00,
  0x02, 0x06, 0x01, 0x6a, 0x00, 0x00, 0xff, 0xff, 0x00, 0x70, 0xfe, 0x72,
  0x05, 0x83, 0x04, 0x59, 0x04, 0x27, 0x02, 0x69, 0x01, 0xb6, 0x00, 0x00,
  0x02, 0x06, 0x01, 0x6a, 0x00, 0x00, 0xff, 0xff, 0x00, 0x70, 0xff, 0xec,
  0x05, 0x83, 0x05, 0xa6, 0x04, 0x27, 0x02, 0x5a, 0x00, 0xb9, 0x00, 0x00,
  0x02, 0x06, 0x01, 0x6a, 0x00, 0x00, 0xff, 0xff, 0x00, 0x70, 0xff, 0xec,
  0x05, 0x83, 0x06, 0x1a, 0x04, 0x26, 0x02, 0x64, 0x10, 0xf8, 0x02, 0x06,
  0x01, 0x6a, 0x00, 0x00, 0xff, 0xff, 0x00, 0x70, 0xff, 0xec, 0x05, 0x83,
  0x05, 0xa3, 0x04, 0x27, 0x02, 0x62, 0x00, 0xc0, 0x00, 0x00, 0x02, 0x06,
  0x01, 0x6a, 0x00, 0x00, 0xff, 0xff, 0x00, 0x70, 0xff, 0xec, 0x04, 0xa2,
  0x05, 0xa6, 0x06, 0x26, 0x01, 0x60, 0x00, 0x00, 0x00, 0x07, 0x02, 0x5c,
  0x01, 0x2d, 0x00, 0x00, 0xff, 0xff, 0x00, 0x70, 0xff, 0xec, 0x04, 0x29,
  0x05, 0x9b, 0x06, 0x26, 0x01, 0x60, 0x00, 0x00, 0x00, 0x07, 0x02, 0x66,
  0x00, 0xdb, 0x00, 0x00, 0xff, 0xff, 0x00, 0x70, 0xff, 0xec, 0x04, 0x29,
  0x05, 0x70, 0x06, 0x26, 0x01, 0x60, 0x00, 0x00, 0x00, 0x07, 0x02, 0x63,
  0x00, 0xcd, 0x00, 0x00, 0xff, 0xff, 0x00, 0x70, 0xfe, 0xaf, 0x04, 0x41,
  0x04, 0x0a, 0x06, 0x26, 0x01, 0x60, 0x00, 0x00, 0x00, 0x07, 0x02, 0x6c,
  0x02, 0x72, 0xff, 0xff, 0xff, 0xff, 0x00, 0x70, 0xff, 0xec, 0x04, 0x29,
  0x06, 0x1e, 0x06, 0x26, 0x01, 0x60, 0x00, 0x00, 0x00, 0x07, 0x02, 0x61,
  0x01, 0x54, 0x00, 0x0f, 0xff, 0xff, 0x00, 0x70, 0xff, 0xec, 0x04, 0x29,
  0x05, 0xa3, 0x06, 0x26, 0x01, 0x60, 0x00, 0x00, 0x00, 0x07, 0x02, 0x62,
  0x00, 0xb9, 0x00, 0x00, 0x00, 0x01, 0x00, 0x1b, 0x00, 0x00, 0x03, 0xf7,
  0x04, 0x0a, 0x00, 0x07, 0x00, 0x00, 0x61, 0x01, 0x21, 0x13, 0x33, 0x13,
  0x21, 0x01, 0x01, 0x9f, 0xfe, 0x7c, 0x01, 0x08, 0xe2, 0x08, 0xdf, 0x01,
  0x0b, 0xfe, 0x7c, 0x04, 0x0a, 0xfd, 0x6d, 0x02, 0x93, 0xfb, 0xf6, 0x00,
  0x00, 0x01, 0x00, 0x1e, 0x00, 0x00, 0x06, 0x0c, 0x04, 0x0a, 0x00, 0x0e,
  0x00, 0x00, 0x61, 0x01, 0x21, 0x13, 0x33, 0x13, 0x33, 0x13, 0x33, 0x13,
  0x21, 0x01, 0x23, 0x03, 0x03, 0x01, 0x6d, 0xfe, 0xb1, 0x01, 0x02, 0xc6,
  0x07, 0xbe, 0xd1, 0xc0, 0x08, 0xc0, 0x01, 0x08, 0xfe, 0xac, 0xe9, 0xc0,
  0xc1, 0x04, 0x0a, 0xfd, 0x7f, 0x02, 0x81, 0xfd, 0x7f, 0x02, 0x81, 0xfb,
  0xf6, 0x02, 0x72, 0xfd, 0x8e, 0x00, 0xff, 0xff, 0x00, 0x1e, 0x00, 0x00,
  0x06, 0x0c, 0x05, 0xa6, 0x06, 0x26, 0x01, 0x77, 0x00, 0x00, 0x00, 0x07,
  0x02, 0x5b, 0x02, 0xa6, 0x00, 0x00, 0xff, 0xff, 0x00, 0x1e, 0x00, 0x00,
  0x06, 0x0c, 0x05, 0x86, 0x06, 0x26, 0x01, 0x77, 0x00, 0x00, 0x00, 0x07,
  0x02, 0x5e, 0x01, 0xa0, 0x00, 0x00, 0xff, 0xff, 0x00, 0x1e, 0x00, 0x00,
  0x06, 0x0c, 0x05, 0xa6, 0x06, 0x26, 0x01, 0x77, 0x00, 0x00, 0x00, 0x07,
  0x02, 0x58, 0x01, 0xa0, 0x00, 0x00, 0xff, 0xff, 0x00, 0x1e, 0x00, 0x00,
  0x06, 0x0c, 0x05, 0xa6, 0x06, 0x26, 0x01, 0x77, 0x00, 0x00, 0x00, 0x07,
  0x02, 0x5a, 0x01, 0x7e, 0x00, 0x00, 0x00, 0x01, 0x00, 0x23, 0x00, 0x00,
  0x04, 0x75, 0x04, 0x0a, 0x00, 0x0b, 0x00, 0x00, 0x73, 0x01, 0x01, 0x21,
  0x13, 0x13, 0x21, 0x01, 0x01, 0x21, 0x03, 0x03, 0x23, 0x01, 0x8d, 0xfe,
  0x95, 0x01, 0x32, 0xd7, 0xd6, 0x01, 0x31, 0xfe, 0x92, 0x01, 0x8e, 0xfe,
  0xce, 0xf7, 0xf7, 0x02, 0x1b, 0x01, 0xef, 0xfe, 0xde, 0x01, 0x22, 0xfe,
  0x11, 0xfd, 0xe5, 0x01, 0x51, 0xfe, 0xaf, 0x00, 0x00, 0x01, 0x00, 0x1b,
  0xfe, 0xb6, 0x04, 0x4c, 0x04, 0x0a, 0x00, 0x14, 0x00, 0x00, 0x41, 0x22,
  0x26, 0x31, 0x35, 0x17, 0x16, 0x3e, 0x02, 0x37, 0x37, 0x01, 0x21, 0x13,
  0x13, 0x21, 0x01, 0x0e, 0x02, 0x01, 0x1f, 0x6a, 0x58, 0x67, 0x43, 0x52,
  0x2a, 0x13, 0x04, 0x13, 0xfe, 0x6e, 0x01, 0x21, 0xf8, 0xfa, 0x01, 0x1e,
  0xfe, 0x5d, 0x36, 0x79, 0x8b, 0xfe, 0xb6, 0x23, 0xba, 0x04, 0x04, 0x15,
  0x22, 0x25, 0x0b, 0x39, 0x03, 0xdf, 0xfd, 0x5e, 0x02, 0xa2, 0xfb, 0xf0,
  0x84, 0x8c, 0x34, 0x00, 0xff, 0xff, 0x00, 0x1b, 0xfe, 0xb6, 0x04, 0x4c,
  0x05, 0xa6, 0x06, 0x26, 0x01, 0x7d, 0x00, 0x00, 0x00, 0x07, 0x02, 0x5b,
  0x01, 0xbc, 0x00, 0x00, 0xff, 0xff, 0x00, 0x1b, 0xfe, 0xb6, 0x04, 0x4c,
  0x05, 0x86, 0x06, 0x26, 0x01, 0x7d, 0x00, 0x00, 0x00, 0x07, 0x02, 0x5e,
  0x00, 0xbf, 0x00, 0x00, 0xff, 0xff, 0x00, 0x1b, 0xfe, 0xb6, 0x04, 0x4c,
  0x05, 0xa6, 0x06, 0x26, 0x01, 0x7d, 0x00, 0x00, 0x00, 0x07, 0x02, 0x58,
  0x00, 0xb7, 0x00, 0x00, 0xff, 0xff, 0x00, 0x1b, 0xfe, 0x9a, 0x04, 0x4c,
  0x04, 0x0a, 0x06, 0x26, 0x01, 0x7d, 0x00, 0x00, 0x00, 0x07, 0x02, 0x69,
  0x02, 0xcc, 0x00, 0x28, 0xff, 0xff, 0x00, 0x1b, 0xfe, 0xb6, 0x04, 0x4c,
  0x05, 0xa6, 0x06, 0x26, 0x01, 0x7d, 0x00, 0x00, 0x00, 0x07, 0x02, 0x5a,
  0x00, 0x95, 0x00, 0x00, 0xff, 0xff, 0x00, 0x1b, 0xfe, 0xb6, 0x04, 0x4c,
  0x06, 0x1a, 0x06, 0x26, 0x01, 0x7d, 0x00, 0x00, 0x00, 0x06, 0x02, 0x64,
  0xec, 0xf8, 0xff, 0xff, 0x00, 0x1b, 0xfe, 0xb6, 0x04, 0x4c, 0x05, 0xa3,
  0x06, 0x26, 0x01, 0x7d, 0x00, 0x00, 0x00, 0x07, 0x02, 0x62, 0x00, 0x9d,
  0x00, 0x00, 0x00, 0x01, 0x00, 0x3f, 0x00, 0x00, 0x03, 0xa2, 0x04, 0x0a,
  0x00, 0x09, 0x00, 0x00, 0x73, 0x35, 0x01, 0x21, 0x35, 0x21, 0x15, 0x01,
  0x21, 0x15, 0x3f, 0x01, 0xfe, 0xfe, 0x1c, 0x03, 0x46, 0xfe, 0x01, 0x02,
  0x02, 0xa3, 0x02, 0x9b, 0xcc, 0xa3, 0xfd, 0x65, 0xcc, 0x00, 0xff, 0xff,
  0x00, 0x3f, 0x00, 0x00, 0x03, 0xa2, 0x05, 0xa6, 0x06, 0x26, 0x01, 0x85,
  0x00, 0x00, 0x00, 0x07, 0x02, 0x5b, 0x01, 0x7d, 0x00, 0x00, 0xff, 0xff,
  0x00, 0x3f, 0x00, 0x00, 0x03, 0xa2, 0x05, 0x88, 0x06, 0x26, 0x01, 0x85,
  0x00, 0x00, 0x00, 0x06, 0x02, 0x5f, 0x77, 0x00, 0xff, 0xff, 0x00, 0x3f,
  0x00, 0x00, 0x03, 0xa2, 0x05, 0xa6, 0x06, 0x26, 0x01, 0x85, 0x00, 0x00,
  0x00, 0x07, 0x02, 0x59, 0x01, 0x5e, 0x00, 0x00, 0xff, 0xff, 0x00, 0x3f,
  0xfe, 0x72, 0x03, 0xa2, 0x04, 0x0a, 0x06, 0x26, 0x01, 0x85, 0x00, 0x00,
  0x00, 0x07, 0x02, 0x69, 0x01, 0x60, 0x00, 0x00, 0x00, 0x02, 0x00, 0x52,
  0xfe, 0xaf, 0x04, 0x4b, 0x04, 0x1c, 0x00, 0x25, 0x00, 0x36, 0x00, 0x00,
  0x41, 0x22, 0x2e, 0x02, 0x27, 0x21, 0x16, 0x16, 0x17, 0x32, 0x36, 0x36,
  0x37, 0x35, 0x06, 0x06, 0x23, 0x22, 0x2e, 0x02, 0x27, 0x26, 0x3e, 0x02,
  0x33, 0x32, 0x16, 0x16, 0x17, 0x37, 0x21, 0x13, 0x16, 0x06, 0x06, 0x03,
  0x32, 0x36, 0x36, 0x35, 0x27, 0x34, 0x26, 0x26, 0x23, 0x22, 0x06, 0x06,
  0x15, 0x14, 0x16, 0x16, 0x02, 0x3f, 0x6d, 0xa6, 0x72, 0x3e, 0x05, 0x01,
  0x0e, 0x0a, 0x65, 0x48, 0x59, 0x71, 0x37, 0x01, 0x2c, 0xa5, 0x68, 0x55,
  0x9b, 0x79, 0x48, 0x01, 0x01, 0x35, 0x6d, 0xa2, 0x6b, 0x46, 0x78, 0x56,
  0x14, 0x01, 0x01, 0x1f, 0x01, 0x01, 0x87, 0xec, 0x7b, 0x4e, 0x5a, 0x27,
  0x02, 0x37, 0x5f, 0x3b, 0x49, 0x64, 0x32, 0x39, 0x66, 0xfe, 0xaf, 0x41,
  0x65, 0x70, 0x2e, 0x2c, 0x42, 0x01, 0x43, 0x6a, 0x3b, 0x4c, 0x4f, 0x3b,
  0x49, 0x84, 0xb4, 0x6c, 0x5d, 0xb6, 0x95, 0x59, 0x31, 0x48, 0x23, 0x88,
  0xfc, 0xa4, 0x9d, 0xe4, 0x7c, 0x02, 0x50, 0x44, 0x6d, 0x40, 0x6c, 0x3a,
  0x70, 0x49, 0x54, 0x8c, 0x54, 0x4e, 0x81, 0x4d, 0x00, 0x01, 0x00, 0xa2,
  0x00, 0x00, 0x01, 0xc6, 0x05, 0xce, 0x00, 0x03, 0x00, 0x00, 0x73, 0x11,
  0x21, 0x11, 0xa2, 0x01, 0x24, 0x05, 0xce, 0xfa, 0x32, 0x00, 0xff, 0xff,
  0x00, 0x32, 0x00, 0x00, 0x04, 0xb2, 0x05, 0xa6, 0x04, 0x26, 0x00, 0xff,
  0x00, 0x00, 0x00, 0x07, 0x01, 0x09, 0x03, 0x19, 0x00, 0x00, 0xff, 0xff,
  0x00, 0x32, 0xff, 0xee, 0x05, 0x5a, 0x05, 0xce, 0x04, 0x26, 0x00, 0xff,
  0x00, 0x00, 0x00, 0x07, 0x01, 0x1e, 0x03, 0x19, 0x00, 0x00, 0x00, 0x02,
  0x00, 0x53, 0x03, 0x1a, 0x02, 0xbe, 0x05, 0xb8, 0x00, 0x21, 0x00, 0x2e,
  0x00, 0x00, 0x41, 0x22, 0x26, 0x35, 0x34, 0x36, 0x37, 0x37, 0x35, 0x34,
  0x26, 0x23, 0x22, 0x06, 0x07, 0x27, 0x36, 0x36, 0x33, 0x16, 0x16, 0x15,
  0x14, 0x14, 0x15, 0x14, 0x16, 0x16, 0x17, 0x17, 0x23, 0x27, 0x06, 0x06,
  0x37, 0x32, 0x37, 0x36, 0x36, 0x35, 0x35, 0x07, 0x06, 0x06, 0x15, 0x14,
  0x16, 0x01, 0x29, 0x67, 0x6f, 0xb5, 0x9f, 0x4d, 0x42, 0x27, 0x28, 0x44,
  0x19, 0xa3, 0x25, 0x88, 0x82, 0x9a, 0x7d, 0x01, 0x03, 0x03, 0x0e, 0xbb,
  0x0f, 0x35, 0x59, 0x0b, 0x3b, 0x28, 0x0f, 0x11, 0x40, 0x4e, 0x59, 0x35,
  0x03, 0x1a, 0x65, 0x53, 0x61, 0x79, 0x05, 0x04, 0x2b, 0x39, 0x26, 0x22,
  0x32, 0x24, 0x53, 0x56, 0x01, 0x6e, 0x60, 0x53, 0x6d, 0x3b, 0x0b, 0x35,
  0x3a, 0x13, 0x3b, 0x46, 0x29, 0x29, 0x77, 0x23, 0x0e, 0x1a, 0x12, 0x61,
  0x03, 0x03, 0x3b, 0x31, 0x22, 0x2a, 0x00, 0x02, 0x00, 0x4c, 0x03, 0x1b,
  0x02, 0xdb, 0x05, 0xb9, 0x00, 0x0f, 0x00, 0x1b, 0x00, 0x00, 0x41, 0x22,
  0x26, 0x26, 0x35, 0x34, 0x36, 0x36, 0x33, 0x32, 0x16, 0x16, 0x15, 0x14,
  0x06, 0x06, 0x27, 0x32, 0x36, 0x35, 0x34, 0x26, 0x23, 0x22, 0x06, 0x15,
  0x14, 0x16, 0x01, 0x93, 0x63, 0x94, 0x50, 0x54, 0x94, 0x5f, 0x63, 0x93,
  0x52, 0x52, 0x93, 0x63, 0x44, 0x42, 0x42, 0x44, 0x43, 0x42, 0x42, 0x03,
  0x1b, 0x55, 0x96, 0x61, 0x65, 0x98, 0x55, 0x56, 0x99, 0x63, 0x61, 0x96,
  0x55, 0x80, 0x6a, 0x67, 0x67, 0x69, 0x69, 0x67, 0x67, 0x6a, 0x00, 0x01,
  0x00, 0x2e, 0x00, 0x00, 0x05, 0x09, 0x04, 0x0a, 0x00, 0x15, 0x00, 0x00,
  0x73, 0x3e, 0x03, 0x35, 0x34, 0x23, 0x23, 0x35, 0x21, 0x15, 0x23, 0x11,
  0x21, 0x03, 0x21, 0x14, 0x0e, 0x02, 0x07, 0x72, 0x16, 0x27, 0x1f, 0x12,
  0x11, 0xa1, 0x04, 0xdb, 0xbd, 0xfe, 0xe8, 0x01, 0xfe, 0xc5, 0x13, 0x20,
  0x2b, 0x18, 0x54, 0xcc, 0xdb, 0xd4, 0x5c, 0x14, 0xcb, 0xcb, 0xfc, 0xc1,
  0x03, 0x3f, 0x61, 0xe5, 0xe6, 0xcb, 0x48, 0x00, 0x00, 0x02, 0x00, 0x58,
  0xff, 0xea, 0x04, 0xb2, 0x05, 0xba, 0x00, 0x0c, 0x00, 0x18, 0x00, 0x00,
  0x45, 0x20, 0x00, 0x11, 0x34, 0x12, 0x36, 0x33, 0x20, 0x00, 0x11, 0x10,
  0x00, 0x25, 0x32, 0x36, 0x11, 0x10, 0x26, 0x23, 0x22, 0x06, 0x11, 0x10,
  0x16, 0x02, 0x86, 0xfe, 0xf9, 0xfe, 0xd9, 0x88, 0xfa, 0xac, 0x01, 0x02,
  0x01, 0x2a, 0xfe, 0xda, 0xfe, 0xfa, 0x81, 0x78, 0x7a, 0x80, 0x80, 0x7d,
  0x7c, 0x16, 0x01, 0x7e, 0x01, 0x67, 0xf0, 0x01, 0x4e, 0xad, 0xfe, 0x7f,
  0xfe, 0x97, 0xfe, 0x99, 0xfe, 0x81, 0xef, 0xe7, 0x01, 0x0f, 0x01, 0x15,
  0xf0, 0xf2, 0xfe, 0xed, 0xfe, 0xf2, 0xe8, 0x00, 0x00, 0x01, 0x00, 0x56,
  0x00, 0x00, 0x02, 0x80, 0x05, 0xa6, 0x00, 0x09, 0x00, 0x00, 0x61, 0x11,
  0x21, 0x35, 0x32, 0x36, 0x36, 0x37, 0x33, 0x11, 0x01, 0x58, 0xfe, 0xfe,
  0x7c, 0x99, 0x4c, 0x07, 0xc2, 0x04, 0x3b, 0xa5, 0x2f, 0x59, 0x3e, 0xfa,
  0x5a, 0x00, 0x00, 0x01, 0x00, 0x56, 0x00, 0x00, 0x04, 0x99, 0x05, 0xba,
  0x00, 0x24, 0x00, 0x00, 0x73, 0x35, 0x35, 0x34, 0x3e, 0x05, 0x35, 0x34,
  0x26, 0x23, 0x22, 0x06, 0x07, 0x21, 0x3e, 0x02, 0x33, 0x32, 0x16, 0x16,
  0x15, 0x14, 0x0e, 0x05, 0x15, 0x15, 0x21, 0x15, 0x71, 0x52, 0x87, 0xa1,
  0xa2, 0x87, 0x52, 0x79, 0x69, 0x6d, 0x98, 0x12, 0xfe, 0xe9, 0x02, 0x7d,
  0xfa, 0xbd, 0xa2, 0xeb, 0x80, 0x50, 0x84, 0x9e, 0x9d, 0x84, 0x50, 0x02,
  0xe1, 0x90, 0x4a, 0x6e, 0xa1, 0x77, 0x5a, 0x50, 0x51, 0x64, 0x44, 0x57,
  0x6e, 0x7e, 0x7f, 0x8a, 0xe1, 0x84, 0x6e, 0xc4, 0x83, 0x6d, 0x9e, 0x70,
  0x54, 0x48, 0x4b, 0x5e, 0x42, 0x0d, 0xf6, 0x00, 0x00, 0x01, 0x00, 0x58,
  0xff, 0xea, 0x04, 0xda, 0x05, 0xba, 0x00, 0x33, 0x00, 0x00, 0x45, 0x2e,
  0x02, 0x27, 0x21, 0x16, 0x16, 0x33, 0x32, 0x36, 0x36, 0x35, 0x34, 0x26,
  0x26, 0x27, 0x27, 0x35, 0x37, 0x3e, 0x02, 0x35, 0x34, 0x26, 0x26, 0x23,
  0x22, 0x06, 0x06, 0x07, 0x21, 0x34, 0x36, 0x36, 0x33, 0x32, 0x16, 0x16,
  0x15, 0x14, 0x06, 0x07, 0x1e, 0x02, 0x15, 0x14, 0x0e, 0x02, 0x02, 0x80,
  0xae, 0xf5, 0x83, 0x02, 0x01, 0x19, 0x15, 0x96, 0x67, 0x5a, 0x81, 0x45,
  0x47, 0x7e, 0x51, 0x8a, 0x7c, 0x4e, 0x74, 0x41, 0x42, 0x74, 0x4b, 0x45,
  0x74, 0x4a, 0x06, 0xfe, 0xe9, 0x93, 0xfa, 0x99, 0xa2, 0xfd, 0x92, 0x7c,
  0x8c, 0x50, 0x88, 0x52, 0x5e, 0xa6, 0xda, 0x16, 0x01, 0x71, 0xd2, 0x91,
  0x7b, 0x6e, 0x34, 0x5d, 0x3c, 0x3e, 0x5a, 0x33, 0x02, 0x05, 0xe8, 0x07,
  0x03, 0x34, 0x57, 0x37, 0x35, 0x4e, 0x2c, 0x2e, 0x69, 0x58, 0x9c, 0xce,
  0x67, 0x54, 0xac, 0x84, 0x6b, 0xa3, 0x30, 0x16, 0x5a, 0x8c, 0x62, 0x6a,
  0xa2, 0x6e, 0x36, 0x00, 0x00, 0x02, 0x00, 0x56, 0x00, 0x00, 0x04, 0xe7,
  0x05, 0xa6, 0x00, 0x0a, 0x00, 0x0d, 0x00, 0x00, 0x61, 0x13, 0x21, 0x35,
  0x01, 0x21, 0x11, 0x33, 0x15, 0x23, 0x11, 0x01, 0x21, 0x11, 0x02, 0xef,
  0x01, 0xfd, 0x66, 0x02, 0x93, 0x01, 0x1f, 0xdf, 0xdf, 0xfd, 0x5c, 0x01,
  0x8c, 0x01, 0x40, 0xf0, 0x03, 0x76, 0xfc, 0x8f, 0xf5, 0xfe, 0xc0, 0x02,
  0x35, 0x02, 0x12, 0x00, 0x00, 0x01, 0x00, 0x58, 0xff, 0xea, 0x04, 0xee,
  0x05, 0xa6, 0x00, 0x27, 0x00, 0x00, 0x45, 0x22, 0x26, 0x26, 0x27, 0x37,
  0x1e, 0x02, 0x33, 0x32, 0x36, 0x35, 0x34, 0x26, 0x26, 0x23, 0x22, 0x06,
  0x06, 0x07, 0x06, 0x22, 0x27, 0x27, 0x13, 0x21, 0x07, 0x21, 0x03, 0x36,
  0x36, 0x33, 0x32, 0x16, 0x16, 0x15, 0x14, 0x06, 0x06, 0x02, 0xba, 0x8e,
  0xf4, 0xb2, 0x2e, 0xe4, 0x27, 0x62, 0x81, 0x56, 0x82, 0x9e, 0x47, 0x7c,
  0x53, 0x2c, 0x4f, 0x51, 0x31, 0x0e, 0x0b, 0x0f, 0xd4, 0x42, 0x03, 0xa1,
  0x0b, 0xfd, 0x51, 0x1c, 0x50, 0x91, 0x57, 0x91, 0xe5, 0x86, 0x8a, 0xfd,
  0x16, 0x58, 0x99, 0x63, 0x87, 0x44, 0x6d, 0x3f, 0x8a, 0x6f, 0x46, 0x6f,
  0x40, 0x0f, 0x29, 0x26, 0x06, 0x07, 0x62, 0x02, 0xde, 0xef, 0xfe, 0xa3,
  0x2d, 0x28, 0x6d, 0xd2, 0x97, 0x99, 0xde, 0x78, 0x00, 0x02, 0x00, 0x58,
  0xff, 0xea, 0x04, 0xd1, 0x05, 0xba, 0x00, 0x1f, 0x00, 0x2f, 0x00, 0x00,
  0x45, 0x22, 0x24, 0x02, 0x35, 0x34, 0x12, 0x24, 0x33, 0x32, 0x16, 0x16,
  0x17, 0x21, 0x26, 0x26, 0x23, 0x22, 0x06, 0x06, 0x17, 0x3e, 0x02, 0x33,
  0x32, 0x16, 0x16, 0x15, 0x14, 0x06, 0x06, 0x27, 0x32, 0x36, 0x36, 0x35,
  0x34, 0x26, 0x26, 0x23, 0x22, 0x06, 0x06, 0x15, 0x06, 0x16, 0x16, 0x02,
  0xab, 0xb8, 0xfe, 0xf4, 0x8f, 0x91, 0x01, 0x10, 0xbe, 0x88, 0xe6, 0x91,
  0x07, 0xfe, 0xf5, 0x1a, 0x7c, 0x5f, 0x68, 0x8a, 0x3c, 0x0e, 0x21, 0x66,
  0x7e, 0x44, 0x93, 0xdc, 0x7c, 0x8b, 0xf8, 0xad, 0x46, 0x71, 0x44, 0x42,
  0x71, 0x47, 0x3e, 0x73, 0x49, 0x01, 0x3f, 0x71, 0x16, 0xb2, 0x01, 0x42,
  0xd9, 0xee, 0x01, 0x5a, 0xbb, 0x63, 0xbb, 0x83, 0x5b, 0x5f, 0x76, 0xd4,
  0x8d, 0x30, 0x43, 0x24, 0x6d, 0xc8, 0x86, 0x8e, 0xdf, 0x81, 0xe0, 0x41,
  0x74, 0x4b, 0x50, 0x6a, 0x35, 0x37, 0x55, 0x2c, 0x61, 0x8b, 0x4b, 0x00,
  0x00, 0x01, 0x00, 0x56, 0x00, 0x00, 0x04, 0x8e, 0x05, 0xa6, 0x00, 0x0f,
  0x00, 0x00, 0x61, 0x36, 0x1a, 0x02, 0x37, 0x21, 0x35, 0x21, 0x15, 0x06,
  0x06, 0x02, 0x02, 0x06, 0x07, 0x01, 0x5d, 0x08, 0x40, 0x7b, 0xbb, 0x82,
  0xfc, 0xf9, 0x04, 0x38, 0x45, 0x8b, 0x7f, 0x66, 0x3e, 0x03, 0x58, 0x01,
  0x0d, 0x01, 0x47, 0x01, 0x60, 0xab, 0xef, 0xef, 0x56, 0xea, 0xfe, 0xf6,
  0xfe, 0xf0, 0xfa, 0x63, 0x00, 0x03, 0x00, 0x58, 0xff, 0xeb, 0x04, 0xe6,
  0x05, 0xba, 0x00, 0x1d, 0x00, 0x2b, 0x00, 0x37, 0x00, 0x00, 0x45, 0x22,
  0x24, 0x26, 0x35, 0x34, 0x36, 0x36, 0x37, 0x26, 0x26, 0x35, 0x34, 0x36,
  0x36, 0x33, 0x32, 0x16, 0x16, 0x15, 0x14, 0x06, 0x07, 0x1e, 0x02, 0x15,
  0x14, 0x06, 0x04, 0x27, 0x32, 0x36, 0x35, 0x34, 0x26, 0x26, 0x23, 0x22,
  0x06, 0x06, 0x15, 0x14, 0x16, 0x13, 0x32, 0x36, 0x35, 0x34, 0x26, 0x23,
  0x22, 0x06, 0x15, 0x14, 0x16, 0x02, 0x9e, 0xae, 0xfe, 0xfa, 0x92, 0x52,
  0x7e, 0x43, 0x59, 0x7c, 0x89, 0xec, 0x93, 0x95, 0xeb, 0x88, 0x7a, 0x59,
  0x42, 0x7f, 0x52, 0x91, 0xfe, 0xf9, 0xb0, 0x80, 0x91, 0x42, 0x7a, 0x55,
  0x53, 0x7a, 0x42, 0x92, 0x7d, 0x64, 0x81, 0x82, 0x63, 0x62, 0x82, 0x82,
  0x15, 0x67, 0xbe, 0x81, 0x53, 0x95, 0x67, 0x0e, 0x2a, 0x9c, 0x6f, 0x84,
  0xb5, 0x5e, 0x5e, 0xb5, 0x84, 0x6f, 0x9c, 0x2a, 0x0e, 0x67, 0x95, 0x53,
  0x81, 0xbe, 0x67, 0xdc, 0x73, 0x5f, 0x40, 0x61, 0x38, 0x38, 0x61, 0x40,
  0x5f, 0x73, 0x02, 0x98, 0x6b, 0x5f, 0x5e, 0x6e, 0x6e, 0x5e, 0x5f, 0x6b,
  0x00, 0x02, 0x00, 0x5c, 0xff, 0xea, 0x04, 0xce, 0x05, 0xba, 0x00, 0x1f,
  0x00, 0x2e, 0x00, 0x00, 0x45, 0x22, 0x26, 0x26, 0x27, 0x21, 0x16, 0x16,
  0x33, 0x32, 0x36, 0x36, 0x27, 0x0e, 0x02, 0x23, 0x22, 0x26, 0x26, 0x35,
  0x34, 0x36, 0x36, 0x33, 0x32, 0x04, 0x12, 0x15, 0x10, 0x02, 0x04, 0x03,
  0x32, 0x36, 0x36, 0x35, 0x36, 0x26, 0x26, 0x23, 0x22, 0x06, 0x06, 0x15,
  0x14, 0x16, 0x02, 0x6b, 0x87, 0xea, 0x94, 0x09, 0x01, 0x16, 0x12, 0x7c,
  0x5e, 0x68, 0x9d, 0x4f, 0x0c, 0x1c, 0x63, 0x84, 0x51, 0x93, 0xe3, 0x81,
  0x88, 0xf4, 0xa4, 0xb8, 0x01, 0x0b, 0x8f, 0x93, 0xfe, 0xee, 0xa4, 0x3d,
  0x73, 0x4a, 0x01, 0x3f, 0x71, 0x4b, 0x45, 0x6c, 0x3e, 0x84, 0x16, 0x68,
  0xbd, 0x7f, 0x54, 0x69, 0x62, 0xd6, 0xad, 0x35, 0x4f, 0x2b, 0x6f, 0xcd,
  0x8d, 0x8e, 0xde, 0x7e, 0xaf, 0xfe, 0xbf, 0xd9, 0xfe, 0xfd, 0xfe, 0xa7,
  0xab, 0x03, 0x05, 0x37, 0x54, 0x2d, 0x61, 0x8b, 0x4a, 0x40, 0x74, 0x4c,
  0x71, 0x7d, 0xff, 0xff, 0x00, 0x58, 0xff, 0xea, 0x04, 0xb2, 0x05, 0xba,
  0x06, 0x06, 0x01, 0x91, 0x00, 0x00, 0xff, 0xff, 0x00, 0x56, 0x00, 0x00,
  0x02, 0x80, 0x05, 0xa6, 0x06, 0x06, 0x01, 0x92, 0x00, 0x00, 0xff, 0xff,
  0x00, 0x56, 0x00, 0x00, 0x04, 0x99, 0x05, 0xba, 0x06, 0x06, 0x01, 0x93,
  0x00, 0x00, 0xff, 0xff, 0x00, 0x58, 0xff, 0xed, 0x04, 0xda, 0x05, 0xbd,
  0x06, 0x06, 0x01, 0x94, 0x00, 0x03, 0xff, 0xff, 0x00, 0x56, 0x00, 0x00,
  0x04, 0xe7, 0x05, 0xa6, 0x06, 0x06, 0x01, 0x95, 0x00, 0x00, 0xff, 0xff,
  0x00, 0x58, 0xff, 0xea, 0x04, 0xee, 0x05, 0xa6, 0x06, 0x06, 0x01, 0x96,
  0x00, 0x00, 0xff, 0xff, 0x00, 0x58, 0xff, 0xea, 0x04, 0xd1, 0x05, 0xba,
  0x06, 0x06, 0x01, 0x97, 0x00, 0x00, 0xff, 0xff, 0x00, 0x56, 0x00, 0x00,
  0x04, 0x8e, 0x05, 0xa6, 0x06, 0x06, 0x01, 0x98, 0x00, 0x00, 0xff, 0xff,
  0x00, 0x58, 0xff, 0xeb, 0x04, 0xe6, 0x05, 0xba, 0x06, 0x06, 0x01, 0x99,
  0x00, 0x00, 0xff, 0xff, 0x00, 0x5c, 0xff, 0xea, 0x04, 0xce, 0x05, 0xba,
  0x06, 0x06, 0x01, 0x9a, 0x00, 0x00, 0xff, 0xff, 0x00, 0x8f, 0xff, 0xea,
  0x04, 0xe9, 0x05, 0xba, 0x04, 0x06, 0x01, 0x91, 0x37, 0x00, 0x00, 0x02,
  0x00, 0xb9, 0x00, 0x00, 0x04, 0xd6, 0x05, 0xa7, 0x00, 0x06, 0x00, 0x0a,
  0x00, 0x00, 0x65, 0x11, 0x05, 0x35, 0x25, 0x33, 0x11, 0x05, 0x35, 0x21,
  0x15, 0x02, 0x4e, 0xfe, 0x81, 0x02, 0x23, 0x78, 0xfd, 0x4f, 0x04, 0x1d,
  0x01, 0x04, 0x6d, 0x73, 0xfe, 0xae, 0xfa, 0x5a, 0x01, 0xf6, 0xf6, 0x00,
  0xff, 0xff, 0x00, 0xa6, 0x00, 0x00, 0x04, 0xe8, 0x05, 0xba, 0x04, 0x06,
  0x01, 0x93, 0x50, 0x00, 0xff, 0xff, 0x00, 0x85, 0xff, 0xea, 0x05, 0x07,
  0x05, 0xba, 0x04, 0x06, 0x01, 0x94, 0x2d, 0x00, 0xff, 0xff, 0x00, 0x72,
  0x00, 0x00, 0x05, 0x02, 0x05, 0xa6, 0x04, 0x06, 0x01, 0x95, 0x1b, 0x00,
  0xff, 0xff, 0x00, 0x96, 0xff, 0xea, 0x05, 0x2c, 0x05, 0xa6, 0x04, 0x06,
  0x01, 0x96, 0x3e, 0x00, 0xff, 0xff, 0x00, 0x80, 0xff, 0xea, 0x04, 0xf9,
  0x05, 0xba, 0x04, 0x06, 0x01, 0x97, 0x28, 0x00, 0x00, 0x01, 0x00, 0x7b,
  0x00, 0x00, 0x05, 0x01, 0x05, 0xa6, 0x00, 0x0f, 0x00, 0x00, 0x61, 0x36,
  0x1a, 0x02, 0x37, 0x21, 0x35, 0x21, 0x15, 0x06, 0x06, 0x02, 0x02, 0x06,
  0x07, 0x01, 0x83, 0x08, 0x57, 0x99, 0xd2, 0x82, 0xfc, 0xac, 0x04, 0x86,
  0x45, 0x9a, 0x95, 0x7c, 0x4c, 0x04, 0x58, 0x01, 0x0d, 0x01, 0x47, 0x01,
  0x60, 0xab, 0xef, 0xef, 0x56, 0xea, 0xfe, 0xf6, 0xfe, 0xf0, 0xfa, 0x63,
  0xff, 0xff, 0x00, 0x75, 0xff, 0xeb, 0x05, 0x03, 0x05, 0xba, 0x04, 0x06,
  0x01, 0x99, 0x1d, 0x00, 0xff, 0xff, 0x00, 0x8c, 0xff, 0xea, 0x04, 0xfe,
  0x05, 0xba, 0x04, 0x06, 0x01, 0x9a, 0x30, 0x00, 0xff, 0xff, 0x00, 0x34,
  0xfe, 0xa9, 0x02, 0xf1, 0x02, 0x4f, 0x06, 0x07, 0x01, 0xb9, 0x00, 0x00,
  0xfe, 0xb6, 0xff, 0xff, 0x00, 0x2a, 0xfe, 0xb5, 0x01, 0x8a, 0x02, 0x43,
  0x06, 0x07, 0x01, 0xba, 0x00, 0x00, 0xfe, 0xb6, 0xff, 0xff, 0x00, 0x2a,
  0xfe, 0xb5, 0x02, 0xd9, 0x02, 0x4f, 0x06, 0x07, 0x01, 0xbb, 0x00, 0x00,
  0xfe, 0xb6, 0xff, 0xff, 0x00, 0x3e, 0xfe, 0xa8, 0x03, 0x14, 0x02, 0x4e,
  0x06, 0x07, 0x01, 0xbc, 0x00, 0x00, 0xfe, 0xb6, 0xff, 0xff, 0x00, 0x2a,
  0xfe, 0xb8, 0x03, 0x0a, 0x02, 0x46, 0x06, 0x07, 0x01, 0xbd, 0x00, 0x00,
  0xfe, 0xb6, 0xff, 0xff, 0x00, 0x34, 0xfe, 0xaa, 0x03, 0x17, 0x02, 0x44,
  0x06, 0x07, 0x01, 0xbe, 0x00, 0x00, 0xfe, 0xb6, 0xff, 0xff, 0x00, 0x34,
  0xfe, 0xad, 0x03, 0x05, 0x02, 0x50, 0x06, 0x07, 0x01, 0xbf, 0x00, 0x00,
  0xfe, 0xb6, 0xff, 0xff, 0x00, 0x2a, 0xfe, 0xb5, 0x02, 0xd3, 0x02, 0x43,
  0x06, 0x07, 0x01, 0xc0, 0x00, 0x00, 0xfe, 0xb6, 0xff, 0xff, 0x00, 0x3e,
  0xfe, 0xae, 0x03, 0x1d, 0x02, 0x52, 0x06, 0x07, 0x01, 0xc1, 0x00, 0x00,
  0xfe, 0xb8, 0xff, 0xff, 0x00, 0x37, 0xfe, 0xa9, 0x03, 0x03, 0x02, 0x4d,
  0x06, 0x07, 0x01, 0xc2, 0x00, 0x00, 0xfe, 0xb6, 0x00, 0x02, 0x00, 0x34,
  0xff, 0xf3, 0x02, 0xf1, 0x03, 0x99, 0x00, 0x0b, 0x00, 0x17, 0x00, 0x00,
  0x45, 0x22, 0x26, 0x35, 0x34, 0x36, 0x33, 0x32, 0x16, 0x15, 0x14, 0x06,
  0x27, 0x32, 0x36, 0x35, 0x34, 0x26, 0x23, 0x22, 0x06, 0x15, 0x14, 0x16,
  0x01, 0x93, 0xa8, 0xb7, 0xb9, 0xa6, 0xa6, 0xb8, 0xb6, 0xa8, 0x53, 0x48,
  0x4a, 0x52, 0x51, 0x4b, 0x4a, 0x0d, 0xf1, 0xde, 0xdf, 0xf8, 0xf8, 0xde,
  0xde, 0xf2, 0x97, 0x92, 0xa5, 0xaa, 0x99, 0x9a, 0xa9, 0xa4, 0x93, 0x00,
  0x00, 0x01, 0x00, 0x2a, 0xff, 0xff, 0x01, 0x8a, 0x03, 0x8d, 0x00, 0x08,
  0x00, 0x00, 0x57, 0x11, 0x23, 0x35, 0x32, 0x36, 0x37, 0x33, 0x11, 0xcc,
  0xa2, 0x74, 0x67, 0x07, 0x7e, 0x01, 0x02, 0xa7, 0x6a, 0x41, 0x3c, 0xfc,
  0x72, 0x00, 0x00, 0x01, 0x00, 0x2a, 0xff, 0xff, 0x02, 0xd9, 0x03, 0x99,
  0x00, 0x21, 0x00, 0x00, 0x57, 0x35, 0x35, 0x34, 0x3e, 0x04, 0x35, 0x34,
  0x26, 0x23, 0x22, 0x06, 0x07, 0x23, 0x34, 0x36, 0x36, 0x33, 0x32, 0x16,
  0x15, 0x14, 0x0e, 0x04, 0x15, 0x15, 0x21, 0x15, 0x3b, 0x44, 0x6d, 0x79,
  0x6c, 0x45, 0x4c, 0x40, 0x42, 0x61, 0x0a, 0xb3, 0x50, 0x9e, 0x77, 0x99,
  0xb1, 0x43, 0x69, 0x77, 0x69, 0x43, 0x01, 0xce, 0x01, 0x5c, 0x2e, 0x51,
  0x70, 0x4f, 0x3d, 0x39, 0x45, 0x31, 0x36, 0x44, 0x4e, 0x51, 0x58, 0x8d,
  0x54, 0x97, 0x7c, 0x50, 0x6d, 0x4a, 0x37, 0x34, 0x41, 0x2f, 0x07, 0x9e,
  0x00, 0x01, 0x00, 0x3e, 0xff, 0xf2, 0x03, 0x14, 0x03, 0x98, 0x00, 0x2d,
  0x00, 0x00, 0x45, 0x26, 0x26, 0x27, 0x33, 0x16, 0x16, 0x33, 0x32, 0x36,
  0x35, 0x34, 0x26, 0x27, 0x27, 0x35, 0x37, 0x3e, 0x02, 0x35, 0x34, 0x26,
  0x23, 0x22, 0x06, 0x06, 0x07, 0x23, 0x34, 0x36, 0x36, 0x33, 0x32, 0x16,
  0x16, 0x15, 0x14, 0x06, 0x07, 0x16, 0x16, 0x15, 0x14, 0x06, 0x06, 0x01,
  0x99, 0xa5, 0xb5, 0x01, 0xb3, 0x0d, 0x5e, 0x3f, 0x54, 0x5f, 0x5d, 0x50,
  0x57, 0x4f, 0x30, 0x48, 0x28, 0x59, 0x45, 0x2b, 0x49, 0x2e, 0x03, 0xb3,
  0x5b, 0x9e, 0x62, 0x66, 0x9f, 0x5c, 0x4d, 0x56, 0x4a, 0x6e, 0x66, 0xac,
  0x0e, 0x01, 0x9e, 0x89, 0x4d, 0x44, 0x46, 0x38, 0x37, 0x46, 0x02, 0x03,
  0x95, 0x04, 0x02, 0x20, 0x35, 0x23, 0x31, 0x3a, 0x1d, 0x41, 0x37, 0x61,
  0x83, 0x42, 0x35, 0x6b, 0x54, 0x43, 0x66, 0x1e, 0x15, 0x6a, 0x5d, 0x5a,
  0x79, 0x3c, 0x00, 0x02, 0x00, 0x2a, 0x00, 0x02, 0x03, 0x0a, 0x03, 0x90,
  0x00, 0x0a, 0x00, 0x0d, 0x00, 0x00, 0x65, 0x37, 0x21, 0x35, 0x01, 0x33,
  0x11, 0x33, 0x15, 0x23, 0x15, 0x01, 0x33, 0x11, 0x01, 0xca, 0x01, 0xfe,
  0x5f, 0x01, 0x9d, 0xb7, 0x8c, 0x8c, 0xfe, 0x59, 0xf4, 0x02, 0xc9, 0x98,
  0x02, 0x2d, 0xfd, 0xd7, 0x9c, 0xc9, 0x01, 0x65, 0x01, 0x46, 0x00, 0x01,
  0x00, 0x34, 0xff, 0xf4, 0x03, 0x17, 0x03, 0x8e, 0x00, 0x22, 0x00, 0x00,
  0x45, 0x22, 0x26, 0x27, 0x37, 0x16, 0x16, 0x33, 0x32, 0x36, 0x35, 0x34,
  0x26, 0x23, 0x22, 0x06, 0x07, 0x06, 0x22, 0x27, 0x27, 0x13, 0x21, 0x07,
  0x21, 0x07, 0x36, 0x36, 0x33, 0x32, 0x16, 0x16, 0x15, 0x14, 0x06, 0x01,
  0xb5, 0x87, 0xd0, 0x2a, 0x92, 0x26, 0x66, 0x50, 0x51, 0x61, 0x5f, 0x4d,
  0x2a, 0x47, 0x2e, 0x09, 0x06, 0x0a, 0x86, 0x29, 0x02, 0x4a, 0x07, 0xfe,
  0x51, 0x11, 0x31, 0x59, 0x38, 0x5a, 0x91, 0x54, 0xc0, 0x0c, 0x78, 0x5f,
  0x54, 0x41, 0x55, 0x57, 0x43, 0x41, 0x57, 0x17, 0x25, 0x03, 0x05, 0x3d,
  0x01, 0xd0, 0x9a, 0xd3, 0x18, 0x1a, 0x46, 0x84, 0x5f, 0x90, 0xa6, 0x00,
  0x00, 0x02, 0x00, 0x34, 0xff, 0xf7, 0x03, 0x05, 0x03, 0x9a, 0x00, 0x1a,
  0x00, 0x27, 0x00, 0x00, 0x45, 0x22, 0x26, 0x35, 0x34, 0x12, 0x33, 0x32,
  0x16, 0x16, 0x17, 0x23, 0x26, 0x26, 0x23, 0x22, 0x06, 0x17, 0x36, 0x36,
  0x33, 0x32, 0x16, 0x15, 0x14, 0x06, 0x06, 0x27, 0x32, 0x36, 0x35, 0x34,
  0x26, 0x23, 0x22, 0x06, 0x06, 0x15, 0x06, 0x16, 0x01, 0xab, 0xb1, 0xc6,
  0xce, 0xb0, 0x56, 0x92, 0x5b, 0x04, 0xab, 0x11, 0x4d, 0x3a, 0x61, 0x5e,
  0x0b, 0x23, 0x6d, 0x3d, 0x8d, 0xa9, 0x58, 0x9c, 0x6d, 0x41, 0x5a, 0x5b,
  0x40, 0x27, 0x46, 0x2d, 0x01, 0x57, 0x09, 0xf3, 0xcb, 0xe5, 0x01, 0x00,
  0x3f, 0x77, 0x52, 0x3a, 0x3a, 0x9e, 0x7d, 0x2a, 0x2c, 0x9a, 0x7e, 0x59,
  0x8b, 0x4e, 0x8d, 0x57, 0x46, 0x4d, 0x46, 0x23, 0x34, 0x1a, 0x5b, 0x64,
  0x00, 0x01, 0x00, 0x2a, 0xff, 0xff, 0x02, 0xd3, 0x03, 0x8d, 0x00, 0x0d,
  0x00, 0x00, 0x57, 0x36, 0x36, 0x12, 0x37, 0x21, 0x35, 0x21, 0x15, 0x0e,
  0x03, 0x07, 0xcf, 0x06, 0x44, 0x89, 0x6d, 0xfe, 0x1b, 0x02, 0xa9, 0x36,
  0x6d, 0x5c, 0x3a, 0x02, 0x01, 0x4a, 0xf7, 0x01, 0x25, 0x8f, 0x99, 0x99,
  0x42, 0xc2, 0xd7, 0xcc, 0x4e, 0x00, 0x00, 0x03, 0x00, 0x3e, 0xff, 0xf6,
  0x03, 0x1d, 0x03, 0x9a, 0x00, 0x19, 0x00, 0x25, 0x00, 0x31, 0x00, 0x00,
  0x45, 0x22, 0x26, 0x35, 0x34, 0x36, 0x36, 0x37, 0x26, 0x26, 0x35, 0x34,
  0x36, 0x33, 0x32, 0x16, 0x15, 0x14, 0x06, 0x07, 0x1e, 0x02, 0x15, 0x14,
  0x06, 0x27, 0x32, 0x36, 0x35, 0x34, 0x26, 0x23, 0x22, 0x06, 0x15, 0x14,
  0x16, 0x13, 0x32, 0x36, 0x35, 0x34, 0x26, 0x23, 0x22, 0x06, 0x15, 0x14,
  0x16, 0x01, 0xae, 0xa5, 0xcb, 0x32, 0x4e, 0x29, 0x38, 0x4a, 0xbb, 0x8e,
  0x8f, 0xb9, 0x49, 0x39, 0x2b, 0x4d, 0x31, 0xca, 0xa5, 0x4f, 0x5a, 0x5b,
  0x4e, 0x4f, 0x5a, 0x59, 0x50, 0x3f, 0x4f, 0x50, 0x3e, 0x3e, 0x50, 0x4f,
  0x0a, 0x8e, 0x7b, 0x34, 0x5c, 0x42, 0x0a, 0x1b, 0x60, 0x44, 0x7a, 0x86,
  0x86, 0x7a, 0x44, 0x60, 0x1b, 0x0a, 0x42, 0x5c, 0x34, 0x7b, 0x8e, 0x8c,
  0x47, 0x3b, 0x3c, 0x4a, 0x4a, 0x3c, 0x3b, 0x47, 0x01, 0xa0, 0x43, 0x39,
  0x3a, 0x44, 0x44, 0x3a, 0x39, 0x43, 0x00, 0x02, 0x00, 0x37, 0xff, 0xf3,
  0x03, 0x03, 0x03, 0x97, 0x00, 0x1a, 0x00, 0x27, 0x00, 0x00, 0x45, 0x22,
  0x26, 0x26, 0x27, 0x33, 0x16, 0x16, 0x33, 0x32, 0x36, 0x27, 0x06, 0x06,
  0x23, 0x22, 0x26, 0x35, 0x34, 0x36, 0x36, 0x33, 0x32, 0x16, 0x15, 0x14,
  0x06, 0x03, 0x32, 0x36, 0x36, 0x35, 0x36, 0x26, 0x23, 0x22, 0x06, 0x15,
  0x14, 0x16, 0x01, 0x83, 0x57, 0x94, 0x5c, 0x05, 0xb1, 0x0c, 0x4d, 0x39,
  0x62, 0x74, 0x09, 0x1e, 0x6b, 0x4b, 0x8b, 0xb1, 0x56, 0x9b, 0x65, 0xb0,
  0xc6, 0xcf, 0xa1, 0x26, 0x47, 0x2e, 0x01, 0x57, 0x45, 0x40, 0x54, 0x55,
  0x0d, 0x42, 0x77, 0x4f, 0x35, 0x3f, 0x88, 0x9a, 0x2f, 0x37, 0x9d, 0x83,
  0x5b, 0x8b, 0x4e, 0xf4, 0xcb, 0xf7, 0xee, 0x01, 0xe5, 0x23, 0x35, 0x1a,
  0x5c, 0x64, 0x57, 0x47, 0x49, 0x4b, 0x00, 0x02, 0x00, 0x34, 0x02, 0x0d,
  0x02, 0xf1, 0x05, 0xb3, 0x00, 0x0b, 0x00, 0x17, 0x00, 0x00, 0x41, 0x22,
  0x26, 0x35, 0x34, 0x36, 0x33, 0x32, 0x16, 0x15, 0x14, 0x06, 0x27, 0x32,
  0x36, 0x35, 0x34, 0x26, 0x23, 0x22, 0x06, 0x15, 0x14, 0x16, 0x01, 0x93,
  0xa8, 0xb7, 0xb9, 0xa6, 0xa6, 0xb8, 0xb6, 0xa8, 0x53, 0x48, 0x4a, 0x52,
  0x51, 0x4b, 0x4a, 0x02, 0x0d, 0xf1, 0xde, 0xdf, 0xf8, 0xf8, 0xde, 0xde,
  0xf2, 0x97, 0x92, 0xa5, 0xaa, 0x99, 0x9a, 0xa9, 0xa4, 0x93, 0x00, 0x01,
  0x00, 0x2a, 0x02, 0x18, 0x01, 0x8a, 0x05, 0xa6, 0x00, 0x08, 0x00, 0x00,
  0x53, 0x11, 0x23, 0x35, 0x32, 0x36, 0x37, 0x33, 0x11, 0xcc, 0xa2, 0x74,
  0x67, 0x07, 0x7e, 0x02, 0x18, 0x02, 0xa7, 0x6a, 0x41, 0x3c, 0xfc, 0x72,
  0x00, 0x01, 0x00, 0x2a, 0x02, 0x19, 0x02, 0xd9, 0x05, 0xb3, 0x00, 0x21,
  0x00, 0x00, 0x53, 0x35, 0x35, 0x34, 0x3e, 0x04, 0x35, 0x34, 0x26, 0x23,
  0x22, 0x06, 0x07, 0x23, 0x34, 0x36, 0x36, 0x33, 0x32, 0x16, 0x15, 0x14,
  0x0e, 0x04, 0x15, 0x15, 0x21, 0x15, 0x3b, 0x44, 0x6d, 0x79, 0x6c, 0x45,
  0x4c, 0x40, 0x42, 0x61, 0x0a, 0xb3, 0x50, 0x9e, 0x77, 0x99, 0xb1, 0x43,
  0x69, 0x77, 0x69, 0x43, 0x01, 0xce, 0x02, 0x19, 0x5c, 0x2e, 0x51, 0x70,
  0x4f, 0x3d, 0x39, 0x45, 0x31, 0x36, 0x44, 0x4e, 0x51, 0x58, 0x8d, 0x54,
  0x97, 0x7c, 0x50, 0x6d, 0x4a, 0x37, 0x34, 0x41, 0x2f, 0x07, 0x9e, 0x00,
  0x00, 0x01, 0x00, 0x3e, 0x02, 0x0e, 0x03, 0x14, 0x05, 0xb4, 0x00, 0x2d,
  0x00, 0x00, 0x41, 0x26, 0x26, 0x27, 0x33, 0x16, 0x16, 0x33, 0x32, 0x36,
  0x35, 0x34, 0x26, 0x27, 0x27, 0x35, 0x37, 0x3e, 0x02, 0x35, 0x34, 0x26,
  0x23, 0x22, 0x06, 0x06, 0x07, 0x23, 0x34, 0x36, 0x36, 0x33, 0x32, 0x16,
  0x16, 0x15, 0x14, 0x06, 0x07, 0x16, 0x16, 0x15, 0x14, 0x06, 0x06, 0x01,
  0x99, 0xa5, 0xb5, 0x01, 0xb3, 0x0d, 0x5e, 0x3f, 0x54, 0x5f, 0x5d, 0x50,
  0x57, 0x4f, 0x30, 0x48, 0x28, 0x59, 0x45, 0x2b, 0x49, 0x2e, 0x03, 0xb3,
  0x5b, 0x9e, 0x62, 0x66, 0x9f, 0x5c, 0x4d, 0x56, 0x4a, 0x6e, 0x66, 0xac,
  0x02, 0x0e, 0x01, 0x9e, 0x89, 0x4d, 0x44, 0x46, 0x38, 0x37, 0x46, 0x02,
  0x03, 0x95, 0x04, 0x02, 0x20, 0x35, 0x23, 0x31, 0x3a, 0x1d, 0x41, 0x37,
  0x61, 0x83, 0x42, 0x35, 0x6b, 0x54, 0x43, 0x66, 0x1e, 0x15, 0x6a, 0x5d,
  0x5a, 0x79, 0x3c, 0x00, 0x00, 0x02, 0x00, 0x2a, 0x02, 0x19, 0x03, 0x0a,
  0x05, 0xa7, 0x00, 0x0a, 0x00, 0x0d, 0x00, 0x00, 0x41, 0x37, 0x21, 0x35,
  0x01, 0x33, 0x11, 0x33, 0x15, 0x23, 0x15, 0x01, 0x33, 0x11, 0x01, 0xca,
  0x01, 0xfe, 0x5f, 0x01, 0x9d, 0xb7, 0x8c, 0x8c, 0xfe, 0x59, 0xf4, 0x02,
  0x19, 0xc9, 0x98, 0x02, 0x2d, 0xfd, 0xd7, 0x9c, 0xc9, 0x01, 0x65, 0x01,
  0x46, 0x00, 0x00, 0x01, 0x00, 0x34, 0x02, 0x0c, 0x03, 0x17, 0x05, 0xa6,
  0x00, 0x22, 0x00, 0x00, 0x41, 0x22, 0x26, 0x27, 0x37, 0x16, 0x16, 0x33,
  0x32, 0x36, 0x35, 0x34, 0x26, 0x23, 0x22, 0x06, 0x07, 0x06, 0x22, 0x27,
  0x27, 0x13, 0x21, 0x07, 0x21, 0x07, 0x36, 0x36, 0x33, 0x32, 0x16, 0x16,
  0x15, 0x14, 0x06, 0x01, 0xb5, 0x87, 0xd0, 0x2a, 0x92, 0x26, 0x66, 0x50,
  0x51, 0x61, 0x5f, 0x4d, 0x2a, 0x47, 0x2e, 0x09, 0x06, 0x0a, 0x86, 0x29,
  0x02, 0x4a, 0x07, 0xfe, 0x51, 0x11, 0x31, 0x59, 0x38, 0x5a, 0x91, 0x54,
  0xc0, 0x02, 0x0c, 0x78, 0x5f, 0x54, 0x41, 0x55, 0x57, 0x43, 0x41, 0x57,
  0x17, 0x25, 0x03, 0x05, 0x3d, 0x01, 0xd0, 0x9a, 0xd3, 0x18, 0x1a, 0x46,
  0x84, 0x5f, 0x90, 0xa6, 0x00, 0x02, 0x00, 0x34, 0x02, 0x0e, 0x03, 0x05,
  0x05, 0xb1, 0x00, 0x1a, 0x00, 0x27, 0x00, 0x00, 0x41, 0x22, 0x26, 0x35,
  0x34, 0x12, 0x33, 0x32, 0x16, 0x16, 0x17, 0x23, 0x26, 0x26, 0x23, 0x22,
  0x06, 0x17, 0x36, 0x36, 0x33, 0x32, 0x16, 0x15, 0x14, 0x06, 0x06, 0x27,
  0x32, 0x36, 0x35, 0x34, 0x26, 0x23, 0x22, 0x06, 0x06, 0x15, 0x06, 0x16,
  0x01, 0xab, 0xb1, 0xc6, 0xce, 0xb0, 0x56, 0x92, 0x5b, 0x04, 0xab, 0x11,
  0x4d, 0x3a, 0x61, 0x5e, 0x0b, 0x23, 0x6d, 0x3d, 0x8d, 0xa9, 0x58, 0x9c,
  0x6d, 0x41, 0x5a, 0x5b, 0x40, 0x27, 0x46, 0x2d, 0x01, 0x57, 0x02, 0x0e,
  0xf3, 0xcb, 0xe5, 0x01, 0x00, 0x3f, 0x77, 0x52, 0x3a, 0x3a, 0x9e, 0x7d,
  0x2a, 0x2c, 0x9a, 0x7e, 0x59, 0x8b, 0x4e, 0x8d, 0x57, 0x46, 0x4d, 0x46,
  0x23, 0x34, 0x1a, 0x5b, 0x64, 0x00, 0x00, 0x01, 0x00, 0x2a, 0x02, 0x19,
  0x02, 0xd3, 0x05, 0xa7, 0x00, 0x0d, 0x00, 0x00, 0x53, 0x36, 0x36, 0x12,
  0x37, 0x21, 0x35, 0x21, 0x15, 0x0e, 0x03, 0x07, 0xcf, 0x06, 0x44, 0x89,
  0x6d, 0xfe, 0x1b, 0x02, 0xa9, 0x36, 0x6d, 0x5c, 0x3a, 0x02, 0x02, 0x19,
  0x4a, 0xf6, 0x01, 0x26, 0x8f, 0x99, 0x99, 0x42, 0xc2, 0xd7, 0xcc, 0x4e,
  0x00, 0x03, 0x00, 0x3e, 0x02, 0x0d, 0x03, 0x1d, 0x05, 0xb1, 0x00, 0x19,
  0x00, 0x25, 0x00, 0x31, 0x00, 0x00, 0x41, 0x22, 0x26, 0x35, 0x34, 0x36,
  0x36, 0x37, 0x26, 0x26, 0x35, 0x34, 0x36, 0x33, 0x32, 0x16, 0x15, 0x14,
  0x06, 0x07, 0x1e, 0x02, 0x15, 0x14, 0x06, 0x27, 0x32, 0x36, 0x35, 0x34,
  0x26, 0x23, 0x22, 0x06, 0x15, 0x14, 0x16, 0x13, 0x32, 0x36, 0x35, 0x34,
  0x26, 0x23, 0x22, 0x06, 0x15, 0x14, 0x16, 0x01, 0xae, 0xa5, 0xcb, 0x32,
  0x4e, 0x29, 0x38, 0x4a, 0xbb, 0x8e, 0x8f, 0xb9, 0x49, 0x39, 0x2b, 0x4d,
  0x31, 0xca, 0xa5, 0x4f, 0x5a, 0x5b, 0x4e, 0x4f, 0x5a, 0x59, 0x50, 0x3f,
  0x4f, 0x50, 0x3e, 0x3e, 0x50, 0x4f, 0x02, 0x0d, 0x8e, 0x7b, 0x34, 0x5c,
  0x42, 0x0a, 0x1b, 0x60, 0x44, 0x7a, 0x86, 0x86, 0x7a, 0x44, 0x60, 0x1b,
  0x0a, 0x42, 0x5c, 0x34, 0x7b, 0x8e, 0x8c, 0x47, 0x3b, 0x3c, 0x4a, 0x4a,
  0x3c, 0x3b, 0x47, 0x01, 0xa0, 0x43, 0x39, 0x3a, 0x44, 0x44, 0x3a, 0x39,
  0x43, 0x00, 0x00, 0x02, 0x00, 0x37, 0x02, 0x0d, 0x03, 0x03, 0x05, 0xb1,
  0x00, 0x1a, 0x00, 0x27, 0x00, 0x00, 0x41, 0x22, 0x26, 0x26, 0x27, 0x33,
  0x16, 0x16, 0x33, 0x32, 0x36, 0x27, 0x06, 0x06, 0x23, 0x22, 0x26, 0x35,
  0x34, 0x36, 0x36, 0x33, 0x32, 0x16, 0x15, 0x14, 0x06, 0x03, 0x32, 0x36,
  0x36, 0x35, 0x36, 0x26, 0x23, 0x22, 0x06, 0x15, 0x14, 0x16, 0x01, 0x83,
  0x57, 0x94, 0x5c, 0x05, 0xb1, 0x0c, 0x4d, 0x39, 0x62, 0x74, 0x09, 0x1e,
  0x6b, 0x4b, 0x8b, 0xb1, 0x56, 0x9b, 0x65, 0xb0, 0xc6, 0xcf, 0xa1, 0x26,
  0x47, 0x2e, 0x01, 0x57, 0x45, 0x40, 0x54, 0x55, 0x02, 0x0d, 0x42, 0x77,
  0x4f, 0x35, 0x3f, 0x88, 0x9a, 0x2f, 0x37, 0x9d, 0x83, 0x5b, 0x8b, 0x4e,
  0xf4, 0xcb, 0xf7, 0xee, 0x01, 0xe5, 0x23, 0x35, 0x1a, 0x5c, 0x64, 0x57,
  0x47, 0x49, 0x4b, 0x00, 0xff, 0xff, 0x00, 0x34, 0x02, 0xdd, 0x02, 0xf1,
  0x06, 0x83, 0x06, 0x07, 0x01, 0xc3, 0x00, 0x00, 0x00, 0xd0, 0xff, 0xff,
  0x00, 0x2a, 0x02, 0xe8, 0x01, 0x8a, 0x06, 0x76, 0x06, 0x07, 0x01, 0xc4,
  0x00, 0x00, 0x00, 0xd0, 0xff, 0xff, 0x00, 0x2a, 0x02, 0xeb, 0x02, 0xd9,
  0x06, 0x85, 0x06, 0x07, 0x01, 0xc5, 0x00, 0x00, 0x00, 0xd2, 0xff, 0xff,
  0x00, 0x3e, 0x02, 0xe0, 0x03, 0x14, 0x06, 0x86, 0x06, 0x07, 0x01, 0xc6,
  0x00, 0x00, 0x00, 0xd2, 0xff, 0xff, 0x00, 0x2a, 0x02, 0xe9, 0x03, 0x0a,
  0x06, 0x77, 0x06, 0x07, 0x01, 0xc7, 0x00, 0x00, 0x00, 0xd0, 0xff, 0xff,
  0x00, 0x34, 0x02, 0xdc, 0x03, 0x17, 0x06, 0x76, 0x06, 0x07, 0x01, 0xc8,
  0x00, 0x00, 0x00, 0xd0, 0xff, 0xff, 0x00, 0x34, 0x02, 0xe0, 0x03, 0x05,
  0x06, 0x83, 0x06, 0x07, 0x01, 0xc9, 0x00, 0x00, 0x00, 0xd2, 0xff, 0xff,
  0x00, 0x2a, 0x02, 0xeb, 0x02, 0xd3, 0x06, 0x79, 0x06, 0x07, 0x01, 0xca,
  0x00, 0x00, 0x00, 0xd2, 0xff, 0xff, 0x00, 0x3e, 0x02, 0xdf, 0x03, 0x1d,
  0x06, 0x83, 0x06, 0x07, 0x01, 0xcb, 0x00, 0x00, 0x00, 0xd2, 0xff, 0xff,
  0x00, 0x37, 0x02, 0xdf, 0x03, 0x03, 0x06, 0x83, 0x06, 0x07, 0x01, 0xcc,
  0x00, 0x00, 0x00, 0xd2, 0x00, 0x01, 0xfe, 0xb2, 0xff, 0xf8, 0x03, 0x2b,
  0x05, 0xb6, 0x00, 0x03, 0x00, 0x00, 0x47, 0x27, 0x01, 0x33, 0xa1, 0xad,
  0x03, 0xcf, 0xaa, 0x08, 0x03, 0x05, 0xbb, 0x00, 0xff, 0xff, 0x00, 0x2a,
  0xff, 0xf8, 0x06, 0xd3, 0x05, 0xb6, 0x04, 0x26, 0x01, 0xc4, 0x00, 0x00,
  0x00, 0x27, 0x01, 0xd7, 0x02, 0x30, 0x00, 0x00, 0x00, 0x07, 0x01, 0xbb,
  0x03, 0xfb, 0x00, 0x00, 0xff, 0xff, 0x00, 0x2a, 0xff, 0xf2, 0x06, 0xf9,
  0x05, 0xb6, 0x04, 0x26, 0x01, 0xc4, 0x00, 0x00, 0x00, 0x27, 0x01, 0xd7,
  0x02, 0x30, 0x00, 0x00, 0x00, 0x07, 0x01, 0xbc, 0x03, 0xe5, 0x00, 0x00,
  0xff, 0xff, 0x00, 0x2a, 0xff, 0xf2, 0x08, 0x3a, 0x05, 0xb6, 0x04, 0x26,
  0x01, 0xc5, 0x00, 0x00, 0x00, 0x27, 0x01, 0xd7, 0x03, 0x71, 0x00, 0x00,
  0x00, 0x07, 0x01, 0xbc, 0x05, 0x26, 0x00, 0x00, 0xff, 0xff, 0x00, 0x2a,
  0xff, 0xf8, 0x06, 0x54, 0x05, 0xb6, 0x04, 0x26, 0x01, 0xc4, 0x00, 0x00,
  0x00, 0x27, 0x01, 0xd7, 0x02, 0x30, 0x00, 0x00, 0x00, 0x07, 0x01, 0xbd,
  0x03, 0x4a, 0x00, 0x00, 0xff, 0xff, 0x00, 0x3e, 0xff, 0xf8, 0x07, 0x55,
  0x05, 0xb6, 0x04, 0x26, 0x01, 0xc6, 0x00, 0x00, 0x00, 0x27, 0x01, 0xd7,
  0x03, 0x30, 0x00, 0x00, 0x00, 0x07, 0x01, 0xbd, 0x04, 0x4b, 0x00, 0x00,
  0xff, 0xff, 0x00, 0x2a, 0xff, 0xf6, 0x07, 0x02, 0x05, 0xb6, 0x04, 0x26,
  0x01, 0xc4, 0x00, 0x00, 0x00, 0x27, 0x01, 0xd7, 0x02, 0x30, 0x00, 0x00,
  0x00, 0x07, 0x01, 0xc1, 0x03, 0xe5, 0x00, 0x00, 0xff, 0xff, 0x00, 0x3e,
  0xff, 0xf6, 0x08, 0x03, 0x05, 0xb6, 0x04, 0x26, 0x01, 0xc6, 0x00, 0x00,
  0x00, 0x27, 0x01, 0xd7, 0x03, 0x30, 0x00, 0x00, 0x00, 0x07, 0x01, 0xc1,
  0x04, 0xe6, 0x00, 0x00, 0xff, 0xff, 0x00, 0x34, 0xff, 0xf6, 0x07, 0xfc,
  0x05, 0xb6, 0x04, 0x26, 0x01, 0xc8, 0x00, 0x00, 0x00, 0x27, 0x01, 0xd7,
  0x03, 0x29, 0x00, 0x00, 0x00, 0x07, 0x01, 0xc1, 0x04, 0xdf, 0x00, 0x00,
  0xff, 0xff, 0x00, 0x2a, 0xff, 0xf6, 0x07, 0x53, 0x05, 0xb6, 0x04, 0x26,
  0x01, 0xca, 0x00, 0x00, 0x00, 0x27, 0x01, 0xd7, 0x02, 0x81, 0x00, 0x00,
  0x00, 0x07, 0x01, 0xc1, 0x04, 0x36, 0x00, 0x00, 0x00, 0x01, 0x00, 0x63,
  0x00, 0x00, 0x01, 0xa3, 0x01, 0x3e, 0x00, 0x03, 0x00, 0x00, 0x73, 0x11,
  0x21, 0x11, 0x63, 0x01, 0x40, 0x01, 0x3e, 0xfe, 0xc2, 0x00, 0x00, 0x01,
  0x00, 0x5e, 0xfe, 0xe8, 0x01, 0x93, 0x01, 0x1c, 0x00, 0x06, 0x00, 0x00,
  0x53, 0x13, 0x27, 0x11, 0x21, 0x15, 0x03, 0x5e, 0x74, 0x66, 0x01, 0x27,
  0xc9, 0xfe, 0xe8, 0x01, 0x10, 0x09, 0x01, 0x1b, 0xf9, 0xfe, 0xc5, 0x00,
  0x00, 0x02, 0x00, 0x63, 0x00, 0x06, 0x01, 0xa3, 0x03, 0xf1, 0x00, 0x03,
  0x00, 0x07, 0x00, 0x00, 0x53, 0x11, 0x21, 0x11, 0x01, 0x11, 0x21, 0x11,
  0x63, 0x01, 0x40, 0xfe, 0xc0, 0x01, 0x40, 0x02, 0xb8, 0x01, 0x39, 0xfe,
  0xc7, 0xfd, 0x4e, 0x01, 0x38, 0xfe, 0xc8, 0x00, 0x00, 0x02, 0x00, 0x63,
  0xfe, 0xcb, 0x01, 0xb5, 0x03, 0xed, 0x00, 0x06, 0x00, 0x0a, 0x00, 0x00,
  0x53, 0x13, 0x23, 0x11, 0x21, 0x11, 0x03, 0x03, 0x11, 0x21, 0x11, 0x63,
  0x83, 0x71, 0x01, 0x40, 0xdb, 0x68, 0x01, 0x40, 0xfe, 0xcb, 0x01, 0x35,
  0x01, 0x3a, 0xfe, 0xea, 0xfe, 0xa7, 0x03, 0xe4, 0x01, 0x3e, 0xfe, 0xc2,
  0xff, 0xff, 0x00, 0x63, 0x00, 0x00, 0x06, 0x85, 0x01, 0x3e, 0x04, 0x27,
  0x01, 0xe1, 0x04, 0xe2, 0x00, 0x00, 0x00, 0x26, 0x01, 0xe1, 0x00, 0x00,
  0x00, 0x07, 0x01, 0xe1, 0x02, 0x71, 0x00, 0x00, 0x00, 0x02, 0x00, 0x65,
  0x00, 0x00, 0x01, 0xbb, 0x05, 0xa6, 0x00, 0x03, 0x00, 0x07, 0x00, 0x00,
  0x53, 0x03, 0x21, 0x03, 0x03, 0x11, 0x21, 0x11, 0xb7, 0x52, 0x01, 0x56,
  0x4d, 0xfe, 0x01, 0x3f, 0x01, 0xbe, 0x03, 0xe8, 0xfc, 0x18, 0xfe, 0x42,
  0x01, 0x38, 0xfe, 0xc8, 0x00, 0x02, 0x00, 0x65, 0xfe, 0xbe, 0x01, 0xbc,
  0x04, 0x0a, 0x00, 0x03, 0x00, 0x07, 0x00, 0x00, 0x53, 0x13, 0x33, 0x13,
  0x01, 0x11, 0x21, 0x11, 0x65, 0x52, 0xb6, 0x4f, 0xfe, 0xb4, 0x01, 0x3f,
  0xfe, 0xbe, 0x03, 0x8c, 0xfc, 0x74, 0x04, 0x14, 0x01, 0x38, 0xfe, 0xc8,
  0x00, 0x02, 0x00, 0x16, 0x00, 0x00, 0x03, 0xef, 0x05, 0xba, 0x00, 0x1b,
  0x00, 0x1f, 0x00, 0x00, 0x41, 0x34, 0x3e, 0x03, 0x35, 0x34, 0x26, 0x23,
  0x22, 0x06, 0x06, 0x07, 0x27, 0x36, 0x24, 0x33, 0x32, 0x16, 0x16, 0x15,
  0x14, 0x0e, 0x03, 0x15, 0x01, 0x11, 0x21, 0x11, 0x01, 0x82, 0x43, 0x63,
  0x62, 0x43, 0x6b, 0x51, 0x36, 0x66, 0x51, 0x16, 0xf8, 0x40, 0x01, 0x07,
  0xb6, 0x8f, 0xd6, 0x77, 0x4f, 0x72, 0x73, 0x4e, 0xfe, 0xea, 0x01, 0x40,
  0x01, 0xc4, 0x6e, 0xa1, 0x79, 0x66, 0x67, 0x3e, 0x47, 0x54, 0x2f, 0x54,
  0x39, 0x3c, 0x9e, 0xaa, 0x5c, 0x9a, 0x5e, 0x62, 0x8a, 0x6d, 0x6b, 0x83,
  0x5b, 0xfe, 0x3c, 0x01, 0x38, 0xfe, 0xc8, 0x00, 0x00, 0x02, 0x00, 0x43,
  0xfe, 0xaa, 0x04, 0x1c, 0x04, 0x0a, 0x00, 0x1d, 0x00, 0x21, 0x00, 0x00,
  0x41, 0x22, 0x26, 0x26, 0x35, 0x34, 0x3e, 0x04, 0x35, 0x33, 0x14, 0x0e,
  0x04, 0x15, 0x14, 0x16, 0x33, 0x32, 0x36, 0x36, 0x37, 0x17, 0x06, 0x04,
  0x01, 0x11, 0x21, 0x11, 0x02, 0x1e, 0x9d, 0xd4, 0x6a, 0x38, 0x57, 0x63,
  0x57, 0x37, 0xec, 0x2f, 0x4c, 0x55, 0x4b, 0x30, 0x6c, 0x51, 0x36, 0x66,
  0x51, 0x15, 0xf9, 0x40, 0xfe, 0xfa, 0xfe, 0xc5, 0x01, 0x40, 0xfe, 0xaa,
  0x5c, 0x9b, 0x5f, 0x52, 0x71, 0x56, 0x49, 0x4d, 0x61, 0x43, 0x53, 0x7c,
  0x5e, 0x4c, 0x49, 0x4f, 0x33, 0x42, 0x54, 0x2e, 0x52, 0x36, 0x3b, 0x9e,
  0xac, 0x04, 0x28, 0x01, 0x38, 0xfe, 0xc8, 0x00, 0x00, 0x01, 0x00, 0x63,
  0x02, 0x49, 0x01, 0x8e, 0x03, 0x68, 0x00, 0x03, 0x00, 0x00, 0x53, 0x11,
  0x21, 0x11, 0x63, 0x01, 0x2b, 0x02, 0x49, 0x01, 0x1f, 0xfe, 0xe1, 0x00,
  0x00, 0x01, 0x00, 0x5c, 0x01, 0xe4, 0x02, 0x51, 0x03, 0xda, 0x00, 0x0f,
  0x00, 0x00, 0x41, 0x22, 0x26, 0x26, 0x35, 0x34, 0x36, 0x36, 0x33, 0x32,
  0x16, 0x16, 0x15, 0x14, 0x06, 0x06, 0x01, 0x56, 0x45, 0x72, 0x43, 0x43,
  0x72, 0x45, 0x45, 0x72, 0x44, 0x44, 0x72, 0x01, 0xe4, 0x44, 0x73, 0x45,
  0x45, 0x71, 0x44, 0x44, 0x71, 0x45, 0x45, 0x73, 0x44, 0x00, 0x00, 0x01,
  0x00, 0x39, 0x02, 0x89, 0x03, 0x6b, 0x05, 0xa6, 0x00, 0x0e, 0x00, 0x00,
  0x41, 0x27, 0x37, 0x25, 0x37, 0x05, 0x03, 0x33, 0x03, 0x25, 0x17, 0x05,
  0x17, 0x07, 0x03, 0x01, 0x2d, 0x9d, 0xcf, 0xfe, 0xda, 0x3e, 0x01, 0x15,
  0x16, 0xbf, 0x1b, 0x01, 0x1b, 0x36, 0xfe, 0xe2, 0xca, 0x9d, 0xa6, 0x02,
  0x89, 0x6d, 0xf7, 0x52, 0xaa, 0x79, 0x01, 0x36, 0xfe, 0xc9, 0x7c, 0xaa,
  0x53, 0xf2, 0x6e, 0x01, 0x12, 0x00, 0x00, 0x04, 0x00, 0x38, 0xff, 0xfb,
  0x04, 0x8b, 0x05, 0xa9, 0x00, 0x03, 0x00, 0x07, 0x00, 0x0b, 0x00, 0x0f,
  0x00, 0x00, 0x45, 0x27, 0x13, 0x17, 0x01, 0x35, 0x21, 0x15, 0x01, 0x27,
  0x13, 0x17, 0x01, 0x35, 0x21, 0x15, 0x03, 0x1c, 0x9a, 0xd6, 0x99, 0xfc,
  0x47, 0x04, 0x13, 0xfd, 0x28, 0x98, 0xd6, 0x97, 0xfe, 0x30, 0x04, 0x13,
  0x05, 0x15, 0x05, 0x99, 0x0f, 0xfc, 0x28, 0x98, 0x98, 0xfe, 0x39, 0x15,
  0x05, 0x99, 0x0f, 0xfd, 0xc2, 0x98, 0x98, 0x00, 0x00, 0x01, 0x00, 0x17,
  0xff, 0xdb, 0x02, 0xdc, 0x05, 0xa6, 0x00, 0x03, 0x00, 0x00, 0x57, 0x01,
  0x33, 0x01, 0x17, 0x01, 0xfa, 0xcb, 0xfe, 0x07, 0x25, 0x05, 0xcb, 0xfa,
  0x35, 0x00, 0x00, 0x01, 0x00, 0x17, 0xff, 0xdb, 0x02, 0xdc, 0x05, 0xa6,
  0x00, 0x03, 0x00, 0x00, 0x45, 0x01, 0x33, 0x01, 0x02, 0x10, 0xfe, 0x07,
  0xcc, 0x01, 0xf9, 0x25, 0x05, 0xcb, 0xfa, 0x35, 0xff, 0xff, 0x00, 0x8c,
  0x00, 0x00, 0x01, 0xcc, 0x01, 0x3e, 0x04, 0x06, 0x01, 0xe1, 0x29, 0x00,
  0xff, 0xff, 0x00, 0x91, 0xfe, 0xe8, 0x01, 0xc7, 0x01, 0x1c, 0x04, 0x06,
  0x01, 0xe2, 0x34, 0x00, 0x00, 0x01, 0x00, 0x77, 0xfe, 0xe2, 0x02, 0x62,
  0x05, 0xca, 0x00, 0x0e, 0x00, 0x00, 0x41, 0x26, 0x02, 0x02, 0x35, 0x34,
  0x12, 0x37, 0x33, 0x06, 0x02, 0x15, 0x14, 0x12, 0x17, 0x01, 0x8d, 0x53,
  0x7e, 0x45, 0x9d, 0x7f, 0xcf, 0x68, 0x7e, 0x72, 0x6c, 0xfe, 0xe2, 0x8c,
  0x01, 0x11, 0x01, 0x26, 0xab, 0xf9, 0x01, 0xc7, 0xba, 0xc3, 0xfe, 0x35,
  0xee, 0xe3, 0xfe, 0x59, 0xe2, 0x00, 0x00, 0x01, 0x00, 0x18, 0xfe, 0xe2,
  0x02, 0x03, 0x05, 0xca, 0x00, 0x0e, 0x00, 0x00, 0x53, 0x36, 0x12, 0x35,
  0x34, 0x02, 0x27, 0x33, 0x16, 0x12, 0x15, 0x14, 0x02, 0x02, 0x07, 0x1f,
  0x6d, 0x72, 0x7e, 0x68, 0xce, 0x80, 0x9d, 0x46, 0x7d, 0x54, 0xfe, 0xe2,
  0xe2, 0x01, 0xa7, 0xe3, 0xee, 0x01, 0xcb, 0xc3, 0xba, 0xfe, 0x39, 0xf9,
  0xab, 0xfe, 0xda, 0xfe, 0xef, 0x8c, 0x00, 0x01, 0x00, 0x18, 0xfe, 0xbe,
  0x02, 0xbd, 0x05, 0xa6, 0x00, 0x2b, 0x00, 0x00, 0x41, 0x22, 0x26, 0x26,
  0x35, 0x11, 0x34, 0x26, 0x26, 0x23, 0x35, 0x36, 0x36, 0x35, 0x11, 0x34,
  0x36, 0x36, 0x33, 0x33, 0x15, 0x23, 0x22, 0x06, 0x06, 0x15, 0x11, 0x0e,
  0x02, 0x07, 0x06, 0x06, 0x17, 0x1e, 0x02, 0x17, 0x11, 0x14, 0x16, 0x33,
  0x33, 0x15, 0x02, 0x31, 0x4f, 0x8f, 0x59, 0x2f, 0x64, 0x4f, 0x78, 0x6a,
  0x5a, 0x8d, 0x4b, 0x91, 0x57, 0x39, 0x35, 0x0e, 0x02, 0x41, 0x60, 0x2f,
  0x0c, 0x01, 0x0d, 0x2e, 0x60, 0x42, 0x02, 0x34, 0x48, 0x57, 0xfe, 0xbe,
  0x36, 0x6a, 0x4f, 0x01, 0x97, 0x2f, 0x4e, 0x30, 0x93, 0x01, 0x5d, 0x57,
  0x01, 0x81, 0x4e, 0x69, 0x35, 0xa5, 0x1c, 0x2f, 0x1d, 0xfe, 0x74, 0x46,
  0x57, 0x2a, 0x05, 0x01, 0x0a, 0x02, 0x04, 0x27, 0x5a, 0x52, 0xfe, 0x70,
  0x37, 0x32, 0xa6, 0x00, 0x00, 0x01, 0x00, 0x1d, 0xfe, 0xbe, 0x02, 0xc2,
  0x05, 0xa6, 0x00, 0x2b, 0x00, 0x00, 0x53, 0x35, 0x33, 0x32, 0x36, 0x35,
  0x11, 0x3e, 0x02, 0x37, 0x36, 0x26, 0x27, 0x2e, 0x02, 0x27, 0x11, 0x34,
  0x26, 0x26, 0x23, 0x23, 0x35, 0x33, 0x32, 0x16, 0x16, 0x15, 0x11, 0x14,
  0x16, 0x17, 0x15, 0x22, 0x06, 0x06, 0x15, 0x11, 0x14, 0x06, 0x06, 0x23,
  0x1d, 0x57, 0x48, 0x34, 0x02, 0x42, 0x60, 0x2f, 0x0e, 0x02, 0x0c, 0x30,
  0x5f, 0x42, 0x02, 0x0e, 0x35, 0x39, 0x57, 0x91, 0x4c, 0x8c, 0x5a, 0x6a,
  0x78, 0x4f, 0x63, 0x30, 0x59, 0x8f, 0x4f, 0xfe, 0xbe, 0xa6, 0x32, 0x37,
  0x01, 0x90, 0x52, 0x5a, 0x27, 0x04, 0x02, 0x0a, 0x01, 0x05, 0x2a, 0x57,
  0x46, 0x01, 0x8c, 0x1d, 0x2f, 0x1c, 0xa5, 0x35, 0x69, 0x4e, 0xfe, 0x7f,
  0x57, 0x5d, 0x01, 0x93, 0x30, 0x4e, 0x2f, 0xfe, 0x69, 0x4f, 0x6a, 0x36,
  0x00, 0x01, 0x00, 0x94, 0xfe, 0xbe, 0x02, 0x5f, 0x05, 0xa6, 0x00, 0x07,
  0x00, 0x00, 0x53, 0x03, 0x21, 0x15, 0x23, 0x11, 0x33, 0x15, 0x95, 0x01,
  0x01, 0xcb, 0xdb, 0xda, 0xfe, 0xbe, 0x06, 0xe8, 0xa5, 0xfa, 0x63, 0xa6,
  0x00, 0x01, 0x00, 0x44, 0xfe, 0xbe, 0x02, 0x0e, 0x05, 0xa6, 0x00, 0x07,
  0x00, 0x00, 0x53, 0x35, 0x33, 0x03, 0x23, 0x35, 0x21, 0x03, 0x44, 0xdb,
  0x01, 0xda, 0x01, 0xca, 0x01, 0xfe, 0xbe, 0xa6, 0x05, 0x9d, 0xa5, 0xf9,
  0x18, 0x00, 0x00, 0x01, 0x00, 0x78, 0x01, 0x98, 0x02, 0x9a, 0x02, 0x6d,
  0x00, 0x03, 0x00, 0x00, 0x53, 0x35, 0x21, 0x15, 0x78, 0x02, 0x22, 0x01,
  0x98, 0xd5, 0xd4, 0x00, 0x00, 0x01, 0x00, 0x78, 0x01, 0x98, 0x02, 0x9a,
  0x02, 0x6d, 0x00, 0x03, 0x00, 0x00, 0x53, 0x35, 0x21, 0x15, 0x78, 0x02,
  0x22, 0x01, 0x98, 0xd5, 0xd4, 0x00, 0x00, 0x01, 0x00, 0x78, 0x01, 0x86,
  0x04, 0x28, 0x02, 0x5c, 0x00, 0x03, 0x00, 0x00, 0x53, 0x35, 0x25, 0x15,
  0x78, 0x03, 0xb0, 0x01, 0x86, 0xd5, 0x01, 0xd5, 0x00, 0x01, 0x01, 0x68,
  0x01, 0x86, 0x07, 0x91, 0x02, 0x5c, 0x00, 0x03, 0x00, 0x00, 0x41, 0x35,
  0x25, 0x15, 0x01, 0x68, 0x06, 0x29, 0x01, 0x86, 0xd5, 0x01, 0xd5, 0x00,
  0x00, 0x01, 0x00, 0x74, 0xfe, 0xec, 0x03, 0xd7, 0xff, 0xc0, 0x00, 0x03,
  0x00, 0x00, 0x53, 0x35, 0x25, 0x15, 0x74, 0x03, 0x63, 0xfe, 0xec, 0xd3,
  0x01, 0xd4, 0x00, 0x01, 0x00, 0x00, 0x01, 0x86, 0x06, 0x28, 0x02, 0x5c,
  0x00, 0x03, 0x00, 0x00, 0x51, 0x35, 0x25, 0x15, 0x06, 0x28, 0x01, 0x86,
  0xd5, 0x01, 0xd5, 0x00, 0x00, 0x01, 0x00, 0x5e, 0xfe, 0xeb, 0x01, 0x93,
  0x01, 0x1f, 0x00, 0x06, 0x00, 0x00, 0x53, 0x13, 0x27, 0x11, 0x21, 0x15,
  0x03, 0x5e, 0x73, 0x65, 0x01, 0x27, 0xc9, 0xfe, 0xeb, 0x01, 0x10, 0x09,
  0x01, 0x1b, 0xf9, 0xfe, 0xc5, 0x00, 0xff, 0xff, 0x00, 0x5e, 0xfe, 0xeb,
  0x03, 0x4e, 0x01, 0x1f, 0x04, 0x27, 0x01, 0xfe, 0x01, 0xbb, 0x00, 0x00,
  0x00, 0x06, 0x01, 0xfe, 0x00, 0x00, 0x00, 0x02, 0x00, 0x4d, 0x03, 0x74,
  0x03, 0x33, 0x05, 0xa6, 0x00, 0x06, 0x00, 0x0d, 0x00, 0x00, 0x53, 0x35,
  0x13, 0x33, 0x03, 0x17, 0x11, 0x33, 0x35, 0x13, 0x33, 0x03, 0x17, 0x11,
  0x4d, 0xc9, 0x6c, 0x74, 0x66, 0x8a, 0xc9, 0x6c, 0x74, 0x66, 0x03, 0x74,
  0xf8, 0x01, 0x3a, 0xfe, 0xf1, 0x0a, 0xfe, 0xe7, 0xf8, 0x01, 0x3a, 0xfe,
  0xf1, 0x0a, 0xfe, 0xe7, 0x00, 0x02, 0x00, 0x64, 0x03, 0x74, 0x03, 0x4a,
  0x05, 0xa6, 0x00, 0x06, 0x00, 0x0d, 0x00, 0x00, 0x41, 0x13, 0x27, 0x11,
  0x21, 0x15, 0x03, 0x21, 0x13, 0x27, 0x11, 0x21, 0x15, 0x03, 0x02, 0x13,
  0x76, 0x67, 0x01, 0x28, 0xc9, 0xfd, 0xe3, 0x74, 0x66, 0x01, 0x27, 0xc9,
  0x03, 0x74, 0x01, 0x10, 0x0a, 0x01, 0x18, 0xf7, 0xfe, 0xc5, 0x01, 0x10,
  0x0a, 0x01, 0x18, 0xf7, 0xfe, 0xc5, 0x00, 0x01, 0x00, 0x4d, 0x03, 0xb0,
  0x01, 0x82, 0x05, 0xe3, 0x00, 0x06, 0x00, 0x00, 0x53, 0x35, 0x13, 0x33,
  0x03, 0x17, 0x11, 0x4d, 0xc9, 0x6c, 0x74, 0x66, 0x03, 0xb0, 0xf8, 0x01,
  0x3b, 0xfe, 0xef, 0x09, 0xfe, 0xe7, 0x00, 0x01, 0x00, 0x64, 0x03, 0x74,
  0x01, 0x99, 0x05, 0xa6, 0x00, 0x06, 0x00, 0x00, 0x53, 0x13, 0x27, 0x11,
  0x21, 0x15, 0x03, 0x64, 0x74, 0x66, 0x01, 0x27, 0xc9, 0x03, 0x74, 0x01,
  0x10, 0x0a, 0x01, 0x18, 0xf7, 0xfe, 0xc5, 0x00, 0x00, 0x02, 0x00, 0x65,
  0x00, 0x81, 0x03, 0x6a, 0x03, 0x7b, 0x00, 0x05, 0x00, 0x0b, 0x00, 0x00,
  0x65, 0x03, 0x13, 0x33, 0x03, 0x13, 0x21, 0x03, 0x13, 0x33, 0x03, 0x13,
  0x02, 0xcf, 0xee, 0xed, 0x9c, 0xa3, 0xa2, 0xfd, 0xe9, 0xed, 0xec, 0x9c,
  0xa3, 0xa2, 0x81, 0x01, 0x75, 0x01, 0x85, 0xfe, 0x7b, 0xfe, 0x8b, 0x01,
  0x75, 0x01, 0x85, 0xfe, 0x7b, 0xfe, 0x8b, 0x00, 0x00, 0x02, 0x00, 0x7a,
  0x00, 0x81, 0x03, 0x7e, 0x03, 0x7b, 0x00, 0x05, 0x00, 0x0b, 0x00, 0x00,
  0x65, 0x13, 0x03, 0x33, 0x13, 0x03, 0x21, 0x13, 0x03, 0x33, 0x13, 0x03,
  0x01, 0xf6, 0xa4, 0xa5, 0x9d, 0xec, 0xec, 0xfd, 0xe9, 0xa2, 0xa3, 0x9b,
  0xec, 0xec, 0x81, 0x01, 0x75, 0x01, 0x85, 0xfe, 0x7b, 0xfe, 0x8b, 0x01,
  0x75, 0x01, 0x85, 0xfe, 0x7b, 0xfe, 0x8b, 0x00, 0x00, 0x01, 0x00, 0x65,
  0x00, 0x81, 0x01, 0xed, 0x03, 0x7b, 0x00, 0x05, 0x00, 0x00, 0x65, 0x03,
  0x13, 0x33, 0x03, 0x13, 0x01, 0x52, 0xed, 0xec, 0x9c, 0xa3, 0xa2, 0x81,
  0x01, 0x75, 0x01, 0x85, 0xfe, 0x7b, 0xfe, 0x8b, 0x00, 0x01, 0x00, 0x7c,
  0x00, 0x81, 0x02, 0x04, 0x03, 0x7b, 0x00, 0x05, 0x00, 0x00, 0x77, 0x13,
  0x03, 0x33, 0x13, 0x03, 0x7e, 0xa1, 0xa3, 0x9c, 0xec, 0xed, 0x81, 0x01,
  0x75, 0x01, 0x85, 0xfe, 0x7b, 0xfe, 0x8b, 0x00, 0xff, 0xff, 0x00, 0x70,
  0x03, 0x76, 0x03, 0x4f, 0x05, 0xa6, 0x04, 0x27, 0x02, 0x09, 0x01, 0xb5,
  0x00, 0x00, 0x00, 0x06, 0x02, 0x09, 0x00, 0x00, 0x00, 0x01, 0x00, 0x70,
  0x03, 0x76, 0x01, 0x9a, 0x05, 0xa6, 0x00, 0x03, 0x00, 0x00, 0x53, 0x03,
  0x21, 0x03, 0xbc, 0x4c, 0x01, 0x2a, 0x4d, 0x03, 0x76, 0x02, 0x30, 0xfd,
  0xd0, 0x00, 0x00, 0x03, 0x00, 0x67, 0x00, 0x00, 0x04, 0x0e, 0x05, 0xa6,
  0x00, 0x1f, 0x00, 0x23, 0x00, 0x27, 0x00, 0x00, 0x65, 0x22, 0x26, 0x26,
  0x35, 0x34, 0x36, 0x36, 0x33, 0x32, 0x16, 0x16, 0x17, 0x23, 0x2e, 0x02,
  0x23, 0x22, 0x06, 0x15, 0x14, 0x16, 0x33, 0x32, 0x36, 0x36, 0x37, 0x33,
  0x0e, 0x02, 0x07, 0x11, 0x33, 0x11, 0x03, 0x11, 0x33, 0x11, 0x02, 0x5b,
  0x90, 0xe2, 0x82, 0x7c, 0xe1, 0x97, 0x81, 0xbe, 0x6d, 0x07, 0xf3, 0x06,
  0x2d, 0x4f, 0x3c, 0x67, 0x7f, 0x7c, 0x6f, 0x3b, 0x50, 0x2b, 0x06, 0xed,
  0x06, 0x6f, 0xbd, 0xe1, 0xc1, 0xc1, 0xc1, 0xca, 0x80, 0xef, 0xa6, 0xa0,
  0xf4, 0x89, 0x6a, 0xb4, 0x6f, 0x29, 0x51, 0x35, 0x9d, 0xa0, 0x97, 0xb1,
  0x3a, 0x51, 0x23, 0x6b, 0xad, 0x65, 0xca, 0x01, 0x50, 0xfe, 0xb0, 0x04,
  0x56, 0x01, 0x50, 0xfe, 0xb0, 0x00, 0x00, 0x03, 0x00, 0x60, 0xff, 0x86,
  0x05, 0x3c, 0x06, 0x18, 0x00, 0x21, 0x00, 0x25, 0x00, 0x29, 0x00, 0x00,
  0x45, 0x22, 0x24, 0x02, 0x35, 0x34, 0x12, 0x24, 0x33, 0x32, 0x16, 0x16,
  0x17, 0x21, 0x2e, 0x02, 0x23, 0x22, 0x06, 0x06, 0x15, 0x10, 0x16, 0x33,
  0x32, 0x36, 0x36, 0x37, 0x21, 0x0e, 0x03, 0x05, 0x01, 0x33, 0x01, 0x33,
  0x01, 0x33, 0x01, 0x02, 0xef, 0xca, 0xfe, 0xda, 0x9f, 0x9e, 0x01, 0x26,
  0xcb, 0xa3, 0xff, 0x9d, 0x0e, 0xfe, 0xce, 0x0e, 0x4a, 0x78, 0x54, 0x65,
  0x92, 0x4e, 0xad, 0x98, 0x54, 0x78, 0x4a, 0x0e, 0x01, 0x32, 0x0d, 0x4a,
  0x88, 0xd6, 0xfe, 0x1b, 0x01, 0x40, 0x81, 0xfe, 0xc0, 0x66, 0x01, 0x40,
  0x81, 0xfe, 0xc0, 0x14, 0xbc, 0x01, 0x54, 0xe3, 0xe4, 0x01, 0x47, 0xb0,
  0x83, 0xe2, 0x8e, 0x4b, 0x75, 0x43, 0x62, 0xda, 0xb3, 0xfe, 0xf2, 0xf1,
  0x4d, 0x7f, 0x4c, 0x67, 0xbb, 0x92, 0x54, 0x66, 0x06, 0x92, 0xf9, 0x6e,
  0x06, 0x92, 0xf9, 0x6e, 0x00, 0x02, 0x00, 0x4b, 0x00, 0xea, 0x04, 0x1e,
  0x04, 0xc7, 0x00, 0x28, 0x00, 0x38, 0x00, 0x00, 0x77, 0x27, 0x37, 0x26,
  0x26, 0x35, 0x34, 0x37, 0x36, 0x27, 0x27, 0x37, 0x17, 0x36, 0x36, 0x33,
  0x32, 0x17, 0x16, 0x37, 0x37, 0x17, 0x07, 0x16, 0x16, 0x15, 0x14, 0x06,
  0x07, 0x06, 0x17, 0x17, 0x07, 0x27, 0x06, 0x06, 0x23, 0x22, 0x27, 0x26,
  0x07, 0x37, 0x32, 0x36, 0x36, 0x35, 0x34, 0x26, 0x26, 0x23, 0x22, 0x06,
  0x06, 0x15, 0x14, 0x16, 0x16, 0xc5, 0x7a, 0x84, 0x23, 0x23, 0x3c, 0x09,
  0x0c, 0x76, 0x7a, 0x86, 0x34, 0x7a, 0x3d, 0x7d, 0x69, 0x0d, 0x0a, 0x6f,
  0x7a, 0x7a, 0x22, 0x26, 0x21, 0x21, 0x06, 0x06, 0x75, 0x7a, 0x79, 0x36,
  0x77, 0x40, 0x7d, 0x66, 0x11, 0x0e, 0xff, 0x45, 0x6d, 0x3e, 0x3e, 0x6d,
  0x45, 0x45, 0x6d, 0x3f, 0x3f, 0x6d, 0xea, 0x7e, 0x82, 0x38, 0x6f, 0x46,
  0x7b, 0x61, 0x12, 0x0d, 0x76, 0x7f, 0x87, 0x22, 0x27, 0x41, 0x08, 0x0a,
  0x70, 0x7d, 0x79, 0x35, 0x76, 0x41, 0x3c, 0x77, 0x30, 0x0a, 0x06, 0x71,
  0x7d, 0x79, 0x23, 0x27, 0x3e, 0x0b, 0x0e, 0x86, 0x43, 0x6e, 0x40, 0x3f,
  0x6e, 0x44, 0x44, 0x6e, 0x3f, 0x40, 0x6e, 0x43, 0x00, 0x03, 0x00, 0x63,
  0xff, 0x41, 0x04, 0xef, 0x06, 0x75, 0x00, 0x2d, 0x00, 0x31, 0x00, 0x35,
  0x00, 0x00, 0x45, 0x20, 0x24, 0x27, 0x25, 0x16, 0x16, 0x33, 0x32, 0x36,
  0x36, 0x35, 0x34, 0x26, 0x27, 0x27, 0x26, 0x26, 0x27, 0x26, 0x36, 0x24,
  0x33, 0x32, 0x16, 0x16, 0x07, 0x05, 0x26, 0x26, 0x23, 0x22, 0x0e, 0x02,
  0x15, 0x14, 0x16, 0x17, 0x17, 0x16, 0x16, 0x15, 0x14, 0x06, 0x06, 0x05,
  0x11, 0x33, 0x11, 0x03, 0x11, 0x33, 0x11, 0x02, 0xc3, 0xfe, 0xfc, 0xfe,
  0xbc, 0x18, 0x01, 0x30, 0x18, 0x9f, 0x78, 0x48, 0x6f, 0x40, 0x66, 0x6a,
  0xed, 0xa5, 0xc7, 0x02, 0x01, 0x95, 0x01, 0x01, 0xa0, 0xa4, 0xef, 0x81,
  0x02, 0xfe, 0xd9, 0x0e, 0x64, 0x74, 0x3c, 0x5e, 0x44, 0x23, 0x55, 0x76,
  0xe9, 0xc5, 0xaf, 0x89, 0xfa, 0xfe, 0xd5, 0xfc, 0xf7, 0xfd, 0x14, 0xd1,
  0xda, 0x06, 0x63, 0x67, 0x2f, 0x51, 0x34, 0x50, 0x4f, 0x18, 0x33, 0x21,
  0xc5, 0xa6, 0x88, 0xc7, 0x6c, 0x75, 0xc5, 0x77, 0x05, 0x60, 0x6e, 0x1a,
  0x2f, 0x40, 0x28, 0x3f, 0x49, 0x1f, 0x39, 0x2f, 0xe4, 0xa3, 0x7d, 0xba,
  0x66, 0xab, 0x01, 0x04, 0xfe, 0xfc, 0x06, 0x30, 0x01, 0x04, 0xfe, 0xfc,
  0x00, 0x04, 0x00, 0x4c, 0x00, 0x00, 0x04, 0x0b, 0x05, 0xa5, 0x00, 0x16,
  0x00, 0x1a, 0x00, 0x29, 0x00, 0x2d, 0x00, 0x00, 0x65, 0x22, 0x26, 0x26,
  0x35, 0x34, 0x36, 0x36, 0x33, 0x32, 0x16, 0x17, 0x16, 0x36, 0x35, 0x11,
  0x33, 0x11, 0x23, 0x35, 0x0e, 0x02, 0x05, 0x35, 0x21, 0x15, 0x01, 0x32,
  0x36, 0x36, 0x35, 0x11, 0x26, 0x26, 0x23, 0x22, 0x06, 0x15, 0x14, 0x16,
  0x16, 0x03, 0x35, 0x21, 0x15, 0x01, 0x9e, 0x61, 0x98, 0x59, 0x60, 0xa1,
  0x62, 0x42, 0x63, 0x2d, 0x0e, 0x0e, 0xf5, 0xf1, 0x1c, 0x45, 0x60, 0xfe,
  0xa3, 0x03, 0x12, 0xfe, 0x69, 0x2d, 0x47, 0x28, 0x22, 0x47, 0x31, 0x50,
  0x67, 0x2e, 0x52, 0x0d, 0x02, 0x4f, 0xf9, 0x61, 0xc0, 0x90, 0x88, 0xc9,
  0x70, 0x2b, 0x2b, 0x0a, 0x04, 0x12, 0x01, 0x84, 0xfb, 0x64, 0x6a, 0x1f,
  0x38, 0x23, 0xf9, 0x8d, 0x8d, 0x01, 0x95, 0x27, 0x40, 0x24, 0x01, 0x5c,
  0x26, 0x28, 0x85, 0x98, 0x65, 0x7c, 0x37, 0x03, 0x21, 0x81, 0x81, 0x00,
  0x00, 0x03, 0x00, 0x01, 0xff, 0xec, 0x04, 0xc7, 0x05, 0xba, 0x00, 0x1e,
  0x00, 0x22, 0x00, 0x26, 0x00, 0x00, 0x45, 0x22, 0x26, 0x26, 0x02, 0x35,
  0x34, 0x12, 0x24, 0x33, 0x32, 0x16, 0x17, 0x07, 0x26, 0x26, 0x23, 0x22,
  0x06, 0x06, 0x15, 0x14, 0x16, 0x16, 0x33, 0x32, 0x36, 0x37, 0x17, 0x06,
  0x06, 0x01, 0x35, 0x25, 0x15, 0x01, 0x35, 0x25, 0x15, 0x03, 0x0a, 0x8a,
  0xe4, 0xa5, 0x59, 0x9c, 0x01, 0x17, 0xb8, 0x8a, 0xe7, 0x4d, 0xc8, 0x2c,
  0x67, 0x49, 0x5f, 0x8a, 0x4a, 0x51, 0x91, 0x5f, 0x49, 0x88, 0x27, 0x9d,
  0x4c, 0xe7, 0xfc, 0x6e, 0x03, 0x51, 0xfc, 0xaf, 0x03, 0x51, 0x14, 0x6c,
  0xc9, 0x01, 0x15, 0xa9, 0xe1, 0x01, 0x48, 0xb2, 0x6b, 0x5d, 0x99, 0x2f,
  0x4a, 0x68, 0xde, 0xb2, 0xb0, 0xde, 0x6a, 0x50, 0x30, 0xa8, 0x58, 0x76,
  0x01, 0xf6, 0x9f, 0x01, 0xa0, 0x01, 0x46, 0x9d, 0x01, 0x9e, 0x00, 0x01,
  0xff, 0xc9, 0xfe, 0xb1, 0x03, 0xe3, 0x05, 0xa6, 0x00, 0x1b, 0x00, 0x00,
  0x43, 0x37, 0x33, 0x36, 0x36, 0x37, 0x13, 0x23, 0x37, 0x33, 0x37, 0x36,
  0x36, 0x33, 0x33, 0x07, 0x23, 0x22, 0x06, 0x07, 0x07, 0x33, 0x07, 0x23,
  0x03, 0x06, 0x06, 0x23, 0x37, 0x1d, 0x77, 0x3c, 0x38, 0x0d, 0x93, 0xa8,
  0x24, 0xa7, 0x1a, 0x17, 0xad, 0x83, 0xee, 0x20, 0x84, 0x2b, 0x48, 0x09,
  0x11, 0xe1, 0x25, 0xd9, 0x9d, 0x16, 0xac, 0x87, 0xfe, 0xb1, 0xc4, 0x01,
  0x39, 0x50, 0x03, 0x40, 0xcb, 0x95, 0x7d, 0x8a, 0xc2, 0x45, 0x33, 0x62,
  0xcb, 0xfc, 0x7f, 0x7d, 0x90, 0x00, 0x00, 0x02, 0xff, 0xda, 0x00, 0x00,
  0x04, 0x92, 0x05, 0xa6, 0x00, 0x09, 0x00, 0x0d, 0x00, 0x00, 0x73, 0x11,
  0x21, 0x07, 0x21, 0x11, 0x21, 0x15, 0x21, 0x11, 0x25, 0x35, 0x25, 0x15,
  0x8a, 0x04, 0x08, 0x01, 0xfd, 0x45, 0x02, 0x06, 0xfd, 0xfa, 0xfe, 0x04,
  0x03, 0x26, 0x05, 0xa6, 0xf3, 0xfe, 0x8a, 0xed, 0xfd, 0xb0, 0xee, 0x9f,
  0x01, 0xa0, 0x00, 0x01, 0x00, 0x29, 0x00, 0x00, 0x04, 0xbe, 0x05, 0xba,
  0x00, 0x3a, 0x00, 0x00, 0x73, 0x35, 0x33, 0x32, 0x36, 0x37, 0x36, 0x36,
  0x27, 0x34, 0x23, 0x23, 0x35, 0x33, 0x27, 0x23, 0x35, 0x33, 0x27, 0x26,
  0x36, 0x36, 0x33, 0x32, 0x16, 0x16, 0x17, 0x07, 0x26, 0x26, 0x23, 0x22,
  0x06, 0x06, 0x15, 0x14, 0x16, 0x17, 0x16, 0x33, 0x21, 0x15, 0x05, 0x17,
  0x33, 0x15, 0x23, 0x0e, 0x02, 0x07, 0x21, 0x32, 0x36, 0x37, 0x17, 0x06,
  0x06, 0x23, 0x29, 0x44, 0x41, 0x5a, 0x0a, 0x04, 0x01, 0x01, 0x11, 0xd0,
  0xcc, 0x14, 0xb8, 0xa0, 0x07, 0x11, 0x78, 0xda, 0x82, 0x5c, 0xba, 0x97,
  0x27, 0xff, 0x18, 0x4c, 0x45, 0x2f, 0x4a, 0x2a, 0x07, 0x04, 0x03, 0x14,
  0x01, 0x0d, 0xfe, 0xf8, 0x12, 0xf6, 0xfb, 0x06, 0x1f, 0x33, 0x24, 0x01,
  0x13, 0x5b, 0x6b, 0x1c, 0xf7, 0x2d, 0xed, 0xa9, 0xf2, 0x51, 0x57, 0x0d,
  0x20, 0x14, 0x0e, 0x9e, 0x86, 0xa0, 0x4f, 0x9c, 0xc5, 0x5d, 0x40, 0x7f,
  0x60, 0x4e, 0x38, 0x4d, 0x28, 0x4c, 0x35, 0x12, 0x35, 0x20, 0x15, 0x9f,
  0x01, 0x86, 0x9e, 0x2c, 0x59, 0x51, 0x1f, 0x49, 0x57, 0x36, 0xaa, 0xb4,
  0x00, 0x03, 0x00, 0x1e, 0x00, 0x00, 0x04, 0xfe, 0x05, 0xa6, 0x00, 0x0d,
  0x00, 0x11, 0x00, 0x15, 0x00, 0x00, 0x61, 0x11, 0x21, 0x11, 0x33, 0x36,
  0x36, 0x37, 0x05, 0x0e, 0x03, 0x23, 0x01, 0x27, 0x01, 0x17, 0x25, 0x27,
  0x01, 0x17, 0x01, 0x0d, 0x01, 0x4e, 0x46, 0x6f, 0xb3, 0x38, 0x01, 0x03,
  0x25, 0x76, 0xac, 0xef, 0x9e, 0xfe, 0x47, 0x37, 0x03, 0x2d, 0x37, 0xfc,
  0xb8, 0x38, 0x03, 0x2e, 0x39, 0x05, 0xa6, 0xfb, 0x4e, 0x04, 0x9f, 0x99,
  0x37, 0x68, 0xb7, 0x8c, 0x4e, 0x01, 0x7a, 0x9a, 0x01, 0x28, 0x9a, 0x13,
  0x9a, 0x01, 0x28, 0x98, 0x00, 0x03, 0x00, 0x11, 0x00, 0x00, 0x06, 0x6c,
  0x05, 0xa6, 0x00, 0x09, 0x00, 0x0d, 0x00, 0x11, 0x00, 0x00, 0x73, 0x11,
  0x21, 0x01, 0x11, 0x21, 0x11, 0x21, 0x01, 0x11, 0x01, 0x35, 0x25, 0x15,
  0x01, 0x35, 0x25, 0x15, 0xe2, 0x01, 0x21, 0x02, 0x94, 0x01, 0x24, 0xfe,
  0xf9, 0xfd, 0x51, 0xfe, 0x0c, 0x06, 0x5b, 0xf9, 0xa5, 0x06, 0x5b, 0x05,
  0xa6, 0xfc, 0x43, 0x03, 0xbd, 0xfa, 0x5a, 0x03, 0xe3, 0xfc, 0x1d, 0x01,
  0xce, 0x90, 0x01, 0x90, 0x01, 0xa2, 0x90, 0x01, 0x90, 0x00, 0x00, 0x03,
  0x00, 0x29, 0x00, 0x00, 0x04, 0xd3, 0x05, 0xa7, 0x00, 0x17, 0x00, 0x1b,
  0x00, 0x1f, 0x00, 0x00, 0x61, 0x03, 0x21, 0x35, 0x21, 0x32, 0x36, 0x35,
  0x34, 0x26, 0x23, 0x21, 0x35, 0x21, 0x20, 0x04, 0x15, 0x14, 0x06, 0x06,
  0x07, 0x06, 0x17, 0x01, 0x01, 0x35, 0x25, 0x15, 0x01, 0x35, 0x25, 0x15,
  0x02, 0xc2, 0xe1, 0xfe, 0x48, 0x01, 0xa7, 0x89, 0x7f, 0x81, 0x79, 0xfe,
  0x4b, 0x01, 0xe4, 0x01, 0x03, 0x01, 0x20, 0x4a, 0x7a, 0x48, 0x10, 0x09,
  0x01, 0x0d, 0xfc, 0x01, 0x04, 0xa8, 0xfb, 0x58, 0x04, 0xa8, 0x02, 0x7a,
  0xd3, 0x6d, 0x75, 0x72, 0x6a, 0x9b, 0xc8, 0xb8, 0x62, 0x95, 0x64, 0x1b,
  0x05, 0x18, 0xfd, 0x6d, 0x03, 0xea, 0x90, 0x01, 0x90, 0x01, 0x2b, 0x90,
  0x01, 0x90, 0x00, 0x01, 0x00, 0x29, 0x00, 0x00, 0x04, 0xbe, 0x05, 0xba,
  0x00, 0x32, 0x00, 0x00, 0x73, 0x35, 0x33, 0x32, 0x36, 0x35, 0x34, 0x26,
  0x27, 0x23, 0x35, 0x33, 0x27, 0x26, 0x3e, 0x02, 0x33, 0x32, 0x16, 0x16,
  0x17, 0x07, 0x26, 0x26, 0x23, 0x22, 0x06, 0x06, 0x15, 0x14, 0x16, 0x17,
  0x21, 0x15, 0x21, 0x16, 0x06, 0x07, 0x0e, 0x02, 0x07, 0x21, 0x32, 0x36,
  0x37, 0x17, 0x06, 0x06, 0x23, 0x29, 0x44, 0x4b, 0x60, 0x0a, 0x0b, 0xcc,
  0xab, 0x14, 0x0e, 0x3e, 0x82, 0xb0, 0x61, 0x6c, 0xb8, 0x89, 0x26, 0xfe,
  0x20, 0x4b, 0x3e, 0x2f, 0x4a, 0x2a, 0x11, 0x0f, 0x01, 0x25, 0xfe, 0xf2,
  0x06, 0x01, 0x0a, 0x07, 0x21, 0x2f, 0x1d, 0x01, 0x0d, 0x61, 0x61, 0x20,
  0xf7, 0x30, 0xe0, 0xb3, 0xf2, 0x61, 0x6d, 0x30, 0x63, 0x52, 0xa2, 0xb5,
  0x6c, 0xa6, 0x72, 0x3a, 0x44, 0x81, 0x5a, 0x4e, 0x46, 0x3f, 0x28, 0x4c,
  0x35, 0x2a, 0x6f, 0x48, 0xa2, 0x44, 0x5d, 0x32, 0x39, 0x50, 0x3b, 0x1b,
  0x48, 0x58, 0x36, 0xae, 0xb0, 0x00, 0x00, 0x03, 0x00, 0x17, 0x00, 0x00,
  0x08, 0x98, 0x05, 0xa6, 0x00, 0x0c, 0x00, 0x10, 0x00, 0x14, 0x00, 0x00,
  0x61, 0x01, 0x21, 0x01, 0x01, 0x33, 0x01, 0x01, 0x21, 0x01, 0x23, 0x09,
  0x02, 0x35, 0x25, 0x15, 0x01, 0x35, 0x25, 0x15, 0x02, 0x57, 0xfe, 0x55,
  0x01, 0x1e, 0x01, 0x0e, 0x01, 0x0c, 0xd4, 0x01, 0x0f, 0x01, 0x0d, 0x01,
  0x1d, 0xfe, 0x55, 0xe9, 0xfe, 0xf0, 0xfe, 0xef, 0xfc, 0xdb, 0x08, 0x81,
  0xf7, 0x7f, 0x08, 0x81, 0x05, 0xa6, 0xfc, 0x45, 0x03, 0xbb, 0xfc, 0x45,
  0x03, 0xbb, 0xfa, 0x5a, 0x03, 0xb1, 0xfc, 0x4f, 0x02, 0xda, 0x9e, 0x01,
  0x9e, 0x01, 0x37, 0x9e, 0x01, 0x9e, 0x00, 0x03, 0xff, 0xf5, 0x00, 0x00,
  0x05, 0x31, 0x05, 0xa6, 0x00, 0x08, 0x00, 0x0c, 0x00, 0x10, 0x00, 0x00,
  0x61, 0x11, 0x01, 0x21, 0x01, 0x01, 0x21, 0x01, 0x11, 0x25, 0x35, 0x25,
  0x15, 0x01, 0x35, 0x25, 0x15, 0x01, 0xf3, 0xfe, 0x02, 0x01, 0x7a, 0x01,
  0x49, 0x01, 0x46, 0x01, 0x33, 0xfe, 0x0e, 0xfd, 0x8a, 0x03, 0xa1, 0xfc,
  0x5f, 0x03, 0xa1, 0x02, 0x5b, 0x03, 0x4b, 0xfd, 0xbd, 0x02, 0x43, 0xfc,
  0xd8, 0xfd, 0x82, 0xe0, 0x9e, 0x01, 0x9e, 0x01, 0x38, 0x9f, 0x01, 0xa0,
  0xff, 0xff, 0x00, 0xef, 0x00, 0x00, 0x04, 0x96, 0x05, 0xa6, 0x04, 0x07,
  0x02, 0x0d, 0x00, 0x88, 0x00, 0x00, 0xff, 0xff, 0x00, 0x45, 0xff, 0x86,
  0x05, 0x21, 0x06, 0x18, 0x04, 0x06, 0x02, 0x0e, 0xe5, 0x00, 0xff, 0xff,
  0x00, 0x76, 0xff, 0x41, 0x05, 0x02, 0x06, 0x75, 0x04, 0x06, 0x02, 0x10,
  0x13, 0x00, 0xff, 0xff, 0x00, 0xdd, 0x00, 0x00, 0x04, 0x9b, 0x05, 0xa5,
  0x04, 0x07, 0x02, 0x11, 0x00, 0x90, 0x00, 0x00, 0xff, 0xff, 0x00, 0x53,
  0xff, 0xec, 0x05, 0x18, 0x05, 0xba, 0x04, 0x06, 0x02, 0x12, 0x51, 0x00,
  0xff, 0xff, 0x00, 0x91, 0xfe, 0xb1, 0x04, 0xab, 0x05, 0xa6, 0x04, 0x07,
  0x02, 0x13, 0x00, 0xc8, 0x00, 0x00, 0xff, 0xff, 0x00, 0x66, 0x00, 0x00,
  0x05, 0x1e, 0x05, 0xa6, 0x04, 0x07, 0x02, 0x14, 0x00, 0x8c, 0x00, 0x00,
  0xff, 0xff, 0x00, 0x71, 0x00, 0x00, 0x05, 0x07, 0x05, 0xba, 0x04, 0x06,
  0x02, 0x15, 0x49, 0x00, 0xff, 0xff, 0x00, 0x52, 0x00, 0x00, 0x05, 0x32,
  0x05, 0xa6, 0x04, 0x06, 0x02, 0x16, 0x34, 0x00, 0xff, 0xff, 0x00, 0x67,
  0x00, 0x00, 0x05, 0x11, 0x05, 0xa7, 0x04, 0x06, 0x02, 0x18, 0x3e, 0x00,
  0xff, 0xff, 0x00, 0x71, 0x00, 0x00, 0x05, 0x07, 0x05, 0xba, 0x04, 0x06,
  0x02, 0x19, 0x49, 0x00, 0xff, 0xff, 0x00, 0x1e, 0x00, 0x00, 0x05, 0x5a,
  0x05, 0xa6, 0x04, 0x06, 0x02, 0x1b, 0x29, 0x00, 0x00, 0x01, 0x00, 0xbe,
  0x02, 0x43, 0x01, 0xf2, 0x03, 0x77, 0x00, 0x0b, 0x00, 0x00, 0x41, 0x22,
  0x26, 0x35, 0x34, 0x36, 0x33, 0x32, 0x16, 0x15, 0x14, 0x06, 0x01, 0x58,
  0x40, 0x5a, 0x5a, 0x40, 0x40, 0x5a, 0x5a, 0x02, 0x43, 0x5b, 0x3f, 0x40,
  0x5a, 0x5a, 0x40, 0x3f, 0x5b, 0x00, 0x00, 0x01, 0x00, 0x58, 0xff, 0xf8,
  0x04, 0x6c, 0x05, 0xb6, 0x00, 0x03, 0x00, 0x00, 0x45, 0x27, 0x01, 0x33,
  0x01, 0x04, 0xac, 0x03, 0x6b, 0xa9, 0x08, 0x03, 0x05, 0xbb, 0x00, 0x02,
  0x00, 0x74, 0x01, 0x00, 0x04, 0x25, 0x04, 0xb1, 0x00, 0x03, 0x00, 0x07,
  0x00, 0x00, 0x41, 0x11, 0x33, 0x11, 0x01, 0x35, 0x21, 0x15, 0x01, 0xe3,
  0xd5, 0xfd, 0xbc, 0x03, 0xb1, 0x01, 0x00, 0x03, 0xb1, 0xfc, 0x4f, 0x01,
  0x6d, 0xd5, 0xd5, 0x00, 0x00, 0x01, 0x00, 0x74, 0x02, 0x6d, 0x04, 0x25,
  0x03, 0x42, 0x00, 0x03, 0x00, 0x00, 0x53, 0x35, 0x21, 0x15, 0x74, 0x03,
  0xb1, 0x02, 0x6d, 0xd5, 0xd5, 0x00, 0x00, 0x02, 0x00, 0x74, 0x01, 0x0d,
  0x04, 0x0c, 0x04, 0xa4, 0x00, 0x03, 0x00, 0x07, 0x00, 0x00, 0x41, 0x27,
  0x01, 0x17, 0x03, 0x01, 0x37, 0x01, 0x01, 0x0b, 0x95, 0x02, 0xff, 0x97,
  0x99, 0xfd, 0x01, 0x95, 0x03, 0x01, 0x01, 0x0d, 0x97, 0x03, 0x00, 0x97,
  0xfd, 0x00, 0x02, 0xff, 0x97, 0xfd, 0x01, 0x00, 0x00, 0x03, 0x00, 0x74,
  0x00, 0xbb, 0x04, 0x25, 0x04, 0xf4, 0x00, 0x03, 0x00, 0x07, 0x00, 0x0b,
  0x00, 0x00, 0x53, 0x35, 0x21, 0x15, 0x01, 0x11, 0x21, 0x11, 0x01, 0x11,
  0x21, 0x11, 0x74, 0x03, 0xb1, 0xfd, 0x91, 0x01, 0x30, 0xfe, 0xd0, 0x01,
  0x30, 0x02, 0x6d, 0xd5, 0xd5, 0xfe, 0x4e, 0x01, 0x25, 0xfe, 0xdb, 0x03,
  0x14, 0x01, 0x25, 0xfe, 0xdb, 0x00, 0x00, 0x02, 0x00, 0x74, 0x01, 0x62,
  0x04, 0x25, 0x04, 0x01, 0x00, 0x03, 0x00, 0x07, 0x00, 0x00, 0x53, 0x35,
  0x25, 0x15, 0x01, 0x35, 0x21, 0x15, 0x74, 0x03, 0xb1, 0xfc, 0x4f, 0x03,
  0xb1, 0x03, 0x2b, 0xd5, 0x01, 0xd5, 0xfe, 0x36, 0xd5, 0xd5, 0x00, 0x03,
  0x00, 0x74, 0x00, 0x44, 0x04, 0x25, 0x05, 0x12, 0x00, 0x03, 0x00, 0x07,
  0x00, 0x0b, 0x00, 0x00, 0x77, 0x01, 0x33, 0x01, 0x03, 0x35, 0x25, 0x15,
  0x01, 0x35, 0x21, 0x15, 0xd0, 0x02, 0x20, 0x8d, 0xfd, 0xe7, 0xf0, 0x03,
  0xb1, 0xfc, 0x4f, 0x03, 0xb1, 0x44, 0x04, 0xce, 0xfb, 0x32, 0x02, 0xe7,
  0xd5, 0x01, 0xd5, 0xfe, 0x36, 0xd5, 0xd5, 0x00, 0x00, 0x01, 0x00, 0x74,
  0x00, 0xd0, 0x04, 0x0f, 0x04, 0x8f, 0x00, 0x06, 0x00, 0x00, 0x77, 0x35,
  0x25, 0x25, 0x35, 0x01, 0x15, 0x75, 0x02, 0x5a, 0xfd, 0xa5, 0x03, 0x9b,
  0xd0, 0xfb, 0xe1, 0xe8, 0xfb, 0xfe, 0x98, 0xf2, 0x00, 0x01, 0x00, 0x74,
  0x00, 0xd0, 0x04, 0x0e, 0x04, 0x8f, 0x00, 0x06, 0x00, 0x00, 0x65, 0x01,
  0x35, 0x01, 0x15, 0x05, 0x05, 0x04, 0x0e, 0xfc, 0x66, 0x03, 0x9a, 0xfd,
  0xa7, 0x02, 0x59, 0xd0, 0x01, 0x65, 0xf2, 0x01, 0x68, 0xfb, 0xe8, 0xe1,
  0x00, 0x02, 0x00, 0x74, 0x00, 0x3e, 0x04, 0x25, 0x05, 0x53, 0x00, 0x06,
  0x00, 0x0a, 0x00, 0x00, 0x53, 0x35, 0x25, 0x25, 0x35, 0x01, 0x15, 0x01,
  0x35, 0x25, 0x15, 0x84, 0x02, 0x5a, 0xfd, 0xa5, 0x03, 0x9b, 0xfc, 0x56,
  0x03, 0xb1, 0x01, 0x92, 0xfc, 0xe3, 0xe6, 0xfc, 0xfe, 0x99, 0xf3, 0xfd,
  0x45, 0xd3, 0x01, 0xd4, 0x00, 0x02, 0x00, 0x74, 0x00, 0x3e, 0x04, 0x25,
  0x05, 0x53, 0x00, 0x06, 0x00, 0x0a, 0x00, 0x00, 0x41, 0x01, 0x35, 0x01,
  0x15, 0x05, 0x05, 0x01, 0x35, 0x05, 0x15, 0x04, 0x13, 0xfc, 0x68, 0x03,
  0x99, 0xfd, 0xa7, 0x02, 0x58, 0xfc, 0x61, 0x03, 0xb1, 0x01, 0x92, 0x01,
  0x67, 0xf3, 0x01, 0x67, 0xfc, 0xe6, 0xe3, 0xfd, 0xb0, 0xd4, 0x01, 0xd3,
  0x00, 0x02, 0x00, 0x74, 0x00, 0x47, 0x04, 0x25, 0x05, 0x5b, 0x00, 0x03,
  0x00, 0x0f, 0x00, 0x00, 0x77, 0x35, 0x21, 0x15, 0x01, 0x25, 0x15, 0x05,
  0x11, 0x23, 0x11, 0x21, 0x35, 0x21, 0x11, 0x33, 0x74, 0x03, 0xb1, 0xfe,
  0x93, 0x01, 0x6d, 0xfe, 0x93, 0xd5, 0xfe, 0x91, 0x01, 0x6f, 0xd5, 0x47,
  0xd4, 0xd3, 0x03, 0xa4, 0x01, 0xd5, 0x01, 0xfe, 0x94, 0x01, 0x6c, 0xd5,
  0x01, 0x6f, 0x00, 0x02, 0x00, 0x74, 0x01, 0x27, 0x04, 0x4c, 0x04, 0x24,
  0x00, 0x17, 0x00, 0x2f, 0x00, 0x00, 0x53, 0x27, 0x36, 0x36, 0x33, 0x32,
  0x1e, 0x02, 0x33, 0x32, 0x36, 0x37, 0x17, 0x06, 0x06, 0x23, 0x22, 0x2e,
  0x02, 0x23, 0x22, 0x06, 0x03, 0x27, 0x36, 0x36, 0x33, 0x32, 0x1e, 0x02,
  0x33, 0x32, 0x36, 0x37, 0x17, 0x06, 0x06, 0x23, 0x22, 0x2e, 0x02, 0x23,
  0x22, 0x06, 0xc7, 0x53, 0x4a, 0x91, 0x61, 0x3e, 0x5f, 0x53, 0x53, 0x2f,
  0x48, 0x6a, 0x23, 0x55, 0x32, 0x9b, 0x58, 0x3b, 0x5f, 0x56, 0x56, 0x33,
  0x4c, 0x6b, 0x2e, 0x55, 0x4a, 0x91, 0x61, 0x3e, 0x5f, 0x53, 0x53, 0x2f,
  0x48, 0x6a, 0x23, 0x55, 0x32, 0x9b, 0x58, 0x3c, 0x60, 0x55, 0x55, 0x33,
  0x4c, 0x6c, 0x02, 0xcc, 0x92, 0x4c, 0x67, 0x25, 0x30, 0x25, 0x54, 0x39,
  0x91, 0x57, 0x5d, 0x25, 0x31, 0x24, 0x58, 0xfe, 0x26, 0x93, 0x4c, 0x67,
  0x26, 0x2f, 0x26, 0x55, 0x38, 0x91, 0x56, 0x5e, 0x25, 0x31, 0x25, 0x59,
  0x00, 0x01, 0x00, 0x71, 0x02, 0x2b, 0x04, 0x49, 0x03, 0x84, 0x00, 0x17,
  0x00, 0x00, 0x53, 0x27, 0x36, 0x36, 0x33, 0x32, 0x1e, 0x02, 0x33, 0x32,
  0x36, 0x37, 0x17, 0x06, 0x06, 0x23, 0x22, 0x2e, 0x02, 0x23, 0x22, 0x06,
  0xc4, 0x53, 0x4a, 0x90, 0x62, 0x3e, 0x5f, 0x53, 0x52, 0x30, 0x48, 0x6a,
  0x23, 0x55, 0x32, 0x9c, 0x57, 0x3c, 0x60, 0x55, 0x55, 0x33, 0x4c, 0x6c,
  0x02, 0x2b, 0x93, 0x4c, 0x67, 0x26, 0x2f, 0x26, 0x55, 0x39, 0x91, 0x58,
  0x5d, 0x25, 0x31, 0x25, 0x59, 0x00, 0x00, 0x02, 0x00, 0x74, 0x01, 0x3f,
  0x04, 0x25, 0x03, 0x42, 0x00, 0x03, 0x00, 0x07, 0x00, 0x00, 0x53, 0x35,
  0x21, 0x15, 0x03, 0x03, 0x33, 0x11, 0x74, 0x03, 0xb1, 0xed, 0x01, 0xee,
  0x02, 0x6d, 0xd5, 0xd5, 0xfe, 0xd2, 0x01, 0xba, 0xfe, 0x46, 0x00, 0x01,
  0x00, 0x45, 0x00, 0xf5, 0x03, 0x6f, 0x04, 0x24, 0x00, 0x09, 0x00, 0x00,
  0x65, 0x03, 0x03, 0x23, 0x01, 0x36, 0x36, 0x16, 0x17, 0x01, 0x02, 0xa9,
  0xcf, 0xd0, 0xc5, 0x01, 0x37, 0x13, 0x4a, 0x4b, 0x15, 0x01, 0x36, 0xf5,
  0x01, 0xff, 0xfe, 0x02, 0x02, 0xe0, 0x2d, 0x21, 0x1d, 0x30, 0xfd, 0x1e,
  0x00, 0x03, 0x00, 0x52, 0x00, 0xf3, 0x04, 0x44, 0x04, 0xa6, 0x00, 0x03,
  0x00, 0x13, 0x00, 0x23, 0x00, 0x00, 0x77, 0x27, 0x01, 0x17, 0x01, 0x22,
  0x26, 0x26, 0x35, 0x34, 0x36, 0x36, 0x33, 0x32, 0x16, 0x16, 0x15, 0x14,
  0x06, 0x06, 0x27, 0x32, 0x36, 0x36, 0x35, 0x34, 0x26, 0x26, 0x23, 0x22,
  0x06, 0x06, 0x15, 0x14, 0x16, 0x16, 0xb4, 0x62, 0x03, 0x94, 0x5e, 0xfe,
  0x0c, 0x7c, 0xcd, 0x79, 0x7a, 0xcc, 0x7c, 0x7d, 0xcd, 0x7b, 0x7b, 0xcd,
  0x7d, 0x58, 0x90, 0x56, 0x56, 0x90, 0x58, 0x57, 0x90, 0x55, 0x55, 0x90,
  0xf3, 0x66, 0x03, 0x4d, 0x64, 0xfc, 0xd1, 0x7b, 0xcd, 0x7d, 0x7c, 0xcc,
  0x7b, 0x7b, 0xcc, 0x7c, 0x7d, 0xcd, 0x7b, 0x87, 0x56, 0x90, 0x58, 0x56,
  0x90, 0x56, 0x56, 0x90, 0x56, 0x58, 0x90, 0x56, 0x00, 0x03, 0x00, 0x5d,
  0x00, 0xb6, 0x05, 0xc6, 0x03, 0x7c, 0x00, 0x27, 0x00, 0x38, 0x00, 0x4a,
  0x00, 0x00, 0x65, 0x22, 0x26, 0x26, 0x35, 0x34, 0x36, 0x36, 0x33, 0x32,
  0x16, 0x16, 0x17, 0x16, 0x36, 0x37, 0x3e, 0x02, 0x33, 0x32, 0x16, 0x16,
  0x15, 0x15, 0x14, 0x06, 0x06, 0x23, 0x22, 0x26, 0x26, 0x27, 0x26, 0x26,
  0x07, 0x0e, 0x03, 0x27, 0x33, 0x32, 0x36, 0x36, 0x37, 0x36, 0x26, 0x27,
  0x26, 0x26, 0x23, 0x22, 0x06, 0x15, 0x14, 0x16, 0x21, 0x32, 0x36, 0x36,
  0x35, 0x34, 0x26, 0x23, 0x23, 0x22, 0x06, 0x07, 0x06, 0x16, 0x17, 0x1e,
  0x02, 0x01, 0xad, 0x5a, 0x99, 0x5d, 0x5d, 0xa2, 0x69, 0x4e, 0x6d, 0x59,
  0x2e, 0x10, 0x12, 0x0e, 0x24, 0x58, 0x77, 0x51, 0x5f, 0x96, 0x56, 0x60,
  0x9e, 0x5e, 0x4d, 0x70, 0x5a, 0x2e, 0x0b, 0x0d, 0x0d, 0x0e, 0x37, 0x53,
  0x72, 0x38, 0x05, 0x29, 0x4e, 0x3e, 0x15, 0x11, 0x02, 0x12, 0x2d, 0x62,
  0x3f, 0x48, 0x5a, 0x5f, 0x02, 0xfb, 0x30, 0x43, 0x22, 0x53, 0x48, 0x02,
  0x41, 0x65, 0x29, 0x12, 0x07, 0x0b, 0x2c, 0x53, 0x42, 0xb6, 0x57, 0x9f,
  0x6c, 0x6b, 0xa0, 0x59, 0x30, 0x51, 0x33, 0x11, 0x01, 0x10, 0x28, 0x53,
  0x39, 0x54, 0x9a, 0x69, 0x04, 0x73, 0xa2, 0x56, 0x34, 0x59, 0x35, 0x0e,
  0x03, 0x10, 0x0f, 0x3f, 0x45, 0x30, 0xb6, 0x2a, 0x3e, 0x1c, 0x17, 0x18,
  0x1c, 0x43, 0x4d, 0x61, 0x4c, 0x4f, 0x63, 0x35, 0x51, 0x2a, 0x45, 0x6a,
  0x5a, 0x30, 0x15, 0x24, 0x0e, 0x3e, 0x3d, 0x13, 0x00, 0x01, 0x00, 0x18,
  0xfe, 0xa9, 0x03, 0x84, 0x06, 0x87, 0x00, 0x27, 0x00, 0x00, 0x53, 0x22,
  0x26, 0x26, 0x27, 0x37, 0x16, 0x16, 0x33, 0x32, 0x36, 0x35, 0x34, 0x0a,
  0x02, 0x35, 0x34, 0x36, 0x36, 0x33, 0x32, 0x16, 0x16, 0x17, 0x07, 0x26,
  0x26, 0x23, 0x22, 0x06, 0x15, 0x14, 0x12, 0x12, 0x16, 0x15, 0x14, 0x06,
  0x06, 0xf6, 0x34, 0x50, 0x3f, 0x1b, 0x3d, 0x20, 0x42, 0x2d, 0x3a, 0x44,
  0x10, 0x17, 0x11, 0x53, 0xa7, 0x7f, 0x35, 0x53, 0x40, 0x19, 0x3b, 0x20,
  0x45, 0x2e, 0x3b, 0x45, 0x11, 0x15, 0x10, 0x54, 0xa6, 0xfe, 0xa9, 0x0c,
  0x17, 0x10, 0xf1, 0x10, 0x17, 0x5b, 0x77, 0x82, 0x01, 0x1a, 0x01, 0x1a,
  0x01, 0x02, 0x69, 0xa4, 0xdc, 0x6e, 0x0d, 0x17, 0x10, 0xf1, 0x10, 0x18,
  0x5b, 0x73, 0x85, 0xfe, 0xe6, 0xfe, 0xeb, 0xfd, 0x69, 0xa9, 0xe1, 0x6f,
  0x00, 0x01, 0x00, 0x5c, 0x00, 0x00, 0x05, 0xa3, 0x05, 0xe0, 0x00, 0x2f,
  0x00, 0x00, 0x73, 0x35, 0x21, 0x2e, 0x04, 0x35, 0x34, 0x3e, 0x02, 0x33,
  0x32, 0x1e, 0x02, 0x15, 0x14, 0x0e, 0x02, 0x07, 0x21, 0x15, 0x21, 0x35,
  0x3e, 0x03, 0x35, 0x34, 0x2e, 0x02, 0x23, 0x22, 0x0e, 0x02, 0x15, 0x14,
  0x16, 0x16, 0x17, 0x15, 0x7b, 0x01, 0x14, 0x1e, 0x51, 0x53, 0x46, 0x2b,
  0x5a, 0xaf, 0xfd, 0xa2, 0xa8, 0xfb, 0xa8, 0x54, 0x25, 0x4d, 0x77, 0x52,
  0x01, 0x1c, 0xfd, 0xb5, 0x2d, 0x63, 0x57, 0x36, 0x2f, 0x59, 0x7c, 0x4e,
  0x4c, 0x7e, 0x5e, 0x33, 0x46, 0x80, 0x58, 0xfc, 0x19, 0x4c, 0x66, 0x80,
  0x9c, 0x5b, 0x7f, 0xf0, 0xc1, 0x72, 0x78, 0xc4, 0xee, 0x76, 0x59, 0x98,
  0x89, 0x85, 0x45, 0xfc, 0xdd, 0x20, 0x65, 0x8c, 0xb8, 0x75, 0x6f, 0xae,
  0x7a, 0x3f, 0x3d, 0x79, 0xb2, 0x75, 0x81, 0xd1, 0xa7, 0x3e, 0xdd, 0x00,
  0x00, 0x02, 0x00, 0x21, 0x00, 0x00, 0x05, 0xe4, 0x05, 0xa6, 0x00, 0x02,
  0x00, 0x05, 0x00, 0x00, 0x73, 0x01, 0x01, 0x25, 0x21, 0x01, 0x21, 0x02,
  0xef, 0x02, 0xd4, 0xfb, 0xe6, 0x02, 0x7d, 0xfe, 0xc9, 0x05, 0xa6, 0xfa,
  0x5a, 0xf5, 0x02, 0x98, 0x00, 0x01, 0x00, 0x25, 0x00, 0x00, 0x05, 0x41,
  0x05, 0xa6, 0x00, 0x0b, 0x00, 0x00, 0x73, 0x11, 0x23, 0x35, 0x21, 0x15,
  0x23, 0x11, 0x21, 0x11, 0x21, 0x11, 0xd8, 0xb3, 0x05, 0x1c, 0xb5, 0xfe,
  0xd3, 0xfe, 0xa7, 0x04, 0xb5, 0xf1, 0xf1, 0xfb, 0x4b, 0x04, 0xb5, 0xfb,
  0x4b, 0x00, 0x00, 0x01, 0x00, 0x39, 0x00, 0x00, 0x04, 0x35, 0x05, 0xa6,
  0x00, 0x0b, 0x00, 0x00, 0x73, 0x35, 0x01, 0x01, 0x35, 0x21, 0x15, 0x21,
  0x01, 0x01, 0x21, 0x15, 0x39, 0x01, 0xa0, 0xfe, 0x77, 0x03, 0xc1, 0xfd,
  0xcd, 0x01, 0x66, 0xfe, 0x74, 0x02, 0x7d, 0xb1, 0x02, 0x1c, 0x02, 0x13,
  0xc6, 0xeb, 0xfe, 0x32, 0xfe, 0x0a, 0xf7, 0x00, 0x00, 0x01, 0x00, 0x1e,
  0xfe, 0xbe, 0x05, 0x57, 0x06, 0x73, 0x00, 0x08, 0x00, 0x00, 0x41, 0x01,
  0x07, 0x27, 0x25, 0x01, 0x01, 0x33, 0x01, 0x02, 0x27, 0xfe, 0xd1, 0x9e,
  0x3c, 0x01, 0x7c, 0x01, 0x1c, 0x01, 0xac, 0xf5, 0xfd, 0xf9, 0xfe, 0xbe,
  0x03, 0x3b, 0x3b, 0xa5, 0x89, 0xfc, 0xe3, 0x06, 0xa4, 0xf8, 0x4b, 0x00,
  0x00, 0x02, 0x00, 0x53, 0xff, 0xec, 0x04, 0x61, 0x05, 0xba, 0x00, 0x23,
  0x00, 0x37, 0x00, 0x00, 0x45, 0x22, 0x26, 0x26, 0x35, 0x34, 0x36, 0x36,
  0x33, 0x32, 0x16, 0x16, 0x17, 0x16, 0x36, 0x35, 0x34, 0x2e, 0x02, 0x23,
  0x22, 0x06, 0x07, 0x27, 0x3e, 0x02, 0x33, 0x32, 0x04, 0x12, 0x15, 0x14,
  0x02, 0x06, 0x27, 0x33, 0x32, 0x36, 0x36, 0x37, 0x36, 0x26, 0x27, 0x2e,
  0x02, 0x23, 0x22, 0x06, 0x06, 0x15, 0x14, 0x16, 0x16, 0x02, 0x3e, 0x9a,
  0xdc, 0x75, 0x70, 0xd2, 0x92, 0x45, 0x5f, 0x48, 0x24, 0x15, 0x0b, 0x2b,
  0x5b, 0x8f, 0x64, 0x61, 0x7e, 0x2f, 0x51, 0x1e, 0x75, 0xa2, 0x60, 0xae,
  0x01, 0x0a, 0x95, 0x7a, 0xf3, 0xc0, 0x02, 0x49, 0x6f, 0x46, 0x0b, 0x03,
  0x04, 0x0b, 0x15, 0x44, 0x57, 0x30, 0x46, 0x69, 0x3b, 0x36, 0x5c, 0x14,
  0x7e, 0xd6, 0x87, 0x84, 0xd4, 0x79, 0x1a, 0x2a, 0x19, 0x0f, 0x0e, 0x0d,
  0x4c, 0x93, 0x76, 0x45, 0x3a, 0x1f, 0xac, 0x1c, 0x3e, 0x2c, 0xa3, 0xfe,
  0xb3, 0xfe, 0xe0, 0xfe, 0xb5, 0xb5, 0xd1, 0x58, 0x9c, 0x68, 0x1e, 0x1a,
  0x0e, 0x1e, 0x36, 0x20, 0x4a, 0x7f, 0x50, 0x4f, 0x70, 0x3e, 0x00, 0x01,
  0x00, 0x70, 0xfe, 0xb6, 0x04, 0x3b, 0x04, 0x24, 0x00, 0x16, 0x00, 0x00,
  0x53, 0x11, 0x21, 0x11, 0x14, 0x16, 0x16, 0x33, 0x32, 0x36, 0x37, 0x11,
  0x21, 0x03, 0x21, 0x35, 0x06, 0x06, 0x07, 0x06, 0x26, 0x27, 0x11, 0x70,
  0x01, 0x2b, 0x2b, 0x4b, 0x30, 0x42, 0x68, 0x21, 0x01, 0x2f, 0x05, 0xfe,
  0xdc, 0x34, 0x5e, 0x36, 0x2d, 0x59, 0x29, 0xfe, 0xb6, 0x05, 0x6e, 0xfd,
  0x6d, 0x29, 0x40, 0x24, 0x4b, 0x40, 0x02, 0x95, 0xfb, 0xdc, 0xa4, 0x34,
  0x38, 0x09, 0x06, 0x09, 0x14, 0xfe, 0x70, 0x00, 0x00, 0x05, 0x00, 0x5d,
  0xff, 0xec, 0x06, 0xec, 0x05, 0xbc, 0x00, 0x03, 0x00, 0x13, 0x00, 0x1f,
  0x00, 0x2f, 0x00, 0x3b, 0x00, 0x00, 0x45, 0x01, 0x33, 0x01, 0x03, 0x22,
  0x26, 0x26, 0x35, 0x34, 0x36, 0x36, 0x33, 0x32, 0x16, 0x16, 0x15, 0x14,
  0x06, 0x06, 0x27, 0x32, 0x36, 0x35, 0x34, 0x26, 0x23, 0x22, 0x06, 0x15,
  0x14, 0x16, 0x01, 0x22, 0x26, 0x26, 0x35, 0x34, 0x36, 0x36, 0x33, 0x32,
  0x16, 0x16, 0x15, 0x14, 0x06, 0x06, 0x27, 0x32, 0x36, 0x35, 0x34, 0x26,
  0x23, 0x22, 0x06, 0x15, 0x14, 0x16, 0x01, 0x59, 0x03, 0xd1, 0xa9, 0xfc,
  0x34, 0x3c, 0x68, 0xa6, 0x60, 0x61, 0xa6, 0x67, 0x67, 0xa4, 0x60, 0x5e,
  0xa5, 0x6a, 0x4f, 0x48, 0x4a, 0x4d, 0x4c, 0x4a, 0x49, 0x04, 0x04, 0x69,
  0xa6, 0x60, 0x61, 0xa7, 0x67, 0x67, 0xa5, 0x60, 0x5e, 0xa5, 0x6b, 0x4e,
  0x48, 0x4a, 0x4c, 0x4c, 0x49, 0x48, 0x08, 0x05, 0xbe, 0xfa, 0x42, 0x02,
  0x90, 0x6d, 0xb8, 0x71, 0x73, 0xbc, 0x6f, 0x6f, 0xbc, 0x73, 0x71, 0xb8,
  0x6d, 0x94, 0x83, 0x7f, 0x83, 0x88, 0x89, 0x82, 0x7e, 0x84, 0xfc, 0xd0,
  0x6c, 0xb9, 0x73, 0x73, 0xbc, 0x6f, 0x6f, 0xbc, 0x73, 0x73, 0xb9, 0x6c,
  0x96, 0x83, 0x7d, 0x83, 0x88, 0x89, 0x82, 0x7c, 0x84, 0x00, 0x00, 0x07,
  0x00, 0x5d, 0xff, 0xec, 0x0a, 0x27, 0x05, 0xbc, 0x00, 0x03, 0x00, 0x13,
  0x00, 0x1f, 0x00, 0x2f, 0x00, 0x3b, 0x00, 0x4b, 0x00, 0x57, 0x00, 0x00,
  0x45, 0x01, 0x33, 0x01, 0x03, 0x22, 0x26, 0x26, 0x35, 0x34, 0x36, 0x36,
  0x33, 0x32, 0x16, 0x16, 0x15, 0x14, 0x06, 0x06, 0x27, 0x32, 0x36, 0x35,
  0x34, 0x26, 0x23, 0x22, 0x06, 0x15, 0x14, 0x16, 0x01, 0x22, 0x26, 0x26,
  0x35, 0x34, 0x36, 0x36, 0x33, 0x32, 0x16, 0x16, 0x15, 0x14, 0x06, 0x06,
  0x27, 0x32, 0x36, 0x35, 0x34, 0x26, 0x23, 0x22, 0x06, 0x15, 0x14, 0x16,
  0x05, 0x22, 0x26, 0x26, 0x35, 0x34, 0x36, 0x36, 0x33, 0x32, 0x16, 0x16,
  0x15, 0x14, 0x06, 0x06, 0x27, 0x32, 0x36, 0x35, 0x34, 0x26, 0x23, 0x22,
  0x06, 0x15, 0x14, 0x16, 0x01, 0x7d, 0x03, 0xd1, 0xaa, 0xfc, 0x34, 0x61,
  0x68, 0xa6, 0x60, 0x61, 0xa6, 0x67, 0x67, 0xa4, 0x60, 0x5e, 0xa5, 0x6a,
  0x4f, 0x48, 0x4a, 0x4d, 0x4c, 0x4a, 0x49, 0x04, 0x04, 0x69, 0xa6, 0x60,
  0x61, 0xa7, 0x67, 0x67, 0xa5, 0x60, 0x5e, 0xa5, 0x6b, 0x4e, 0x48, 0x4a,
  0x4c, 0x4c, 0x49, 0x48, 0x03, 0x8b, 0x6a, 0xa5, 0x60, 0x61, 0xa6, 0x68,
  0x66, 0xa5, 0x60, 0x5f, 0xa4, 0x6a, 0x4e, 0x47, 0x49, 0x4c, 0x4c, 0x4a,
  0x49, 0x08, 0x05, 0xbe, 0xfa, 0x42, 0x02, 0x90, 0x6d, 0xb8, 0x71, 0x73,
  0xbc, 0x6f, 0x6f, 0xbc, 0x73, 0x71, 0xb8, 0x6d, 0x94, 0x83, 0x7f, 0x83,
  0x88, 0x89, 0x82, 0x7e, 0x84, 0xfc, 0xd0, 0x6c, 0xb9, 0x73, 0x73, 0xbc,
  0x6f, 0x6f, 0xbc, 0x73, 0x73, 0xb9, 0x6c, 0x96, 0x83, 0x7d, 0x83, 0x88,
  0x89, 0x82, 0x7c, 0x84, 0x96, 0x6c, 0xb9, 0x73, 0x73, 0xbc, 0x6f, 0x6f,
  0xbc, 0x73, 0x73, 0xb9, 0x6c, 0x96, 0x83, 0x7d, 0x83, 0x88, 0x89, 0x82,
  0x7c, 0x84, 0x00, 0x02, 0x00, 0x76, 0x00, 0x00, 0x04, 0x04, 0x05, 0xa6,
  0x00, 0x05, 0x00, 0x09, 0x00, 0x00, 0x61, 0x01, 0x01, 0x33, 0x01, 0x01,
  0x27, 0x13, 0x03, 0x03, 0x01, 0xd7, 0xfe, 0x9f, 0x01, 0x6a, 0xc3, 0x01,
  0x61, 0xfe, 0x95, 0x5a, 0xe7, 0xe7, 0xe7, 0x02, 0xd3, 0x02, 0xd3, 0xfd,
  0x31, 0xfd, 0x29, 0xcf, 0x02, 0x04, 0x01, 0xff, 0xfe, 0x07, 0x00, 0x02,
  0x00, 0x4c, 0xff, 0x24, 0x06, 0x2b, 0x05, 0x08, 0x00, 0x4a, 0x00, 0x59,
  0x00, 0x00, 0x45, 0x22, 0x24, 0x26, 0x02, 0x35, 0x34, 0x12, 0x36, 0x24,
  0x33, 0x32, 0x1e, 0x02, 0x15, 0x14, 0x06, 0x06, 0x23, 0x22, 0x26, 0x27,
  0x26, 0x06, 0x07, 0x06, 0x06, 0x23, 0x22, 0x26, 0x26, 0x37, 0x34, 0x36,
  0x36, 0x33, 0x32, 0x16, 0x17, 0x16, 0x36, 0x37, 0x37, 0x33, 0x03, 0x06,
  0x16, 0x33, 0x32, 0x36, 0x36, 0x35, 0x34, 0x2e, 0x02, 0x23, 0x22, 0x0e,
  0x02, 0x15, 0x14, 0x1e, 0x02, 0x33, 0x32, 0x36, 0x36, 0x37, 0x17, 0x06,
  0x06, 0x03, 0x32, 0x36, 0x36, 0x37, 0x36, 0x26, 0x26, 0x23, 0x22, 0x06,
  0x06, 0x15, 0x14, 0x16, 0x03, 0x46, 0xb3, 0xfe, 0xe5, 0xc5, 0x67, 0x6f,
  0xd2, 0x01, 0x27, 0xb8, 0x84, 0xfb, 0xc9, 0x77, 0x61, 0xae, 0x71, 0x55,
  0x56, 0x11, 0x07, 0x09, 0x09, 0x2b, 0x84, 0x55, 0x53, 0x86, 0x4f, 0x01,
  0x61, 0xb1, 0x78, 0x52, 0x60, 0x22, 0x04, 0x0a, 0x01, 0x0b, 0xa8, 0x48,
  0x0c, 0x24, 0x24, 0x2f, 0x56, 0x37, 0x59, 0x96, 0xbd, 0x63, 0xa0, 0xea,
  0x97, 0x4b, 0x54, 0x9f, 0xe4, 0x8f, 0x5a, 0x7d, 0x62, 0x31, 0x59, 0x4c,
  0xfa, 0xde, 0x39, 0x5c, 0x38, 0x05, 0x05, 0x24, 0x46, 0x2e, 0x39, 0x5b,
  0x36, 0x45, 0xdc, 0x72, 0xc9, 0x01, 0x08, 0x96, 0x9e, 0x01, 0x19, 0xd9,
  0x7b, 0x48, 0x98, 0xed, 0xa6, 0x94, 0xe3, 0x80, 0x3a, 0x23, 0x0c, 0x01,
  0x0b, 0x34, 0x45, 0x55, 0x9c, 0x68, 0x78, 0xce, 0x7d, 0x3a, 0x2a, 0x05,
  0x03, 0x09, 0x2b, 0xfe, 0x52, 0x47, 0x34, 0x49, 0x91, 0x6c, 0x87, 0xb7,
  0x6f, 0x32, 0x62, 0xab, 0xde, 0x7d, 0x87, 0xd7, 0x98, 0x4f, 0x20, 0x36,
  0x21, 0x77, 0x3d, 0x5a, 0x02, 0x0f, 0x43, 0x6b, 0x3c, 0x3e, 0x5e, 0x36,
  0x45, 0x74, 0x47, 0x4e, 0x6e, 0x00, 0x00, 0x03, 0x00, 0x5e, 0xff, 0xf6,
  0x05, 0xcc, 0x05, 0xbc, 0x00, 0x28, 0x00, 0x33, 0x00, 0x43, 0x00, 0x00,
  0x45, 0x22, 0x26, 0x26, 0x35, 0x34, 0x36, 0x36, 0x37, 0x2e, 0x02, 0x35,
  0x34, 0x36, 0x36, 0x33, 0x32, 0x16, 0x16, 0x15, 0x14, 0x0e, 0x02, 0x07,
  0x13, 0x3e, 0x02, 0x37, 0x21, 0x0e, 0x02, 0x07, 0x01, 0x21, 0x27, 0x06,
  0x06, 0x27, 0x32, 0x36, 0x37, 0x01, 0x06, 0x06, 0x17, 0x1e, 0x02, 0x13,
  0x3e, 0x02, 0x35, 0x34, 0x26, 0x26, 0x07, 0x06, 0x06, 0x15, 0x14, 0x16,
  0x16, 0x17, 0x02, 0x30, 0x9f, 0xcf, 0x64, 0x51, 0xa2, 0x79, 0x33, 0x4e,
  0x2c, 0x6c, 0xc0, 0x7e, 0x7b, 0xc9, 0x77, 0x28, 0x4f, 0x78, 0x51, 0xe2,
  0x0e, 0x28, 0x24, 0x08, 0x01, 0x2b, 0x19, 0x59, 0x65, 0x2c, 0x01, 0x1e,
  0xfe, 0xb1, 0x7c, 0x74, 0xf2, 0x23, 0x3a, 0x8e, 0x35, 0xfe, 0xe4, 0x50,
  0x6f, 0x0b, 0x06, 0x41, 0x5c, 0x81, 0x48, 0x51, 0x20, 0x31, 0x4f, 0x2d,
  0x47, 0x51, 0x1c, 0x2d, 0x1a, 0x0a, 0x5f, 0xa8, 0x6e, 0x63, 0x99, 0x81,
  0x40, 0x39, 0x62, 0x67, 0x40, 0x60, 0x99, 0x59, 0x4f, 0x8d, 0x5e, 0x30,
  0x61, 0x61, 0x60, 0x30, 0xfe, 0xf6, 0x1f, 0x62, 0x7b, 0x43, 0x59, 0xa8,
  0x9d, 0x49, 0xfe, 0xb2, 0x8e, 0x55, 0x43, 0xdf, 0x33, 0x31, 0x01, 0x49,
  0x2d, 0x85, 0x55, 0x36, 0x4a, 0x26, 0x02, 0xbe, 0x2d, 0x4b, 0x46, 0x24,
  0x35, 0x43, 0x1f, 0x02, 0x02, 0x51, 0x39, 0x21, 0x44, 0x3f, 0x1c, 0x00,
  0x00, 0x01, 0x00, 0x4c, 0xff, 0x5a, 0x04, 0x3e, 0x05, 0xa6, 0x00, 0x11,
  0x00, 0x00, 0x45, 0x11, 0x2e, 0x02, 0x35, 0x34, 0x36, 0x36, 0x33, 0x21,
  0x15, 0x23, 0x11, 0x23, 0x11, 0x23, 0x11, 0x01, 0xe6, 0x71, 0xbb, 0x6e,
  0x6a, 0xd0, 0x97, 0x02, 0x21, 0x7d, 0xb3, 0x74, 0xa6, 0x02, 0xfc, 0x08,
  0x66, 0xb5, 0x80, 0x75, 0xc3, 0x75, 0xa5, 0xfa, 0x59, 0x05, 0xa7, 0xfa,
  0x59, 0x00, 0x00, 0x02, 0x00, 0x38, 0xff, 0x65, 0x03, 0xb5, 0x05, 0xba,
  0x00, 0x38, 0x00, 0x48, 0x00, 0x00, 0x45, 0x22, 0x26, 0x26, 0x27, 0x37,
  0x16, 0x16, 0x33, 0x32, 0x36, 0x35, 0x34, 0x26, 0x27, 0x27, 0x26, 0x26,
  0x35, 0x34, 0x36, 0x37, 0x2e, 0x02, 0x35, 0x34, 0x36, 0x36, 0x33, 0x32,
  0x16, 0x16, 0x17, 0x07, 0x26, 0x26, 0x23, 0x22, 0x06, 0x15, 0x14, 0x16,
  0x17, 0x17, 0x16, 0x16, 0x15, 0x14, 0x06, 0x07, 0x16, 0x16, 0x15, 0x14,
  0x06, 0x06, 0x03, 0x16, 0x36, 0x36, 0x27, 0x26, 0x26, 0x27, 0x27, 0x0e,
  0x02, 0x15, 0x14, 0x16, 0x17, 0x02, 0x03, 0x72, 0xb9, 0x82, 0x1e, 0xb3,
  0x2a, 0x82, 0x67, 0x4f, 0x65, 0x42, 0x5b, 0x99, 0x9f, 0x90, 0x60, 0x50,
  0x3e, 0x47, 0x1d, 0x61, 0xb5, 0x7d, 0x67, 0xa8, 0x77, 0x1e, 0xb4, 0x2b,
  0x6f, 0x4d, 0x47, 0x51, 0x3e, 0x32, 0x9c, 0xa7, 0x97, 0x5b, 0x48, 0x5c,
  0x53, 0x64, 0xc2, 0x57, 0x29, 0x3c, 0x20, 0x03, 0x05, 0x41, 0x53, 0x59,
  0x2d, 0x40, 0x22, 0x3d, 0x5f, 0x9b, 0x40, 0x6a, 0x3e, 0x5a, 0x38, 0x58,
  0x37, 0x36, 0x28, 0x42, 0x24, 0x39, 0x3c, 0x93, 0x71, 0x5c, 0x85, 0x25,
  0x25, 0x4d, 0x54, 0x2f, 0x57, 0x8b, 0x52, 0x3e, 0x65, 0x39, 0x58, 0x31,
  0x51, 0x38, 0x2f, 0x23, 0x36, 0x14, 0x3c, 0x40, 0x98, 0x75, 0x5e, 0x7c,
  0x2a, 0x33, 0x78, 0x53, 0x5f, 0x92, 0x53, 0x02, 0x9e, 0x04, 0x22, 0x3d,
  0x25, 0x2c, 0x44, 0x1f, 0x23, 0x04, 0x25, 0x38, 0x1f, 0x2b, 0x39, 0x26,
  0x00, 0x03, 0x00, 0x51, 0xff, 0xec, 0x06, 0x1f, 0x05, 0xba, 0x00, 0x13,
  0x00, 0x32, 0x00, 0x46, 0x00, 0x00, 0x45, 0x22, 0x24, 0x26, 0x02, 0x35,
  0x34, 0x12, 0x36, 0x24, 0x33, 0x32, 0x04, 0x16, 0x12, 0x15, 0x14, 0x02,
  0x06, 0x04, 0x03, 0x22, 0x26, 0x26, 0x35, 0x34, 0x36, 0x36, 0x33, 0x32,
  0x16, 0x16, 0x17, 0x07, 0x26, 0x26, 0x23, 0x22, 0x06, 0x15, 0x14, 0x16,
  0x33, 0x32, 0x36, 0x37, 0x17, 0x0e, 0x03, 0x07, 0x32, 0x3e, 0x02, 0x35,
  0x34, 0x2e, 0x02, 0x23, 0x22, 0x0e, 0x02, 0x15, 0x14, 0x1e, 0x02, 0x03,
  0x37, 0x9a, 0xfe, 0xf3, 0xcc, 0x73, 0x73, 0xcc, 0x01, 0x0d, 0x9a, 0x9a,
  0x01, 0x0d, 0xcd, 0x74, 0x74, 0xcd, 0xfe, 0xf3, 0x94, 0x75, 0xb3, 0x67,
  0x68, 0xb4, 0x73, 0x61, 0x8e, 0x5a, 0x14, 0xcb, 0x12, 0x3d, 0x3c, 0x4c,
  0x5f, 0x64, 0x53, 0x46, 0x54, 0x1e, 0x92, 0x0c, 0x35, 0x55, 0x78, 0x55,
  0x7a, 0xcf, 0x99, 0x54, 0x54, 0x99, 0xcf, 0x7a, 0x7c, 0xcf, 0x97, 0x53,
  0x53, 0x97, 0xcf, 0x14, 0x73, 0xcc, 0x01, 0x0e, 0x9b, 0x99, 0x01, 0x0d,
  0xcc, 0x74, 0x74, 0xcc, 0xfe, 0xf3, 0x99, 0x9b, 0xfe, 0xf2, 0xcc, 0x73,
  0x01, 0x4d, 0x68, 0xba, 0x7a, 0x7c, 0xbc, 0x69, 0x4e, 0x77, 0x3e, 0x17,
  0x31, 0x50, 0x82, 0x82, 0x86, 0x81, 0x4f, 0x3c, 0x25, 0x24, 0x58, 0x50,
  0x33, 0xaa, 0x51, 0x98, 0xd7, 0x85, 0x84, 0xd5, 0x9a, 0x53, 0x53, 0x9a,
  0xd5, 0x84, 0x85, 0xd7, 0x98, 0x51, 0x00, 0x04, 0x00, 0x51, 0x02, 0x18,
  0x03, 0xf3, 0x05, 0xba, 0x00, 0x0f, 0x00, 0x1f, 0x00, 0x2d, 0x00, 0x36,
  0x00, 0x00, 0x41, 0x22, 0x26, 0x26, 0x35, 0x34, 0x36, 0x36, 0x33, 0x32,
  0x16, 0x16, 0x15, 0x14, 0x06, 0x06, 0x27, 0x32, 0x36, 0x36, 0x35, 0x34,
  0x26, 0x26, 0x23, 0x22, 0x06, 0x06, 0x15, 0x14, 0x16, 0x16, 0x27, 0x11,
  0x33, 0x32, 0x16, 0x15, 0x14, 0x06, 0x07, 0x17, 0x23, 0x27, 0x23, 0x15,
  0x11, 0x33, 0x32, 0x36, 0x35, 0x34, 0x26, 0x23, 0x23, 0x02, 0x23, 0x82,
  0xd3, 0x7d, 0x7d, 0xd3, 0x82, 0x80, 0xd3, 0x7d, 0x7d, 0xd3, 0x80, 0x65,
  0x98, 0x54, 0x54, 0x98, 0x65, 0x68, 0x98, 0x54, 0x54, 0x98, 0x54, 0xd8,
  0x53, 0x5d, 0x37, 0x26, 0x5b, 0x7e, 0x46, 0x50, 0x61, 0x1a, 0x24, 0x22,
  0x22, 0x5b, 0x02, 0x18, 0x7c, 0xd3, 0x81, 0x81, 0xd4, 0x7d, 0x7d, 0xd4,
  0x81, 0x81, 0xd3, 0x7c, 0x74, 0x56, 0x9c, 0x6a, 0x6a, 0x9d, 0x57, 0x57,
  0x9d, 0x6a, 0x6a, 0x9c, 0x56, 0x73, 0x01, 0xcd, 0x3f, 0x3c, 0x30, 0x3d,
  0x0f, 0xd6, 0xca, 0xca, 0x01, 0x1b, 0x18, 0x18, 0x17, 0x1b, 0x00, 0x04,
  0x00, 0x51, 0xff, 0xec, 0x06, 0x1f, 0x05, 0xba, 0x00, 0x13, 0x00, 0x27,
  0x00, 0x33, 0x00, 0x3c, 0x00, 0x00, 0x45, 0x22, 0x24, 0x26, 0x02, 0x35,
  0x34, 0x12, 0x36, 0x24, 0x33, 0x32, 0x04, 0x16, 0x12, 0x15, 0x14, 0x02,
  0x06, 0x04, 0x27, 0x32, 0x3e, 0x02, 0x35, 0x34, 0x2e, 0x02, 0x23, 0x22,
  0x0e, 0x02, 0x15, 0x14, 0x1e, 0x02, 0x27, 0x11, 0x21, 0x32, 0x16, 0x16,
  0x15, 0x14, 0x06, 0x23, 0x23, 0x11, 0x11, 0x33, 0x32, 0x36, 0x35, 0x34,
  0x26, 0x23, 0x23, 0x03, 0x37, 0x9a, 0xfe, 0xf3, 0xcc, 0x73, 0x73, 0xcc,
  0x01, 0x0d, 0x9a, 0x9a, 0x01, 0x0d, 0xcd, 0x74, 0x74, 0xcd, 0xfe, 0xf3,
  0x9a, 0x7a, 0xcf, 0x99, 0x54, 0x54, 0x99, 0xcf, 0x7a, 0x7c, 0xcf, 0x97,
  0x53, 0x53, 0x97, 0xcf, 0x9f, 0x01, 0x58, 0x54, 0x89, 0x51, 0x9d, 0x7e,
  0xb0, 0x99, 0x33, 0x41, 0x48, 0x33, 0x92, 0x14, 0x73, 0xcc, 0x01, 0x0e,
  0x9b, 0x99, 0x01, 0x0d, 0xcc, 0x74, 0x74, 0xcc, 0xfe, 0xf3, 0x99, 0x9b,
  0xfe, 0xf2, 0xcc, 0x73, 0xa3, 0x51, 0x98, 0xd7, 0x85, 0x84, 0xd5, 0x9a,
  0x53, 0x53, 0x9a, 0xd5, 0x84, 0x85, 0xd7, 0x98, 0x51, 0xc1, 0x03, 0x04,
  0x34, 0x6c, 0x55, 0x7c, 0x81, 0xfe, 0xee, 0x01, 0x98, 0x3b, 0x38, 0x3e,
  0x32, 0x00, 0x00, 0x02, 0x00, 0x15, 0x00, 0x00, 0x07, 0x0e, 0x03, 0x88,
  0x00, 0x0c, 0x00, 0x14, 0x00, 0x00, 0x61, 0x11, 0x21, 0x13, 0x13, 0x21,
  0x11, 0x23, 0x11, 0x03, 0x23, 0x03, 0x11, 0x21, 0x11, 0x21, 0x35, 0x21,
  0x15, 0x21, 0x11, 0x03, 0x5d, 0x01, 0x0a, 0xce, 0xd0, 0x01, 0x09, 0xb8,
  0xda, 0x8f, 0xd8, 0xfd, 0x11, 0xfe, 0xef, 0x02, 0xd4, 0xfe, 0xf4, 0x03,
  0x88, 0xfd, 0x7c, 0x02, 0x84, 0xfc, 0x78, 0x02, 0xb3, 0xfd, 0x4d, 0x02,
  0xb0, 0xfd, 0x50, 0x02, 0xe5, 0xa3, 0xa3, 0xfd, 0x1b, 0x00, 0x00, 0x02,
  0x00, 0x85, 0x03, 0xe9, 0x03, 0x22, 0x06, 0x89, 0x00, 0x0f, 0x00, 0x1b,
  0x00, 0x00, 0x41, 0x22, 0x26, 0x26, 0x35, 0x34, 0x36, 0x36, 0x33, 0x32,
  0x16, 0x16, 0x15, 0x14, 0x06, 0x06, 0x27, 0x32, 0x36, 0x35, 0x34, 0x26,
  0x23, 0x22, 0x06, 0x17, 0x16, 0x16, 0x01, 0xd3, 0x61, 0x97, 0x56, 0x56,
  0x97, 0x61, 0x60, 0x97, 0x58, 0x58, 0x97, 0x62, 0x4a, 0x57, 0x57, 0x4c,
  0x49, 0x58, 0x01, 0x02, 0x56, 0x03, 0xe9, 0x56, 0x97, 0x62, 0x62, 0x98,
  0x57, 0x57, 0x98, 0x62, 0x62, 0x97, 0x56, 0xa4, 0x5f, 0x4a, 0x4a, 0x5e,
  0x5e, 0x4a, 0x4a, 0x5f, 0x00, 0x01, 0x00, 0xa2, 0xfe, 0xbe, 0x01, 0x77,
  0x06, 0x74, 0x00, 0x03, 0x00, 0x00, 0x53, 0x11, 0x33, 0x11, 0xa2, 0xd5,
  0xfe, 0xbe, 0x07, 0xb6, 0xf8, 0x4a, 0x00, 0x02, 0x00, 0xa2, 0xfe, 0xbe,
  0x01, 0x77, 0x06, 0x74, 0x00, 0x03, 0x00, 0x07, 0x00, 0x00, 0x53, 0x11,
  0x33, 0x11, 0x03, 0x11, 0x33, 0x11, 0xa2, 0xd5, 0xd5, 0xd5, 0x03, 0x45,
  0x03, 0x2f, 0xfc, 0xd1, 0xfb, 0x79, 0x03, 0x30, 0xfc, 0xd0, 0x00, 0x02,
  0x00, 0x2b, 0xff, 0xef, 0x04, 0x1b, 0x05, 0xba, 0x00, 0x1f, 0x00, 0x2c,
  0x00, 0x00, 0x45, 0x22, 0x26, 0x27, 0x07, 0x27, 0x37, 0x11, 0x34, 0x36,
  0x36, 0x33, 0x32, 0x16, 0x16, 0x15, 0x14, 0x0e, 0x02, 0x07, 0x14, 0x16,
  0x33, 0x32, 0x36, 0x37, 0x17, 0x0e, 0x03, 0x03, 0x3e, 0x03, 0x35, 0x34,
  0x26, 0x23, 0x22, 0x06, 0x06, 0x15, 0x02, 0x60, 0xaf, 0xc1, 0x20, 0x61,
  0x44, 0xa3, 0x6d, 0xc0, 0x7c, 0x7a, 0x92, 0x41, 0x4d, 0x83, 0xa5, 0x57,
  0x48, 0x62, 0x49, 0x85, 0x49, 0x62, 0x12, 0x43, 0x68, 0x97, 0xcf, 0x34,
  0x5f, 0x4b, 0x2c, 0x38, 0x3c, 0x2d, 0x43, 0x26, 0x11, 0xa3, 0xa5, 0x41,
  0xa0, 0x7a, 0x01, 0xbb, 0xa7, 0xdc, 0x6c, 0x5b, 0x99, 0x5d, 0x6d, 0xba,
  0xa2, 0x95, 0x48, 0x8a, 0x73, 0x4e, 0x59, 0x61, 0x2a, 0x62, 0x59, 0x38,
  0x02, 0xc0, 0x30, 0x6b, 0x74, 0x7c, 0x41, 0x42, 0x4e, 0x38, 0x8a, 0x7b,
  0x00, 0x01, 0x00, 0x3e, 0xfe, 0xbe, 0x03, 0xc5, 0x05, 0xa6, 0x00, 0x0b,
  0x00, 0x00, 0x41, 0x13, 0x05, 0x35, 0x05, 0x03, 0x21, 0x03, 0x25, 0x15,
  0x25, 0x13, 0x01, 0x76, 0x36, 0xfe, 0x92, 0x01, 0x64, 0x2e, 0x01, 0x1c,
  0x2f, 0x01, 0x64, 0xfe, 0x92, 0x37, 0xfe, 0xbe, 0x04, 0x48, 0x2a, 0xfe,
  0x25, 0x01, 0xf1, 0xfe, 0x0f, 0x25, 0xfe, 0x2a, 0xfb, 0xb8, 0x00, 0x01,
  0x00, 0x3e, 0xfe, 0xbe, 0x03, 0xc5, 0x05, 0xa6, 0x00, 0x13, 0x00, 0x00,
  0x41, 0x13, 0x05, 0x35, 0x05, 0x11, 0x05, 0x35, 0x05, 0x03, 0x21, 0x03,
  0x25, 0x15, 0x25, 0x11, 0x25, 0x15, 0x25, 0x13, 0x01, 0x74, 0x2f, 0xfe,
  0x9b, 0x01, 0x6b, 0xfe, 0x95, 0x01, 0x64, 0x2e, 0x01, 0x1a, 0x2d, 0x01,
  0x64, 0xfe, 0x94, 0x01, 0x6c, 0xfe, 0x9a, 0x31, 0xfe, 0xbe, 0x01, 0xd7,
  0x27, 0xff, 0x29, 0x01, 0xa6, 0x29, 0xfd, 0x26, 0x02, 0x0e, 0xfd, 0xf2,
  0x26, 0xfd, 0x29, 0xfe, 0x5a, 0x29, 0xff, 0x27, 0xfe, 0x29, 0xff, 0xff,
  0x00, 0xa2, 0x00, 0x00, 0x08, 0xf7, 0x05, 0xb9, 0x04, 0x26, 0x00, 0x5f,
  0x00, 0x00, 0x00, 0x07, 0x01, 0x8f, 0x06, 0x1c, 0x00, 0x00, 0x00, 0x02,
  0x00, 0x3c, 0xff, 0xf3, 0x07, 0x82, 0x03, 0x93, 0x00, 0x0c, 0x00, 0x39,
  0x00, 0x00, 0x61, 0x11, 0x21, 0x13, 0x13, 0x21, 0x11, 0x23, 0x11, 0x03,
  0x23, 0x03, 0x11, 0x05, 0x22, 0x26, 0x26, 0x27, 0x33, 0x16, 0x16, 0x33,
  0x32, 0x36, 0x35, 0x34, 0x26, 0x27, 0x27, 0x26, 0x26, 0x35, 0x34, 0x36,
  0x36, 0x33, 0x32, 0x16, 0x16, 0x15, 0x23, 0x2e, 0x02, 0x23, 0x22, 0x06,
  0x15, 0x14, 0x16, 0x17, 0x17, 0x16, 0x16, 0x15, 0x14, 0x06, 0x06, 0x03,
  0xd1, 0x01, 0x0a, 0xce, 0xd0, 0x01, 0x09, 0xb8, 0xda, 0x8f, 0xd8, 0xfd,
  0x2d, 0x5a, 0xa6, 0x71, 0x09, 0xbc, 0x0d, 0x6a, 0x51, 0x41, 0x69, 0x43,
  0x3b, 0xa9, 0x6d, 0x7f, 0x5c, 0xa1, 0x64, 0x71, 0x9c, 0x53, 0xb7, 0x04,
  0x2f, 0x4b, 0x30, 0x51, 0x4c, 0x39, 0x3f, 0x9d, 0x83, 0x73, 0x5c, 0xa4,
  0x03, 0x88, 0xfd, 0x7c, 0x02, 0x84, 0xfc, 0x78, 0x02, 0xb3, 0xfd, 0x4d,
  0x02, 0xb0, 0xfd, 0x50, 0x0d, 0x3c, 0x79, 0x5a, 0x3d, 0x42, 0x39, 0x3a,
  0x2e, 0x2f, 0x0d, 0x26, 0x16, 0x79, 0x6e, 0x54, 0x7a, 0x42, 0x49, 0x7c,
  0x4d, 0x2f, 0x39, 0x1a, 0x43, 0x2b, 0x29, 0x33, 0x0d, 0x22, 0x1a, 0x88,
  0x60, 0x52, 0x7c, 0x47, 0x00, 0x01, 0x00, 0x64, 0x03, 0x80, 0x01, 0x8b,
  0x05, 0xa4, 0x00, 0x0d, 0x00, 0x00, 0x53, 0x35, 0x37, 0x36, 0x36, 0x35,
  0x35, 0x27, 0x11, 0x21, 0x15, 0x14, 0x06, 0x06, 0x64, 0x16, 0x2c, 0x4e,
  0x90, 0x01, 0x27, 0x4f, 0x87, 0x03, 0x90, 0x56, 0x02, 0x06, 0x4a, 0x36,
  0x12, 0x0c, 0x01, 0x18, 0xf8, 0x51, 0x8e, 0x4d, 0x00, 0x01, 0x00, 0x64,
  0x03, 0x8b, 0x01, 0x8b, 0x05, 0xb0, 0x00, 0x0d, 0x00, 0x00, 0x53, 0x35,
  0x34, 0x36, 0x36, 0x17, 0x15, 0x07, 0x06, 0x06, 0x15, 0x15, 0x17, 0x11,
  0x64, 0x50, 0x86, 0x51, 0x16, 0x2a, 0x4f, 0x8f, 0x03, 0x8b, 0xf8, 0x51,
  0x8f, 0x4d, 0x11, 0x55, 0x03, 0x05, 0x4a, 0x37, 0x12, 0x0c, 0xfe, 0xe8,
  0x00, 0x02, 0x00, 0x0a, 0x04, 0xb8, 0x02, 0xf0, 0x05, 0xa6, 0x00, 0x03,
  0x00, 0x07, 0x00, 0x00, 0x41, 0x37, 0x21, 0x07, 0x21, 0x37, 0x21, 0x07,
  0x01, 0xdc, 0x03, 0x01, 0x11, 0x02, 0xfd, 0x1c, 0x03, 0x01, 0x11, 0x02,
  0x04, 0xb8, 0xee, 0xee, 0xee, 0xee, 0x00, 0x01, 0x00, 0x0a, 0x04, 0xb8,
  0x01, 0x21, 0x05, 0xa6, 0x00, 0x03, 0x00, 0x00, 0x53, 0x35, 0x21, 0x15,
  0x0a, 0x01, 0x17, 0x04, 0xb8, 0xee, 0xee, 0x00, 0x00, 0x01, 0x00, 0x0b,
  0x04, 0x83, 0x02, 0x06, 0x05, 0xa6, 0x00, 0x03, 0x00, 0x00, 0x41, 0x01,
  0x21, 0x13, 0x01, 0x33, 0xfe, 0xd8, 0x01, 0x2d, 0xce, 0x04, 0x83, 0x01,
  0x23, 0xfe, 0xdd, 0x00, 0x00, 0x01, 0x00, 0x0a, 0x04, 0x83, 0x02, 0x05,
  0x05, 0xa6, 0x00, 0x03, 0x00, 0x00, 0x53, 0x13, 0x21, 0x01, 0x0a, 0xce,
  0x01, 0x2d, 0xfe, 0xd7, 0x04, 0x83, 0x01, 0x23, 0xfe, 0xdd, 0x00, 0x02,
  0x00, 0x0a, 0x04, 0x83, 0x03, 0x75, 0x05, 0xa6, 0x00, 0x03, 0x00, 0x07,
  0x00, 0x00, 0x41, 0x13, 0x21, 0x01, 0x21, 0x13, 0x21, 0x01, 0x01, 0x6b,
  0xf7, 0x01, 0x13, 0xfe, 0xc9, 0xfd, 0xcc, 0xca, 0x01, 0x0a, 0xfe, 0xff,
  0x04, 0x83, 0x01, 0x23, 0xfe, 0xdd, 0x01, 0x23, 0xfe, 0xdd, 0x00, 0x01,
  0x00, 0x68, 0x03, 0xf2, 0x01, 0x3a, 0x05, 0xa6, 0x00, 0x06, 0x00, 0x00,
  0x53, 0x37, 0x27, 0x35, 0x33, 0x15, 0x07, 0x68, 0x52, 0x47, 0xc7, 0x56,
  0x03, 0xf2, 0xca, 0x0c, 0xde, 0xe9, 0xcb, 0x00, 0x00, 0x01, 0x00, 0x11,
  0x04, 0x83, 0x02, 0xe4, 0x05, 0x86, 0x00, 0x06, 0x00, 0x00, 0x53, 0x01,
  0x33, 0x01, 0x23, 0x27, 0x07, 0x11, 0x01, 0x08, 0xca, 0x01, 0x01, 0xe4,
  0x84, 0x92, 0x04, 0x83, 0x01, 0x03, 0xfe, 0xfd, 0x8c, 0x8c, 0x00, 0x01,
  0x00, 0x11, 0x04, 0x83, 0x02, 0xe4, 0x05, 0x88, 0x00, 0x06, 0x00, 0x00,
  0x41, 0x01, 0x33, 0x17, 0x37, 0x33, 0x01, 0x01, 0x18, 0xfe, 0xf9, 0xd9,
  0x92, 0x84, 0xe4, 0xfe, 0xff, 0x04, 0x83, 0x01, 0x05, 0x96, 0x96, 0xfe,
  0xfb, 0x00, 0x00, 0x01, 0x00, 0x1f, 0x04, 0x84, 0x02, 0xdc, 0x05, 0x83,
  0x00, 0x0f, 0x00, 0x00, 0x41, 0x22, 0x26, 0x26, 0x27, 0x33, 0x16, 0x16,
  0x33, 0x32, 0x36, 0x37, 0x33, 0x0e, 0x02, 0x01, 0x7d, 0x54, 0x93, 0x66,
  0x11, 0xb8, 0x0f, 0x56, 0x41, 0x40, 0x57, 0x11, 0xb7, 0x11, 0x66, 0x93,
  0x04, 0x84, 0x39, 0x72, 0x54, 0x32, 0x3f, 0x3f, 0x32, 0x54, 0x71, 0x3a,
  0x00, 0x02, 0x00, 0x23, 0x04, 0x60, 0x01, 0xd6, 0x06, 0x0f, 0x00, 0x0c,
  0x00, 0x18, 0x00, 0x00, 0x53, 0x22, 0x26, 0x35, 0x34, 0x36, 0x33, 0x32,
  0x16, 0x16, 0x15, 0x14, 0x06, 0x27, 0x32, 0x36, 0x35, 0x34, 0x26, 0x23,
  0x22, 0x06, 0x15, 0x14, 0x16, 0xfc, 0x5b, 0x7e, 0x80, 0x59, 0x3c, 0x63,
  0x3b, 0x7f, 0x5d, 0x2a, 0x39, 0x39, 0x2a, 0x29, 0x3d, 0x3d, 0x04, 0x60,
  0x80, 0x5d, 0x58, 0x7a, 0x39, 0x61, 0x3c, 0x5b, 0x7e, 0x72, 0x3e, 0x28,
  0x2b, 0x38, 0x38, 0x2b, 0x28, 0x3e, 0x00, 0x01, 0x00, 0x43, 0x04, 0xa7,
  0x02, 0xf5, 0x05, 0xa3, 0x00, 0x15, 0x00, 0x00, 0x53, 0x27, 0x36, 0x36,
  0x33, 0x32, 0x16, 0x16, 0x33, 0x32, 0x36, 0x37, 0x17, 0x06, 0x06, 0x23,
  0x22, 0x26, 0x26, 0x23, 0x22, 0x06, 0x70, 0x2d, 0x24, 0x58, 0x44, 0x38,
  0x65, 0x5d, 0x2d, 0x35, 0x52, 0x20, 0x24, 0x1f, 0x68, 0x43, 0x38, 0x5b,
  0x58, 0x33, 0x33, 0x43, 0x04, 0xa7, 0x99, 0x25, 0x36, 0x1e, 0x1f, 0x2d,
  0x18, 0xad, 0x19, 0x2d, 0x1c, 0x1b, 0x1f, 0x00, 0x00, 0x01, 0x00, 0x23,
  0x04, 0xb5, 0x02, 0xe2, 0x05, 0x70, 0x00, 0x03, 0x00, 0x00, 0x53, 0x35,
  0x21, 0x15, 0x23, 0x02, 0xbf, 0x04, 0xb5, 0xbb, 0xbb, 0x00, 0x00, 0x01,
  0x01, 0xbb, 0x04, 0x8a, 0x03, 0x2d, 0x06, 0x22, 0x00, 0x0d, 0x00, 0x00,
  0x41, 0x27, 0x36, 0x36, 0x27, 0x26, 0x26, 0x07, 0x27, 0x36, 0x16, 0x17,
  0x16, 0x06, 0x02, 0x9a, 0x45, 0x28, 0x1b, 0x15, 0x12, 0x4e, 0x24, 0x44,
  0x5b, 0xb3, 0x2d, 0x37, 0x2d, 0x04, 0x8a, 0x6c, 0x19, 0x43, 0x21, 0x1e,
  0x04, 0x18, 0x6a, 0x3b, 0x1d, 0x47, 0x55, 0xa3, 0x00, 0x02, 0x00, 0x0a,
  0x04, 0x83, 0x03, 0x75, 0x05, 0xa6, 0x00, 0x03, 0x00, 0x07, 0x00, 0x00,
  0x41, 0x01, 0x21, 0x13, 0x33, 0x01, 0x21, 0x13, 0x01, 0x42, 0xfe, 0xc8,
  0x01, 0x13, 0xf7, 0x8e, 0xfe, 0xff, 0x01, 0x0b, 0xc9, 0x04, 0x83, 0x01,
  0x23, 0xfe, 0xdd, 0x01, 0x23, 0xfe, 0xdd, 0x00, 0x00, 0x01, 0x00, 0x14,
  0x04, 0x9c, 0x02, 0xd1, 0x05, 0x9b, 0x00, 0x0f, 0x00, 0x00, 0x53, 0x3e,
  0x02, 0x33, 0x32, 0x16, 0x16, 0x17, 0x23, 0x26, 0x26, 0x23, 0x22, 0x06,
  0x07, 0x14, 0x12, 0x66, 0x92, 0x54, 0x55, 0x93, 0x67, 0x10, 0xb7, 0x10,
  0x58, 0x40, 0x41, 0x55, 0x10, 0x04, 0x9c, 0x55, 0x71, 0x39, 0x3a, 0x71,
  0x54, 0x31, 0x40, 0x40, 0x31, 0x00, 0x00, 0x01, 0x00, 0x72, 0x04, 0x83,
  0x01, 0x6e, 0x05, 0xf7, 0x00, 0x06, 0x00, 0x00, 0x53, 0x35, 0x37, 0x33,
  0x07, 0x17, 0x15, 0x72, 0x91, 0x6b, 0x59, 0x51, 0x04, 0x83, 0xb1, 0xc3,
  0xa2, 0x09, 0xc9, 0x00, 0x00, 0x01, 0x00, 0x00, 0x03, 0x7f, 0x01, 0x85,
  0x04, 0xf2, 0x00, 0x0a, 0x00, 0x00, 0x51, 0x35, 0x16, 0x3e, 0x02, 0x37,
  0x33, 0x0e, 0x02, 0x32, 0x46, 0x2d, 0x1b, 0x05, 0xc0, 0x01, 0x46, 0xa8,
  0x03, 0x8f, 0x94, 0x01, 0x07, 0x25, 0x55, 0x4f, 0x8e, 0xa7, 0x3e, 0x00,
  0x00, 0x01, 0x00, 0x0a, 0xfe, 0x72, 0x01, 0x21, 0xff, 0x60, 0x00, 0x03,
  0x00, 0x00, 0x53, 0x35, 0x21, 0x15, 0x0a, 0x01, 0x17, 0xfe, 0x72, 0xee,
  0xee, 0x00, 0x00, 0x01, 0x00, 0x05, 0xfe, 0x48, 0x01, 0x09, 0xff, 0xa2,
  0x00, 0x06, 0x00, 0x00, 0x53, 0x37, 0x27, 0x35, 0x33, 0x15, 0x07, 0x05,
  0x5c, 0x50, 0xf8, 0x9c, 0xfe, 0x48, 0x95, 0x0a, 0xbb, 0x9c, 0xbe, 0x00,
  0x00, 0x01, 0x00, 0x1e, 0xfe, 0x57, 0x01, 0xf3, 0x00, 0x0a, 0x00, 0x1a,
  0x00, 0x00, 0x41, 0x22, 0x26, 0x27, 0x37, 0x16, 0x16, 0x33, 0x32, 0x36,
  0x35, 0x34, 0x26, 0x27, 0x22, 0x26, 0x37, 0x37, 0x33, 0x07, 0x1e, 0x02,
  0x15, 0x14, 0x06, 0x06, 0x01, 0x04, 0x3f, 0x75, 0x32, 0x28, 0x1f, 0x4f,
  0x2c, 0x30, 0x34, 0x4c, 0x5e, 0x0c, 0x09, 0x05, 0x49, 0x82, 0x2d, 0x4c,
  0x58, 0x27, 0x42, 0x6d, 0xfe, 0x57, 0x18, 0x1e, 0x62, 0x13, 0x1e, 0x21,
  0x1d, 0x27, 0x2a, 0x01, 0x07, 0x0c, 0xa9, 0x75, 0x02, 0x30, 0x47, 0x23,
  0x33, 0x49, 0x26, 0x00, 0x00, 0x01, 0x00, 0x23, 0xfe, 0xb0, 0x01, 0xcf,
  0x00, 0x0f, 0x00, 0x13, 0x00, 0x00, 0x53, 0x22, 0x26, 0x35, 0x34, 0x36,
  0x37, 0x17, 0x06, 0x06, 0x15, 0x14, 0x16, 0x33, 0x32, 0x36, 0x37, 0x15,
  0x06, 0x06, 0xfc, 0x66, 0x73, 0x4b, 0x75, 0xcc, 0x6a, 0x4f, 0x22, 0x26,
  0x2e, 0x46, 0x1d, 0x1c, 0x73, 0xfe, 0xb0, 0x54, 0x50, 0x37, 0x5d, 0x27,
  0x05, 0x27, 0x42, 0x29, 0x20, 0x20, 0x1b, 0x11, 0x84, 0x11, 0x1f, 0x00,
  0xff, 0xff, 0x00, 0x0a, 0x04, 0xb8, 0x02, 0xf0, 0x05, 0xa6, 0x04, 0x06,
  0x02, 0x58, 0x00, 0x00, 0xff, 0xff, 0x00, 0x0a, 0x04, 0xb8, 0x01, 0x21,
  0x05, 0xa6, 0x04, 0x06, 0x02, 0x59, 0x00, 0x00, 0xff, 0xff, 0x00, 0x0b,
  0x04, 0x83, 0x02, 0x06, 0x05, 0xa6, 0x04, 0x06, 0x02, 0x5a, 0x00, 0x00,
  0xff, 0xff, 0x00, 0x0a, 0x04, 0x83, 0x02, 0x05, 0x05, 0xa6, 0x04, 0x06,
  0x02, 0x5b, 0x00, 0x00, 0xff, 0xff, 0x00, 0x0a, 0x04, 0x83, 0x03, 0x75,
  0x05, 0xa6, 0x04, 0x06, 0x02, 0x5c, 0x00, 0x00, 0xff, 0xff, 0x00, 0x11,
  0x04, 0x83, 0x02, 0xe4, 0x05, 0x86, 0x04, 0x06, 0x02, 0x5e, 0x00, 0x00,
  0xff, 0xff, 0x00, 0x11, 0x04, 0x83, 0x02, 0xe4, 0x05, 0x88, 0x04, 0x06,
  0x02, 0x5f, 0x00, 0x00, 0xff, 0xff, 0x00, 0x1f, 0x04, 0x84, 0x02, 0xdc,
  0x05, 0x83, 0x04, 0x06, 0x02, 0x60, 0x00, 0x00, 0xff, 0xff, 0x00, 0x23,
  0x04, 0x60, 0x01, 0xd6, 0x06, 0x0f, 0x04, 0x06, 0x02, 0x61, 0x00, 0x00,
  0xff, 0xff, 0x00, 0x43, 0x04, 0xa7, 0x02, 0xf5, 0x05, 0xa3, 0x04, 0x06,
  0x02, 0x62, 0x00, 0x00, 0xff, 0xff, 0x00, 0x23, 0x04, 0xb5, 0x02, 0xe2,
  0x05, 0x70, 0x04, 0x06, 0x02, 0x63, 0x00, 0x00, 0xff, 0xff, 0x00, 0x1e,
  0xfe, 0x57, 0x01, 0xf3, 0x00, 0x0a, 0x04, 0x06, 0x02, 0x6b, 0x00, 0x00,
  0xff, 0xff, 0x00, 0x23, 0xfe, 0xb0, 0x01, 0xcf, 0x00, 0x0f, 0x04, 0x06,
  0x02, 0x6c, 0x00, 0x00, 0x00, 0x01, 0x00, 0x18, 0x04, 0x83, 0x01, 0xb9,
  0x05, 0xa6, 0x00, 0x03, 0x00, 0x00, 0x53, 0x03, 0x21, 0x13, 0xf3, 0xdb,
  0x01, 0x1f, 0x82, 0x04, 0x83, 0x01, 0x23, 0xfe, 0xdf, 0x00, 0x00, 0x01,
  0x00, 0x18, 0x04, 0x83, 0x01, 0xb9, 0x05, 0xa6, 0x00, 0x03, 0x00, 0x00,
  0x53, 0x27, 0x13, 0x21, 0xde, 0xc6, 0x82, 0x01, 0x1f, 0x04, 0x83, 0x02,
  0x01, 0x21, 0x00, 0x02, 0x00, 0x1f, 0x04, 0x84, 0x02, 0xdc, 0x06, 0xc2,
  0x00, 0x0f, 0x00, 0x13, 0x00, 0x00, 0x41, 0x22, 0x26, 0x26, 0x27, 0x33,
  0x16, 0x16, 0x33, 0x32, 0x36, 0x37, 0x33, 0x0e, 0x02, 0x03, 0x13, 0x33,
  0x03, 0x01, 0x7d, 0x54, 0x93, 0x66, 0x11, 0xb8, 0x0f, 0x56, 0x41, 0x40,
  0x57, 0x11, 0xb7, 0x11, 0x66, 0x93, 0xa4, 0x98, 0xe1, 0xe1, 0x04, 0x84,
  0x39, 0x72, 0x54, 0x32, 0x3f, 0x3f, 0x32, 0x54, 0x71, 0x3a, 0x01, 0x39,
  0x01, 0x05, 0xfe, 0xfb, 0x00, 0x02, 0x00, 0x1f, 0x04, 0x84, 0x02, 0xdc,
  0x06, 0xc2, 0x00, 0x0f, 0x00, 0x13, 0x00, 0x00, 0x41, 0x22, 0x26, 0x26,
  0x27, 0x33, 0x16, 0x16, 0x33, 0x32, 0x36, 0x37, 0x33, 0x0e, 0x02, 0x03,
  0x03, 0x33, 0x13, 0x01, 0x7d, 0x54, 0x93, 0x66, 0x11, 0xb8, 0x0f, 0x56,
  0x41, 0x40, 0x57, 0x11, 0xb7, 0x11, 0x66, 0x93, 0x97, 0xe3, 0xe2, 0x9e,
  0x04, 0x84, 0x39, 0x72, 0x54, 0x32, 0x3f, 0x3f, 0x32, 0x54, 0x71, 0x3a,
  0x01, 0x39, 0x01, 0x05, 0xfe, 0xfb, 0x00, 0x02, 0x00, 0x1f, 0x04, 0x84,
  0x02, 0xdc, 0x06, 0xfe, 0x00, 0x0f, 0x00, 0x1e, 0x00, 0x00, 0x41, 0x22,
  0x26, 0x26, 0x27, 0x33, 0x16, 0x16, 0x33, 0x32, 0x36, 0x37, 0x33, 0x0e,
  0x02, 0x27, 0x27, 0x36, 0x36, 0x27, 0x26, 0x26, 0x07, 0x27, 0x36, 0x33,
  0x32, 0x17, 0x16, 0x06, 0x01, 0x7d, 0x54, 0x93, 0x66, 0x11, 0xb8, 0x0f,
  0x56, 0x41, 0x40, 0x57, 0x11, 0xb7, 0x11, 0x66, 0x93, 0x4c, 0x45, 0x27,
  0x1c, 0x15, 0x12, 0x4e, 0x24, 0x45, 0x49, 0x4c, 0x6e, 0x39, 0x36, 0x2d,
  0x04, 0x84, 0x39, 0x72, 0x54, 0x32, 0x3f, 0x3f, 0x32, 0x54, 0x71, 0x3a,
  0xed, 0x6d, 0x19, 0x42, 0x22, 0x1e, 0x04, 0x18, 0x6a, 0x2f, 0x58, 0x55,
  0xa3, 0x00, 0x00, 0x02, 0x00, 0x1f, 0x04, 0x84, 0x02, 0xdc, 0x06, 0xdf,
  0x00, 0x0f, 0x00, 0x25, 0x00, 0x00, 0x41, 0x22, 0x26, 0x26, 0x27, 0x33,
  0x16, 0x16, 0x33, 0x32, 0x36, 0x37, 0x33, 0x0e, 0x02, 0x01, 0x27, 0x36,
  0x36, 0x33, 0x32, 0x16, 0x16, 0x33, 0x32, 0x36, 0x37, 0x17, 0x06, 0x06,
  0x23, 0x22, 0x26, 0x26, 0x23, 0x22, 0x06, 0x01, 0x7d, 0x54, 0x93, 0x66,
  0x11, 0xb8, 0x0f, 0x56, 0x41, 0x40, 0x57, 0x11, 0xb7, 0x11, 0x66, 0x93,
  0xfe, 0x7b, 0x2c, 0x24, 0x58, 0x44, 0x38, 0x64, 0x5e, 0x2d, 0x34, 0x53,
  0x1f, 0x25, 0x20, 0x67, 0x43, 0x38, 0x5c, 0x58, 0x33, 0x32, 0x43, 0x04,
  0x84, 0x39, 0x72, 0x54, 0x32, 0x3f, 0x3f, 0x32, 0x54, 0x71, 0x3a, 0x01,
  0x5e, 0x99, 0x26, 0x36, 0x1f, 0x1f, 0x2d, 0x19, 0xae, 0x19, 0x2d, 0x1d,
  0x1b, 0x20, 0x00, 0x02, 0x00, 0x11, 0x04, 0x83, 0x03, 0xd9, 0x06, 0x7c,
  0x00, 0x06, 0x00, 0x0a, 0x00, 0x00, 0x53, 0x01, 0x33, 0x01, 0x23, 0x27,
  0x07, 0x25, 0x13, 0x33, 0x03, 0x11, 0x01, 0x08, 0xca, 0x01, 0x01, 0xe4,
  0x84, 0x92, 0x01, 0x76, 0x98, 0xe1, 0xe1, 0x04, 0x83, 0x01, 0x03, 0xfe,
  0xfd, 0x8c, 0x8c, 0xf3, 0x01, 0x06, 0xfe, 0xfa, 0x00, 0x02, 0x00, 0x11,
  0x04, 0x83, 0x03, 0x54, 0x06, 0x7b, 0x00, 0x06, 0x00, 0x0a, 0x00, 0x00,
  0x53, 0x01, 0x33, 0x01, 0x23, 0x27, 0x07, 0x25, 0x03, 0x33, 0x13, 0x11,
  0x01, 0x08, 0xca, 0x01, 0x01, 0xe4, 0x84, 0x92, 0x01, 0xcd, 0xe3, 0xe2,
  0x9e, 0x04, 0x83, 0x01, 0x03, 0xfe, 0xfd, 0x8c, 0x8c, 0xf3, 0x01, 0x05,
  0xfe, 0xfb, 0x00, 0x02, 0x00, 0x11, 0x04, 0x83, 0x03, 0x34, 0x06, 0xe2,
  0x00, 0x06, 0x00, 0x14, 0x00, 0x00, 0x53, 0x01, 0x33, 0x01, 0x23, 0x27,
  0x07, 0x25, 0x27, 0x36, 0x36, 0x27, 0x26, 0x26, 0x07, 0x27, 0x36, 0x16,
  0x17, 0x16, 0x06, 0x11, 0x01, 0x08, 0xca, 0x01, 0x01, 0xe4, 0x84, 0x92,
  0x01, 0xb7, 0x45, 0x28, 0x1b, 0x15, 0x12, 0x4e, 0x24, 0x45, 0x5c, 0xb3,
  0x2d, 0x37, 0x2d, 0x04, 0x83, 0x01, 0x03, 0xfe, 0xfd, 0x8c, 0x8c, 0xc6,
  0x6d, 0x19, 0x42, 0x22, 0x1e, 0x04, 0x18, 0x6a, 0x3b, 0x1d, 0x47, 0x55,
  0xa3, 0x00, 0x00, 0x02, 0x00, 0x11, 0x04, 0x83, 0x02, 0xe4, 0x06, 0xdf,
  0x00, 0x06, 0x00, 0x1c, 0x00, 0x00, 0x53, 0x01, 0x33, 0x01, 0x23, 0x27,
  0x07, 0x03, 0x27, 0x36, 0x36, 0x33, 0x32, 0x16, 0x16, 0x33, 0x32, 0x36,
  0x37, 0x17, 0x06, 0x06, 0x23, 0x22, 0x26, 0x26, 0x23, 0x22, 0x06, 0x11,
  0x01, 0x08, 0xca, 0x01, 0x01, 0xe4, 0x84, 0x92, 0x9d, 0x2c, 0x24, 0x58,
  0x44, 0x38, 0x64, 0x5e, 0x2d, 0x34, 0x53, 0x1f, 0x25, 0x20, 0x67, 0x43,
  0x38, 0x5c, 0x58, 0x33, 0x32, 0x43, 0x04, 0x83, 0x01, 0x03, 0xfe, 0xfd,
  0x8c, 0x8c, 0x01, 0x5f, 0x99, 0x26, 0x36, 0x1f, 0x1f, 0x2d, 0x19, 0xae,
  0x19, 0x2d, 0x1d, 0x1b, 0x20, 0x00, 0x00, 0x00, 0x00, 0x01, 0x00, 0x00,
  0x02, 0x85, 0x00, 0x5a, 0x00, 0x07, 0x00, 0x64, 0x00, 0x05, 0x00, 0x01,
  0x00, 0x00, 0x00, 0x00, 0x00, 0x00, 0x00, 0x00, 0x00, 0x00, 0x00, 0x00,
  0x00, 0x03, 0x00, 0x01, 0x00, 0x00, 0x00, 0x29, 0x00, 0x45, 0x00, 0x51,
  0x00, 0x5d, 0x00, 0x69, 0x00, 0x79, 0x00, 0x85, 0x00, 0x91, 0x00, 0x9d,
  0x00, 0xa9, 0x00, 0xb5, 0x00, 0xc5, 0x00, 0xd1, 0x00, 0xdd, 0x00, 0xe9,
  0x00, 0xf5, 0x01, 0x01, 0x01, 0x0d, 0x01, 0x19, 0x01, 0x25, 0x01, 0x31,
  0x01, 0x3d, 0x01, 0x49, 0x01, 0x55, 0x01, 0x98, 0x01, 0xa4, 0x01, 0xc9,
  0x01, 0xd5, 0x02, 0x10, 0x02, 0x46, 0x02, 0x52, 0x02, 0x5e, 0x02, 0xba,
  0x02, 0xc6, 0x02, 0xd2, 0x02, 0xfd, 0x03, 0x30, 0x03, 0x3c, 0x03, 0x44,
  0x03, 0x50, 0x03, 0x68, 0x03, 0x74, 0x03, 0x80, 0x03, 0x8c, 0x03, 0x98,
  0x03, 0xa4, 0x03, 0xb4, 0x03, 0xc0, 0x03, 0xcc, 0x03, 0xd8, 0x03, 0xe4,
  0x03, 0xf0, 0x03, 0xfc, 0x04, 0x08, 0x04, 0x14, 0x04, 0x20, 0x04, 0x2c,
  0x04, 0x38, 0x04, 0x44, 0x04, 0x50, 0x04, 0x65, 0x04, 0xa6, 0x04, 0xb2,
  0x04, 0xbe, 0x04, 0xca, 0x04, 0xd6, 0x04, 0xef, 0x05, 0x10, 0x05, 0x1c,
  0x05, 0x28, 0x05, 0x35, 0x05, 0x41, 0x05, 0x4d, 0x05, 0x59, 0x05, 0x65,
  0x05, 0x71, 0x05, 0x7d, 0x05, 0x89, 0x05, 0x95, 0x05, 0xa1, 0x05, 0xad,
  0x05, 0xb9, 0x05, 0xc4, 0x05, 0xd0, 0x05, 0xef, 0x05, 0xfb, 0x06, 0x18,
  0x06, 0x24, 0x06, 0x33, 0x06, 0x3f, 0x06, 0x4b, 0x06, 0x57, 0x06, 0x63,
  0x06, 0x7b, 0x06, 0x99, 0x06, 0xb1, 0x06, 0xbd, 0x06, 0xc9, 0x06, 0xd5,
  0x06, 0xe1, 0x07, 0x0d, 0x07, 0x19, 0x07, 0x4f, 0x07, 0x5b, 0x07, 0x67,
  0x07, 0x73, 0x07, 0x7f, 0x07, 0x8f, 0x07, 0x9b, 0x07, 0xa7, 0x07, 0xb3,
  0x07, 0xbf, 0x07, 0xcb, 0x07, 0xd7, 0x07, 0xe3, 0x07, 0xef, 0x08, 0x34,
  0x08, 0x40, 0x08, 0x4c, 0x08, 0x58, 0x08, 0x64, 0x08, 0x70, 0x08, 0x7c,
  0x08, 0x88, 0x08, 0x94, 0x08, 0xe6, 0x09, 0x32, 0x09, 0x3e, 0x09, 0x4a,
  0x09, 0x8f, 0x09, 0xb4, 0x09, 0xdf, 0x0a, 0x1f, 0x0a, 0x4a, 0x0a, 0x56,
  0x0a, 0x62, 0x0a, 0x6e, 0x0a, 0x7a, 0x0a, 0x86, 0x0a, 0x92, 0x0a, 0xdc,
  0x0a, 0xe8, 0x0a, 0xf4, 0x0b, 0x64, 0x0b, 0x70, 0x0b, 0x7c, 0x0b, 0x88,
  0x0b, 0xc4, 0x0b, 0xd7, 0x0b, 0xf2, 0x0b, 0xfe, 0x0c, 0x37, 0x0c, 0x43,
  0x0c, 0x4f, 0x0c, 0x74, 0x0c, 0x80, 0x0c, 0x8c, 0x0c, 0x98, 0x0c, 0xa4,
  0x0c, 0xb0, 0x0c, 0xbc, 0x0c, 0xc8, 0x0c, 0xd4, 0x0d, 0x06, 0x0d, 0x12,
  0x0d, 0x1e, 0x0d, 0x2a, 0x0d, 0x36, 0x0d, 0x42, 0x0d, 0x4e, 0x0d, 0x5a,
  0x0d, 0x66, 0x0d, 0xa7, 0x0d, 0xb3, 0x0d, 0xbf, 0x0d, 0xd5, 0x0d, 0xf7,
  0x0e, 0x03, 0x0e, 0x0f, 0x0e, 0x1b, 0x0e, 0x27, 0x0e, 0x48, 0x0e, 0x61,
  0x0e, 0x6d, 0x0e, 0x79, 0x0e, 0x85, 0x0e, 0x91, 0x0e, 0x9d, 0x0e, 0xa9,
  0x0e, 0xb5, 0x0e, 0xcb, 0x0e, 0xd7, 0x0e, 0xe3, 0x0e, 0xef, 0x0e, 0xfb,
  0x0f, 0x3e, 0x0f, 0x4a, 0x0f, 0x56, 0x0f, 0x62, 0x0f, 0x72, 0x0f, 0x7e,
  0x0f, 0x8a, 0x0f, 0x96, 0x0f, 0xa2, 0x0f, 0xae, 0x0f, 0xbe, 0x0f, 0xca,
  0x0f, 0xd6, 0x0f, 0xe2, 0x0f, 0xed, 0x0f, 0xf9, 0x10, 0x05, 0x10, 0x11,
  0x10, 0x1c, 0x10, 0x28, 0x10, 0x34, 0x10, 0x40, 0x10, 0x4c, 0x10, 0xb4,
  0x10, 0xc0, 0x11, 0x2b, 0x11, 0x37, 0x11, 0x6d, 0x11, 0x9d, 0x11, 0xa9,
  0x11, 0xb5, 0x12, 0x0b, 0x12, 0x17, 0x12, 0x23, 0x12, 0x59, 0x12, 0xa0,
  0x12, 0xac, 0x12, 0xea, 0x12, 0xf6, 0x13, 0x2d, 0x13, 0x39, 0x13, 0x45,
  0x13, 0x51, 0x13, 0x5d, 0x13, 0x69, 0x13, 0x79, 0x13, 0x85, 0x13, 0x91,
  0x13, 0x9d, 0x13, 0xa8, 0x13, 0xb4, 0x13, 0xc0, 0x13, 0xcc, 0x13, 0xd8,
  0x13, 0xe3, 0x13, 0xef, 0x13, 0xfb, 0x14, 0x4a, 0x14, 0x56, 0x14, 0x8d,
  0x14, 0xab, 0x15, 0x23, 0x15, 0x2f, 0x15, 0x3b, 0x15, 0x47, 0x15, 0x53,
  0x15, 0x78, 0x15, 0xa5, 0x15, 0xb1, 0x15, 0xbd, 0x15, 0xd2, 0x15, 0xdf,
  0x15, 0xeb, 0x15, 0xf6, 0x16, 0x01, 0x16, 0x0d, 0x16, 0x18, 0x16, 0x23,
  0x16, 0x2e, 0x16, 0x39, 0x16, 0x45, 0x16, 0x50, 0x16, 0x5b, 0x16, 0x69,
  0x16, 0x74, 0x16, 0x96, 0x16, 0xb1, 0x16, 0xbc, 0x16, 0xd9, 0x16, 0xe5,
  0x17, 0x01, 0x17, 0x1e, 0x17, 0x2a, 0x17, 0x36, 0x17, 0x41, 0x17, 0x4d,
  0x17, 0x72, 0x17, 0xb0, 0x17, 0xd5, 0x17, 0xe1, 0x17, 0xed, 0x17, 0xf9,
  0x18, 0x05, 0x18, 0x37, 0x18, 0x43, 0x18, 0x75, 0x18, 0x81, 0x18, 0x8d,
  0x18, 0x99, 0x18, 0xa5, 0x18, 0xb5, 0x18, 0xc1, 0x18, 0xcd, 0x18, 0xd9,
  0x18, 0xe4, 0x18, 0xf0, 0x18, 0xfc, 0x19, 0x08, 0x19, 0x13, 0x19, 0x52,
  0x19, 0x5e, 0x19, 0x6a, 0x19, 0x76, 0x19, 0x81, 0x19, 0x8d, 0x19, 0x99,
  0x19, 0xa5, 0x19, 0xb1, 0x19, 0xff, 0x1a, 0x39, 0x1a, 0x45, 0x1a, 0x51,
  0x1a, 0xb0, 0x1a, 0xe7, 0x1b, 0x24, 0x1b, 0x5c, 0x1b, 0x7f, 0x1b, 0x8b,
  0x1b, 0x96, 0x1b, 0xa2, 0x1b, 0xae, 0x1b, 0xb9, 0x1b, 0xc4, 0x1c, 0x08,
  0x1c, 0x14, 0x1c, 0x20, 0x1c, 0x89, 0x1c, 0x95, 0x1c, 0xa1, 0x1c, 0xad,
  0x1d, 0x05, 0x1d, 0x2b, 0x1d, 0x58, 0x1d, 0x64, 0x1d, 0xb0, 0x1d, 0xbc,
  0x1d, 0xc8, 0x1d, 0xee, 0x1d, 0xfa, 0x1e, 0x06, 0x1e, 0x12, 0x1e, 0x1e,
  0x1e, 0x29, 0x1e, 0x35, 0x1e, 0x41, 0x1e, 0x4d, 0x1e, 0x58, 0x1e, 0x8b,
  0x1e, 0x97, 0x1e, 0xa3, 0x1e, 0xaf, 0x1e, 0xba, 0x1e, 0xc6, 0x1e, 0xd2,
  0x1e, 0xde, 0x1e, 0xea, 0x1e, 0xf6, 0x1f, 0x02, 0x1f, 0x0e, 0x1f, 0x24,
  0x1f, 0x45, 0x1f, 0x51, 0x1f, 0x5d, 0x1f, 0x69, 0x1f, 0x75, 0x1f, 0x94,
  0x1f, 0xbc, 0x1f, 0xc8, 0x1f, 0xd4, 0x1f, 0xe0, 0x1f, 0xec, 0x1f, 0xf8,
  0x20, 0x03, 0x20, 0x0f, 0x20, 0x25, 0x20, 0x31, 0x20, 0x3c, 0x20, 0x48,
  0x20, 0x54, 0x20, 0xa8, 0x20, 0xb5, 0x20, 0xc1, 0x20, 0xcd, 0x21, 0x13,
  0x21, 0x3f, 0x21, 0x62, 0x21, 0x92, 0x21, 0xa7, 0x21, 0xda, 0x22, 0x26,
  0x22, 0x44, 0x22, 0x82, 0x22, 0xcc, 0x22, 0xec, 0x23, 0x3e, 0x23, 0x87,
  0x23, 0x8f, 0x23, 0x97, 0x23, 0x9f, 0x23, 0xa7, 0x23, 0xaf, 0x23, 0xb7,
  0x23, 0xbf, 0x23, 0xc7, 0x23, 0xcf, 0x23, 0xd7, 0x23, 0xdf, 0x23, 0xf8,
  0x24, 0x00, 0x24, 0x08, 0x24, 0x10, 0x24, 0x18, 0x24, 0x20, 0x24, 0x40,
  0x24, 0x48, 0x24, 0x50, 0x24, 0x59, 0x24, 0x62, 0x24, 0x6b, 0x24, 0x74,
  0x24, 0x7d, 0x24, 0x86, 0x24, 0x8f, 0x24, 0x98, 0x24, 0xa1, 0x24, 0xaa,
  0x24, 0xd0, 0x24, 0xe3, 0x25, 0x12, 0x25, 0x55, 0x25, 0x71, 0x25, 0xa8,
  0x25, 0xe4, 0x25, 0xff, 0x26, 0x47, 0x26, 0x83, 0x26, 0xa9, 0x26, 0xbc,
  0x26, 0xec, 0x27, 0x30, 0x27, 0x4d, 0x27, 0x84, 0x27, 0xc1, 0x27, 0xdc,
  0x28, 0x25, 0x28, 0x62, 0x28, 0x6b, 0x28, 0x74, 0x28, 0x7d, 0x28, 0x86,
  0x28, 0x8f, 0x28, 0x98, 0x28, 0xa1, 0x28, 0xaa, 0x28, 0xb3, 0x28, 0xbc,
  0x28, 0xca, 0x28, 0xda, 0x28, 0xea, 0x28, 0xfa, 0x29, 0x0a, 0x29, 0x1a,
  0x29, 0x2a, 0x29, 0x3a, 0x29, 0x4a, 0x29, 0x5a, 0x29, 0x67, 0x29, 0x7a,
  0x29, 0x90, 0x29, 0xaa, 0x29, 0xba, 0x29, 0xd0, 0x29, 0xe6, 0x2a, 0x1a,
  0x2a, 0x50, 0x2a, 0x5e, 0x2a, 0x7b, 0x2a, 0x9d, 0x2a, 0xc2, 0x2a, 0xd1,
  0x2a, 0xe0, 0x2a, 0xe8, 0x2a, 0xf0, 0x2b, 0x0f, 0x2b, 0x2d, 0x2b, 0x6e,
  0x2b, 0xae, 0x2b, 0xc0, 0x2b, 0xd3, 0x2b, 0xe0, 0x2b, 0xed, 0x2b, 0xfa,
  0x2c, 0x08, 0x2c, 0x15, 0x2c, 0x22, 0x2c, 0x35, 0x2c, 0x41, 0x2c, 0x5e,
  0x2c, 0x7d, 0x2c, 0x8f, 0x2c, 0xa2, 0x2c, 0xc0, 0x2c, 0xde, 0x2c, 0xf0,
  0x2d, 0x02, 0x2d, 0x0e, 0x2d, 0x1d, 0x2d, 0x1d, 0x2d, 0x1d, 0x2d, 0x1d,
  0x2d, 0x5b, 0x2d, 0xa2, 0x2d, 0xf8, 0x2e, 0x4e, 0x2e, 0x96, 0x2e, 0xd7,
  0x2f, 0x05, 0x2f, 0x21, 0x2f, 0x74, 0x2f, 0xa0, 0x2f, 0xc7, 0x2f, 0xff,
  0x30, 0x49, 0x30, 0x79, 0x30, 0xa0, 0x30, 0xa9, 0x30, 0xb1, 0x30, 0xb9,
  0x30, 0xc2, 0x30, 0xca, 0x30, 0xd3, 0x30, 0xdc, 0x30, 0xe4, 0x30, 0xec,
  0x30, 0xf4, 0x30, 0xfc, 0x31, 0x04, 0x31, 0x1b, 0x31, 0x29, 0x31, 0x3e,
  0x31, 0x4b, 0x31, 0x64, 0x31, 0x81, 0x31, 0x95, 0x31, 0xb2, 0x31, 0xc4,
  0x31, 0xd8, 0x31, 0xf2, 0x32, 0x0e, 0x32, 0x2d, 0x32, 0x74, 0x32, 0x9b,
  0x32, 0xaf, 0x32, 0xc8, 0x33, 0x02, 0x33, 0x6e, 0x33, 0xac, 0x33, 0xee,
  0x34, 0x02, 0x34, 0x19, 0x34, 0x34, 0x34, 0x4e, 0x34, 0xa1, 0x34, 0xca,
  0x35, 0x25, 0x35, 0xa5, 0x35, 0xc1, 0x36, 0x43, 0x36, 0xac, 0x36, 0xcb,
  0x37, 0x36, 0x37, 0x9f, 0x37, 0xef, 0x38, 0x4b, 0x38, 0x73, 0x38, 0xa0,
  0x38, 0xad, 0x38, 0xc1, 0x39, 0x04, 0x39, 0x21, 0x39, 0x4b, 0x39, 0x57,
  0x39, 0xae, 0x39, 0xc8, 0x39, 0xe2, 0x39, 0xf7, 0x3a, 0x04, 0x3a, 0x14,
  0x3a, 0x23, 0x3a, 0x3b, 0x3a, 0x4c, 0x3a, 0x5f, 0x3a, 0x73, 0x3a, 0x90,
  0x3a, 0xb7, 0x3a, 0xdc, 0x3a, 0xe9, 0x3b, 0x06, 0x3b, 0x1e, 0x3b, 0x3b,
  0x3b, 0x4c, 0x3b, 0x62, 0x3b, 0x6f, 0x3b, 0x80, 0x3b, 0xac, 0x3b, 0xce,
  0x3b, 0xd6, 0x3b, 0xde, 0x3b, 0xe6, 0x3b, 0xee, 0x3b, 0xf6, 0x3b, 0xfe,
  0x3c, 0x06, 0x3c, 0x0e, 0x3c, 0x16, 0x3c, 0x1e, 0x3c, 0x26, 0x3c, 0x2e,
  0x3c, 0x36, 0x3c, 0x45, 0x3c, 0x53, 0x3c, 0x78, 0x3c, 0x9d, 0x3c, 0xd1,
  0x3d, 0x0d, 0x3d, 0x28, 0x3d, 0x43, 0x3d, 0x6d, 0x3d, 0x9f, 0x3d, 0x9f,
  0x00, 0x01, 0x00, 0x00, 0x00, 0x02, 0x00, 0x42, 0xea, 0xbc, 0x97, 0x66,
  0x5f, 0x0f, 0x3c, 0xf5, 0x00, 0x03, 0x07, 0xd0, 0x00, 0x00, 0x00, 0x00,
  0xdb, 0x34, 0xd5, 0x52, 0x00, 0x00, 0x00, 0x00, 0xde, 0x92, 0x26, 0x00,
  0xfe, 0xdb, 0xfe, 0x20, 0x09, 0x59, 0x08, 0x02, 0x00, 0x01, 0x00, 0x06,
  0x00, 0x02, 0x00, 0x00, 0x00, 0x00, 0x00, 0x00, 0x05, 0x23, 0x00, 0xa2,
  0x05, 0xad, 0x00, 0x37, 0x05, 0xad, 0x00, 0x37, 0x05, 0xad, 0x00, 0x37,
  0x05, 0xad, 0x00, 0x37, 0x05, 0xad, 0x00, 0x37, 0x05, 0xad, 0x00, 0x37,
  0x05, 0xad, 0x00, 0x37, 0x05, 0xad, 0x00, 0x37, 0x05, 0xad, 0x00, 0x37,
  0x05, 0xad, 0x00, 0x37, 0x05, 0xad, 0x00, 0x37, 0x05, 0xad, 0x00, 0x37,
  0x05, 0xad, 0x00, 0x37, 0x05, 0xad, 0x00, 0x37, 0x05, 0xad, 0x00, 0x37,
  0x05, 0xad, 0x00, 0x37, 0x05, 0xad, 0x00, 0x37, 0x05, 0xad, 0x00, 0x37,
  0x05, 0xad, 0x00, 0x37, 0x05, 0xad, 0x00, 0x37, 0x05, 0xad, 0x00, 0x37,
  0x05, 0xad, 0x00, 0x37, 0x05, 0xad, 0x00, 0x37, 0x05, 0xad, 0x00, 0x37,
  0x05, 0xad, 0x00, 0x37, 0x08, 0x20, 0x00, 0x00, 0x08, 0x20, 0x00, 0x00,
  0x05, 0x59, 0x00, 0xa2, 0x05, 0x9c, 0x00, 0x60, 0x05, 0x9c, 0x00, 0x60,
  0x05, 0x9c, 0x00, 0x60, 0x05, 0x9c, 0x00, 0x60, 0x05, 0x9c, 0x00, 0x60,
  0x05, 0x9c, 0x00, 0x60, 0x05, 0xa0, 0x00, 0xa2, 0x05, 0xda, 0x00, 0x46,
  0x05, 0xa0, 0x00, 0xa2, 0x05, 0xda, 0x00, 0x46, 0x05, 0xa0, 0x00, 0xa2,
  0x04, 0xf5, 0x00, 0xa2, 0x04, 0xf5, 0x00, 0xa2, 0x04, 0xf5, 0x00, 0xa2,
  0x04, 0xf5, 0x00, 0xa2, 0x04, 0xf5, 0x00, 0xa2, 0x04, 0xf5, 0x00, 0xa2,
  0x04, 0xf5, 0x00, 0xa2, 0x04, 0xf5, 0x00, 0xa2, 0x04, 0xf5, 0x00, 0xa2,
  0x04, 0xf5, 0x00, 0xa2, 0x04, 0xf5, 0x00, 0x3f, 0x04, 0xf5, 0x00, 0xa2,
  0x04, 0xf5, 0x00, 0xa2, 0x04, 0xf5, 0x00, 0xa2, 0x04, 0xf5, 0x00, 0xa2,
  0x04, 0xf5, 0x00, 0xa2, 0x04, 0xf5, 0x00, 0xa2, 0x04, 0xf5, 0x00, 0xa2,
  0x04, 0xf5, 0x00, 0xa2, 0x04, 0xf5, 0x00, 0xa2, 0x04, 0xcb, 0x00, 0xa2,
  0x05, 0xee, 0x00, 0x60, 0x05, 0xee, 0x00, 0x60, 0x05, 0xee, 0x00, 0x60,
  0x05, 0xee, 0x00, 0x60, 0x05, 0xee, 0x00, 0x60, 0x06, 0x04, 0x00, 0xa2,
  0x06, 0x71, 0x00, 0x22, 0x06, 0x04, 0x00, 0xa2, 0x06, 0x04, 0x00, 0xa2,
  0x02, 0x67, 0x00, 0xa2, 0x02, 0x67, 0x00, 0xa2, 0x02, 0x67, 0xff, 0xd6,
  0x02, 0x67, 0xff, 0xc9, 0x02, 0x67, 0xfe, 0xe0, 0x02, 0x67, 0xff, 0xc2,
  0x02, 0x67, 0x00, 0xa2, 0x02, 0x67, 0x00, 0xa2, 0x02, 0x67, 0xff, 0xa0,
  0x02, 0x67, 0x00, 0xa2, 0x02, 0x67, 0xff, 0xd4, 0x02, 0x67, 0xff, 0xd5,
  0x02, 0x67, 0x00, 0x37, 0x02, 0x67, 0xff, 0xe1, 0x03, 0x24, 0x00, 0x37,
  0x03, 0x24, 0x00, 0x37, 0x05, 0x9a, 0x00, 0xa2, 0x05, 0x9a, 0x00, 0xa2,
  0x04, 0x83, 0x00, 0xa2, 0x04, 0x83, 0x00, 0xa2, 0x04, 0x83, 0x00, 0xa2,
  0x04, 0x83, 0x00, 0xa2, 0x04, 0x83, 0x00, 0xa2, 0x04, 0x9c, 0x00, 0x09,
  0x07, 0x2b, 0x00, 0xa2, 0x06, 0x1c, 0x00, 0xa2, 0x06, 0x1c, 0x00, 0xa2,
  0x06, 0x1c, 0x00, 0xa2, 0x06, 0x1c, 0x00, 0xa2, 0x06, 0x1c, 0x00, 0xa2,
  0x06, 0x1c, 0x00, 0xa2, 0x06, 0x1c, 0x00, 0xa2, 0x05, 0xf1, 0x00, 0x60,
  0x05, 0xf1, 0x00, 0x60, 0x05, 0xf1, 0x00, 0x60, 0x05, 0xf1, 0x00, 0x60,
  0x05, 0xf1, 0x00, 0x60, 0x05, 0xf1, 0x00, 0x60, 0x05, 0xf1, 0x00, 0x60,
  0x05, 0xf1, 0x00, 0x60, 0x05, 0xf1, 0x00, 0x60, 0x05, 0xf1, 0x00, 0x60,
  0x05, 0xf1, 0x00, 0x60, 0x05, 0xf1, 0x00, 0x60, 0x05, 0xf1, 0x00, 0x60,
  0x05, 0xf1, 0x00, 0x60, 0x06, 0x86, 0x00, 0x60, 0x06, 0x86, 0x00, 0x60,
  0x06, 0x86, 0x00, 0x60, 0x06, 0x86, 0x00, 0x60, 0x06, 0x86, 0x00, 0x60,
  0x06, 0x86, 0x00, 0x60, 0x05, 0xf1, 0x00, 0x60, 0x05, 0xf1, 0x00, 0x60,
  0x05, 0xf1, 0x00, 0x60, 0x05, 0xf1, 0x00, 0x60, 0x06, 0x10, 0x00, 0x2b,
  0x06, 0x10, 0x00, 0x2b, 0x05, 0xf1, 0x00, 0x60, 0x08, 0xce, 0x00, 0x60,
  0x05, 0x19, 0x00, 0xa2, 0x05, 0x51, 0x00, 0xa2, 0x06, 0x0a, 0x00, 0x60,
  0x05, 0x70, 0x00, 0xa2, 0x05, 0x70, 0x00, 0xa2, 0x05, 0x70, 0x00, 0xa2,
  0x05, 0x70, 0x00, 0xa2, 0x05, 0x70, 0x00, 0x53, 0x05, 0x70, 0x00, 0xa2,
  0x05, 0x70, 0x00, 0xa2, 0x05, 0x68, 0x00, 0x64, 0x05, 0x68, 0x00, 0x64,
  0x05, 0x68, 0x00, 0x64, 0x05, 0x68, 0x00, 0x64, 0x05, 0x68, 0x00, 0x64,
  0x05, 0x68, 0x00, 0x64, 0x05, 0x68, 0x00, 0x64, 0x05, 0xee, 0x00, 0x60,
  0x04, 0xd0, 0x00, 0x26, 0x04, 0xd0, 0x00, 0x26, 0x04, 0xd0, 0x00, 0x26,
  0x04, 0xd0, 0x00, 0x26, 0x04, 0xd0, 0x00, 0x26, 0x04, 0xd0, 0x00, 0x26,
  0x05, 0xa8, 0x00, 0xa2, 0x05, 0xa8, 0x00, 0xa2, 0x05, 0xa8, 0x00, 0xa2,
  0x05, 0xa8, 0x00, 0xa2, 0x05, 0xa8, 0x00, 0x91, 0x05, 0xa8, 0x00, 0xa2,
  0x05, 0xa8, 0x00, 0xa2, 0x05, 0xa8, 0x00, 0xa2, 0x05, 0xa8, 0x00, 0xa2,
  0x06, 0xb9, 0x00, 0xa2, 0x06, 0xb9, 0x00, 0xa2, 0x06, 0xb9, 0x00, 0xa2,
  0x06, 0xb9, 0x00, 0xa2, 0x06, 0xb9, 0x00, 0xa2, 0x06, 0xb1, 0x00, 0xa2,
  0x05, 0xa8, 0x00, 0xa2, 0x05, 0xa8, 0x00, 0xa2, 0x05, 0xa8, 0x00, 0xa2,
  0x05, 0xa8, 0x00, 0xa2, 0x05, 0xa8, 0x00, 0xa2, 0x05, 0xa8, 0x00, 0xa2,
  0x05, 0x7f, 0x00, 0x26, 0x07, 0x91, 0x00, 0x26, 0x07, 0x91, 0x00, 0x26,
  0x07, 0x91, 0x00, 0x26, 0x07, 0x91, 0x00, 0x26, 0x07, 0x91, 0x00, 0x26,
  0x05, 0x9a, 0x00, 0x37, 0x05, 0x37, 0x00, 0x13, 0x05, 0x37, 0x00, 0x13,
  0x05, 0x37, 0x00, 0x13, 0x05, 0x37, 0x00, 0x13, 0x05, 0x37, 0x00, 0x13,
  0x05, 0x37, 0x00, 0x13, 0x05, 0x37, 0x00, 0x13, 0x05, 0x37, 0x00, 0x13,
  0x05, 0x3b, 0x00, 0x6c, 0x05, 0x3b, 0x00, 0x6c, 0x05, 0x3b, 0x00, 0x6c,
  0x05, 0x3b, 0x00, 0x6c, 0x05, 0x3b, 0x00, 0x6c, 0x04, 0x6d, 0x00, 0x53,
  0x04, 0x6d, 0x00, 0x53, 0x04, 0x6d, 0x00, 0x53, 0x04, 0x6d, 0x00, 0x53,
  0x04, 0x6d, 0x00, 0x53, 0x04, 0x6d, 0x00, 0x53, 0x04, 0x6d, 0x00, 0x53,
  0x04, 0x6d, 0x00, 0x53, 0x04, 0x6d, 0x00, 0x53, 0x04, 0x6d, 0x00, 0x53,
  0x04, 0x6d, 0x00, 0x53, 0x04, 0x6d, 0x00, 0x53, 0x04, 0x6d, 0x00, 0x53,
  0x04, 0x6d, 0x00, 0x53, 0x04, 0x6d, 0xff, 0xf6, 0x04, 0x6d, 0x00, 0x53,
  0x04, 0x6d, 0x00, 0x53, 0x04, 0x6d, 0x00, 0x53, 0x04, 0x6d, 0x00, 0x53,
  0x04, 0x6d, 0x00, 0x53, 0x04, 0x6d, 0x00, 0x53, 0x04, 0x6d, 0x00, 0x53,
  0x04, 0x6d, 0x00, 0x53, 0x04, 0x6d, 0x00, 0x53, 0x04, 0x6d, 0x00, 0x53,
  0x07, 0x23, 0x00, 0x53, 0x07, 0x23, 0x00, 0x53, 0x04, 0xc1, 0x00, 0x7d,
  0x04, 0x46, 0x00, 0x4c, 0x04, 0x46, 0x00, 0x4c, 0x04, 0x46, 0x00, 0x4c,
  0x04, 0x46, 0x00, 0x4c, 0x04, 0x46, 0x00, 0x4c, 0x04, 0x46, 0x00, 0x4c,
  0x04, 0xc1, 0x00, 0x4c, 0x04, 0x7f, 0x00, 0x4c, 0x04, 0xba, 0x00, 0x4c,
  0x04, 0xfe, 0x00, 0x4c, 0x04, 0xc1, 0x00, 0x4c, 0x04, 0x81, 0x00, 0x53,
  0x04, 0x81, 0x00, 0x53, 0x04, 0x81, 0x00, 0x53, 0x04, 0x71, 0x00, 0x53,
  0x04, 0x81, 0x00, 0x53, 0x04, 0x81, 0x00, 0x53, 0x04, 0x81, 0x00, 0x53,
  0x04, 0x81, 0x00, 0x53, 0x04, 0x81, 0x00, 0x53, 0x04, 0x81, 0x00, 0x53,
  0x04, 0x81, 0xff, 0xf6, 0x04, 0x81, 0x00, 0x53, 0x04, 0x81, 0x00, 0x53,
  0x04, 0x81, 0x00, 0x53, 0x04, 0x81, 0x00, 0x53, 0x04, 0x81, 0x00, 0x53,
  0x04, 0x81, 0x00, 0x53, 0x04, 0x81, 0x00, 0x53, 0x04, 0x81, 0x00, 0x53,
  0x04, 0x81, 0x00, 0x53, 0x04, 0x81, 0x00, 0x56, 0x03, 0x19, 0x00, 0x32,
  0x04, 0xe9, 0x00, 0x2a, 0x04, 0xe9, 0x00, 0x2a, 0x04, 0xe9, 0x00, 0x2a,
  0x04, 0xe9, 0x00, 0x2a, 0x04, 0xe9, 0x00, 0x2a, 0x04, 0xa1, 0x00, 0x7d,
  0x04, 0xd5, 0x00, 0x28, 0x04, 0xa1, 0xff, 0x9f, 0x04, 0xa1, 0x00, 0x7d,
  0x02, 0x16, 0x00, 0x7d, 0x02, 0x11, 0x00, 0x7d, 0x02, 0x11, 0x00, 0x7d,
  0x02, 0x11, 0xff, 0xae, 0x02, 0x11, 0xff, 0xa1, 0x02, 0x11, 0xfe, 0xb8,
  0x03, 0x00, 0x00, 0x0d, 0x02, 0x11, 0x00, 0x7d, 0x02, 0x16, 0x00, 0x7d,
  0x02, 0x11, 0xff, 0xd2, 0x02, 0x11, 0x00, 0x7d, 0x02, 0xb4, 0xff, 0xf9,
  0x02, 0xbd, 0xff, 0xfe, 0x02, 0x11, 0x00, 0x0c, 0x02, 0xa8, 0xff, 0xfb,
  0x02, 0x41, 0xff, 0xe0, 0x02, 0x3f, 0xff, 0xe0, 0x02, 0x3f, 0xff, 0xc3,
  0x04, 0x87, 0x00, 0x7d, 0x04, 0x87, 0x00, 0x7d, 0x04, 0xb2, 0x00, 0x7d,
  0x02, 0x92, 0x00, 0x7d, 0x02, 0x92, 0x00, 0x7d, 0x02, 0x92, 0x00, 0x7d,
  0x02, 0x92, 0x00, 0x7d, 0x03, 0x50, 0x00, 0x7d, 0x02, 0xe6, 0x00, 0x46,
  0x06, 0xff, 0x00, 0x7d, 0x04, 0xa2, 0x00, 0x7d, 0x04, 0xa2, 0x00, 0x7d,
  0x04, 0xa2, 0x00, 0x7d, 0x04, 0xa2, 0x00, 0x7d, 0x04, 0xa2, 0x00, 0x7d,
  0x04, 0xb0, 0x00, 0x7d, 0x04, 0xa2, 0x00, 0x7d, 0x04, 0x7f, 0x00, 0x4c,
  0x04, 0x7f, 0x00, 0x4c, 0x04, 0x7f, 0x00, 0x4c, 0x04, 0x7f, 0x00, 0x4c,
  0x04, 0x7f, 0x00, 0x4c, 0x04, 0x7f, 0x00, 0x4c, 0x04, 0x7f, 0x00, 0x4c,
  0x04, 0x7f, 0x00, 0x4c, 0x04, 0x7f, 0x00, 0x4c, 0x04, 0x7f, 0xff, 0xec,
  0x04, 0x7f, 0x00, 0x4c, 0x04, 0x7f, 0x00, 0x4c, 0x04, 0x7f, 0x00, 0x4c,
  0x04, 0x7f, 0x00, 0x4c, 0x05, 0x02, 0x00, 0x4c, 0x05, 0x02, 0x00, 0x4c,
  0x05, 0x02, 0x00, 0x4c, 0x05, 0x02, 0x00, 0x4c, 0x05, 0x02, 0x00, 0x4c,
  0x05, 0x02, 0x00, 0x4c, 0x04, 0x7f, 0x00, 0x4c, 0x04, 0x7f, 0x00, 0x4c,
  0x04, 0x7f, 0x00, 0x4c, 0x04, 0x7f, 0x00, 0x4c, 0x04, 0xc7, 0x00, 0x33,
  0x04, 0xc7, 0x00, 0x33, 0x04, 0x7f, 0x00, 0x4c, 0x07, 0x4c, 0x00, 0x4c,
  0x04, 0xbe, 0x00, 0x7d, 0x04, 0xb8, 0x00, 0x7d, 0x04, 0xbe, 0x00, 0x4c,
  0x03, 0x38, 0x00, 0x7d, 0x03, 0x38, 0x00, 0x7d, 0x03, 0x38, 0x00, 0x54,
  0x03, 0x38, 0x00, 0x7d, 0x03, 0x38, 0xff, 0x6c, 0x03, 0x38, 0x00, 0x7d,
  0x03, 0x38, 0x00, 0x60, 0x04, 0x1e, 0x00, 0x4d, 0x04, 0x1e, 0x00, 0x4d,
  0x04, 0x1e, 0x00, 0x4d, 0x04, 0x1e, 0x00, 0x4d, 0x04, 0x1e, 0x00, 0x4d,
  0x04, 0x1e, 0x00, 0x4d, 0x04, 0x1e, 0x00, 0x4d, 0x04, 0xe6, 0x00, 0x7d,
  0x03, 0x41, 0x00, 0x3c, 0x03, 0x41, 0x00, 0x3c, 0x03, 0x84, 0x00, 0x3c,
  0x03, 0x41, 0x00, 0x3c, 0x03, 0x41, 0x00, 0x3c, 0x03, 0x41, 0x00, 0x3c,
  0x04, 0xa6, 0x00, 0x70, 0x04, 0xa6, 0x00, 0x70, 0x04, 0xa6, 0x00, 0x70,
  0x04, 0xa6, 0x00, 0x70, 0x04, 0xa6, 0x00, 0x70, 0x04, 0xa6, 0xff, 0xfb,
  0x04, 0xa6, 0x00, 0x70, 0x04, 0xa6, 0x00, 0x70, 0x04, 0xa6, 0x00, 0x70,
  0x04, 0xa6, 0x00, 0x70, 0x05, 0x8c, 0x00, 0x70, 0x05, 0x8c, 0x00, 0x70,
  0x05, 0x8c, 0x00, 0x70, 0x05, 0x8c, 0x00, 0x70, 0x05, 0x8c, 0x00, 0x70,
  0x05, 0x8c, 0x00, 0x70, 0x04, 0xa6, 0x00, 0x70, 0x04, 0xa6, 0x00, 0x70,
  0x04, 0xa6, 0x00, 0x70, 0x04, 0xa6, 0x00, 0x70, 0x04, 0xa6, 0x00, 0x70,
  0x04, 0xa6, 0x00, 0x70, 0x04, 0x11, 0x00, 0x1b, 0x06, 0x29, 0x00, 0x1e,
  0x06, 0x29, 0x00, 0x1e, 0x06, 0x29, 0x00, 0x1e, 0x06, 0x29, 0x00, 0x1e,
  0x06, 0x29, 0x00, 0x1e, 0x04, 0x98, 0x00, 0x23, 0x04, 0x66, 0x00, 0x1b,
  0x04, 0x66, 0x00, 0x1b, 0x04, 0x66, 0x00, 0x1b, 0x04, 0x66, 0x00, 0x1b,
  0x04, 0x66, 0x00, 0x1b, 0x04, 0x66, 0x00, 0x1b, 0x04, 0x66, 0x00, 0x1b,
  0x04, 0x66, 0x00, 0x1b, 0x03, 0xe1, 0x00, 0x3f, 0x03, 0xe1, 0x00, 0x3f,
  0x03, 0xe1, 0x00, 0x3f, 0x03, 0xe1, 0x00, 0x3f, 0x03, 0xe1, 0x00, 0x3f,
  0x04, 0xbc, 0x00, 0x52, 0x02, 0x68, 0x00, 0xa2, 0x05, 0x2f, 0x00, 0x32,
  0x05, 0xab, 0x00, 0x32, 0x03, 0x2d, 0x00, 0x53, 0x03, 0x26, 0x00, 0x4c,
  0x05, 0x45, 0x00, 0x2e, 0x05, 0x09, 0x00, 0x58, 0x03, 0x58, 0x00, 0x56,
  0x04, 0xf6, 0x00, 0x56, 0x05, 0x32, 0x00, 0x58, 0x05, 0x20, 0x00, 0x56,
  0x05, 0x46, 0x00, 0x58, 0x05, 0x29, 0x00, 0x58, 0x04, 0xe4, 0x00, 0x56,
  0x05, 0x3e, 0x00, 0x58, 0x05, 0x26, 0x00, 0x5c, 0x05, 0x09, 0x00, 0x58,
  0x03, 0x58, 0x00, 0x56, 0x04, 0xf6, 0x00, 0x56, 0x05, 0x32, 0x00, 0x58,
  0x05, 0x20, 0x00, 0x56, 0x05, 0x46, 0x00, 0x58, 0x05, 0x29, 0x00, 0x58,
  0x04, 0xe4, 0x00, 0x56, 0x05, 0x3e, 0x00, 0x58, 0x05, 0x26, 0x00, 0x5c,
  0x05, 0x78, 0x00, 0x8f, 0x05, 0x78, 0x00, 0xb9, 0x05, 0x78, 0x00, 0xa6,
  0x05, 0x78, 0x00, 0x85, 0x05, 0x78, 0x00, 0x72, 0x05, 0x78, 0x00, 0x96,
  0x05, 0x78, 0x00, 0x80, 0x05, 0x78, 0x00, 0x7b, 0x05, 0x78, 0x00, 0x75,
  0x05, 0x78, 0x00, 0x8c, 0x03, 0x24, 0x00, 0x34, 0x02, 0x01, 0x00, 0x2a,
  0x03, 0x10, 0x00, 0x2a, 0x03, 0x52, 0x00, 0x3e, 0x03, 0x34, 0x00, 0x2a,
  0x03, 0x4b, 0x00, 0x34, 0x03, 0x38, 0x00, 0x34, 0x02, 0xe9, 0x00, 0x2a,
  0x03, 0x5b, 0x00, 0x3e, 0x03, 0x37, 0x00, 0x37, 0x03, 0x24, 0x00, 0x34,
  0x02, 0x01, 0x00, 0x2a, 0x03, 0x10, 0x00, 0x2a, 0x03, 0x52, 0x00, 0x3e,
  0x03, 0x34, 0x00, 0x2a, 0x03, 0x4b, 0x00, 0x34, 0x03, 0x38, 0x00, 0x34,
  0x02, 0xe9, 0x00, 0x2a, 0x03, 0x5b, 0x00, 0x3e, 0x03, 0x37, 0x00, 0x37,
  0x03, 0x24, 0x00, 0x34, 0x02, 0x01, 0x00, 0x2a, 0x03, 0x10, 0x00, 0x2a,
  0x03, 0x52, 0x00, 0x3e, 0x03, 0x34, 0x00, 0x2a, 0x03, 0x4b, 0x00, 0x34,
  0x03, 0x38, 0x00, 0x34, 0x02, 0xe9, 0x00, 0x2a, 0x03, 0x5b, 0x00, 0x3e,
  0x03, 0x37, 0x00, 0x37, 0x03, 0x24, 0x00, 0x34, 0x02, 0x01, 0x00, 0x2a,
  0x03, 0x10, 0x00, 0x2a, 0x03, 0x52, 0x00, 0x3e, 0x03, 0x34, 0x00, 0x2a,
  0x03, 0x4b, 0x00, 0x34, 0x03, 0x38, 0x00, 0x34, 0x02, 0xe9, 0x00, 0x2a,
  0x03, 0x5b, 0x00, 0x3e, 0x03, 0x37, 0x00, 0x37, 0x01, 0xda, 0xfe, 0xb2,
  0x07, 0x0b, 0x00, 0x2a, 0x07, 0x37, 0x00, 0x2a, 0x08, 0x78, 0x00, 0x2a,
  0x06, 0x7e, 0x00, 0x2a, 0x07, 0x7f, 0x00, 0x3e, 0x07, 0x40, 0x00, 0x2a,
  0x08, 0x41, 0x00, 0x3e, 0x08, 0x3a, 0x00, 0x34, 0x07, 0x91, 0x00, 0x2a,
  0x02, 0x1b, 0x00, 0x63, 0x02, 0x2a, 0x00, 0x5e, 0x02, 0x1b, 0x00, 0x63,
  0x02, 0x2d, 0x00, 0x63, 0x06, 0xfd, 0x00, 0x63, 0x02, 0x34, 0x00, 0x65,
  0x02, 0x35, 0x00, 0x65, 0x04, 0x2d, 0x00, 0x16, 0x04, 0x3f, 0x00, 0x43,
  0x02, 0x06, 0x00, 0x63, 0x02, 0xc2, 0x00, 0x5c, 0x03, 0xb2, 0x00, 0x39,
  0x04, 0xd0, 0x00, 0x38, 0x02, 0xfa, 0x00, 0x17, 0x02, 0xfa, 0x00, 0x17,
  0x02, 0x58, 0x00, 0x8c, 0x02, 0x58, 0x00, 0x91, 0x02, 0x9a, 0x00, 0x77,
  0x02, 0xa1, 0x00, 0x18, 0x03, 0x01, 0x00, 0x18, 0x03, 0x00, 0x00, 0x1d,
  0x02, 0xa2, 0x00, 0x94, 0x02, 0xa2, 0x00, 0x44, 0x03, 0x12, 0x00, 0x78,
  0x03, 0x12, 0x00, 0x78, 0x04, 0xa1, 0x00, 0x78, 0x08, 0xf9, 0x01, 0x68,
  0x04, 0x52, 0x00, 0x74, 0x06, 0x28, 0x00, 0x00, 0x02, 0x2a, 0x00, 0x5e,
  0x03, 0xe5, 0x00, 0x5e, 0x03, 0xbf, 0x00, 0x4d, 0x03, 0xbc, 0x00, 0x64,
  0x02, 0x0e, 0x00, 0x4d, 0x02, 0x0b, 0x00, 0x64, 0x03, 0xe7, 0x00, 0x65,
  0x03, 0xfe, 0x00, 0x7a, 0x02, 0x6a, 0x00, 0x65, 0x02, 0x69, 0x00, 0x7c,
  0x03, 0xbf, 0x00, 0x70, 0x02, 0x0a, 0x00, 0x70, 0x01, 0xc3, 0x00, 0x00,
  0x01, 0xc3, 0x00, 0x00, 0x01, 0xdc, 0x00, 0x00, 0x04, 0x62, 0x00, 0x67,
  0x05, 0x9c, 0x00, 0x60, 0x04, 0x84, 0x00, 0x4b, 0x05, 0x51, 0x00, 0x63,
  0x04, 0x30, 0x00, 0x4c, 0x05, 0x17, 0x00, 0x01, 0x04, 0x0e, 0xff, 0xc9,
  0x04, 0xe1, 0xff, 0xda, 0x05, 0x10, 0x00, 0x29, 0x05, 0x1f, 0x00, 0x1e,
  0x06, 0x7d, 0x00, 0x11, 0x05, 0x06, 0x00, 0x29, 0x05, 0x10, 0x00, 0x29,
  0x08, 0xbd, 0x00, 0x17, 0x05, 0x26, 0xff, 0xf5, 0x05, 0x78, 0x00, 0xef,
  0x05, 0x78, 0x00, 0x45, 0x05, 0x78, 0x00, 0x76, 0x05, 0x78, 0x00, 0xdd,
  0x05, 0x78, 0x00, 0x53, 0x05, 0x78, 0x00, 0x91, 0x05, 0x78, 0x00, 0x66,
  0x05, 0x78, 0x00, 0x71, 0x05, 0x78, 0x00, 0x52, 0x05, 0x78, 0x00, 0x67,
  0x05, 0x78, 0x00, 0x71, 0x05, 0x78, 0x00, 0x1e, 0x02, 0xc4, 0x00, 0xbe,
  0x04, 0xc4, 0x00, 0x58, 0x04, 0x99, 0x00, 0x74, 0x04, 0x99, 0x00, 0x74,
  0x04, 0x81, 0x00, 0x74, 0x04, 0x99, 0x00, 0x74, 0x04, 0x99, 0x00, 0x74,
  0x04, 0x99, 0x00, 0x74, 0x04, 0x83, 0x00, 0x74, 0x04, 0x83, 0x00, 0x74,
  0x04, 0x99, 0x00, 0x74, 0x04, 0x99, 0x00, 0x74, 0x04, 0x99, 0x00, 0x74,
  0x04, 0xc1, 0x00, 0x74, 0x04, 0xc8, 0x00, 0x71, 0x04, 0x99, 0x00, 0x74,
  0x03, 0xc8, 0x00, 0x45, 0x04, 0xab, 0x00, 0x52, 0x06, 0x31, 0x00, 0x5d,
  0x03, 0xaa, 0x00, 0x18, 0x05, 0xff, 0x00, 0x5c, 0x06, 0x06, 0x00, 0x21,
  0x05, 0x74, 0x00, 0x25, 0x04, 0x79, 0x00, 0x39, 0x05, 0x5a, 0x00, 0x1e,
  0x04, 0xbb, 0x00, 0x53, 0x04, 0xb8, 0x00, 0x70, 0x07, 0x56, 0x00, 0x5d,
  0x0a, 0x91, 0x00, 0x5d, 0x04, 0x58, 0x00, 0x76, 0x06, 0x77, 0x00, 0x4c,
  0x06, 0x1f, 0x00, 0x5e, 0x04, 0xae, 0x00, 0x4c, 0x04, 0x01, 0x00, 0x38,
  0x06, 0x7d, 0x00, 0x51, 0x04, 0x51, 0x00, 0x51, 0x06, 0x7d, 0x00, 0x51,
  0x07, 0x72, 0x00, 0x15, 0x03, 0xb4, 0x00, 0x85, 0x02, 0x19, 0x00, 0xa2,
  0x02, 0x19, 0x00, 0xa2, 0x04, 0x74, 0x00, 0x2b, 0x04, 0x11, 0x00, 0x3e,
  0x04, 0x11, 0x00, 0x3e, 0x09, 0x42, 0x00, 0xa2, 0x07, 0xe6, 0x00, 0x3c,
  0x01, 0xfd, 0x00, 0x64, 0x01, 0xfd, 0x00, 0x64, 0x00, 0x00, 0x00, 0x0a,
  0x00, 0x00, 0x00, 0x0a, 0x00, 0x00, 0x00, 0x0b, 0x00, 0x00, 0x00, 0x0a,
  0x00, 0x00, 0x00, 0x0a, 0x00, 0x00, 0x00, 0x68, 0x00, 0x00, 0x00, 0x11,
  0x00, 0x00, 0x00, 0x11, 0x00, 0x00, 0x00, 0x1f, 0x00, 0x00, 0x00, 0x23,
  0x00, 0x00, 0x00, 0x43, 0x00, 0x00, 0x00, 0x23, 0x00, 0x00, 0x01, 0xbb,
  0x00, 0x00, 0x00, 0x0a, 0x00, 0x00, 0x00, 0x14, 0x00, 0x00, 0x00, 0x72,
  0x00, 0x00, 0x00, 0x00, 0x00, 0x00, 0x00, 0x0a, 0x00, 0x00, 0x00, 0x05,
  0x00, 0x00, 0x00, 0x1e, 0x00, 0x00, 0x00, 0x23, 0x02, 0xfa, 0x00, 0x0a,
  0x01, 0x2b, 0x00, 0x0a, 0x02, 0x10, 0x00, 0x0b, 0x02, 0x10, 0x00, 0x0a,
  0x03, 0x7f, 0x00, 0x0a, 0x02, 0xf5, 0x00, 0x11, 0x03, 0x08, 0x00, 0x11,
  0x02, 0xfa, 0x00, 0x1f, 0x02, 0x04, 0x00, 0x23, 0x03, 0x3f, 0x00, 0x43,
  0x03, 0x12, 0x00, 0x23, 0x02, 0x22, 0x00, 0x1e, 0x01, 0xfd, 0x00, 0x23,
  0x00, 0x00, 0x00, 0x18, 0x00, 0x00, 0x00, 0x18, 0x00, 0x00, 0x00, 0x1f,
  0x00, 0x00, 0x00, 0x1f, 0x00, 0x00, 0x00, 0x1f, 0x00, 0x00, 0x00, 0x1f,
  0x00, 0x00, 0x00, 0x11, 0x00, 0x00, 0x00, 0x11, 0x00, 0x00, 0x00, 0x11,
  0x00, 0x00, 0x00, 0x11, 0x00, 0x35, 0x00, 0x00, 0x00, 0x01, 0x00, 0x00,
  0x07, 0x6c, 0xfe, 0x3e, 0x00, 0x00, 0x09, 0xd1, 0xfe, 0xdb, 0xfc, 0xe5,
  0x09, 0x59, 0x00, 0x01, 0x00, 0x00, 0x00, 0x00, 0x00, 0x00, 0x00, 0x00,
  0x00, 0x00, 0x00, 0x00, 0x00, 0x00, 0x02, 0x85, 0x00, 0x04, 0x04, 0x41,
  0x02, 0xbc, 0x00, 0x05, 0x00, 0x00, 0x05, 0x14, 0x04, 0xb0, 0x00, 0x00,
  0x00, 0x96, 0x05, 0x14, 0x04, 0xb0, 0x00, 0x00, 0x02, 0xbc, 0x00, 0x8c,
  0x02, 0x6c, 0x00, 0x00, 0x00, 0x00, 0x00, 0x00, 0x00, 0x00, 0x00, 0x00,
  0x00, 0x00, 0xa0, 0x00, 0x00, 0xff, 0x40, 0x00, 0x20, 0x5b, 0x00, 0x00,
  0x00, 0x00, 0x00, 0x00, 0x00, 0x00, 0x4e, 0x4f, 0x4e, 0x45, 0x00, 0xa0,
  0x00, 0x00, 0xfb, 0x02, 0x07, 0x6c, 0xfe, 0x3e, 0x00, 0x00, 0x09, 0x0b,
  0x01, 0xef, 0x20, 0x00, 0x01, 0x93, 0x00, 0x00, 0x00, 0x00, 0x04, 0x0a,
  0x05, 0xa6, 0x00, 0x00, 0x00, 0x20, 0x00, 0x03, 0x00, 0x00, 0x00, 0x02,
  0x00, 0x00, 0x00, 0x03, 0x00, 0x00, 0x00, 0x14, 0x00, 0x03, 0x00, 0x01,
  0x00, 0x00, 0x00, 0x14, 0x00, 0x04, 0x06, 0x40, 0x00, 0x00, 0x00, 0x94,
  0x00, 0x80, 0x00, 0x06, 0x00, 0x14, 0x00, 0x00, 0x00, 0x0d, 0x00, 0x2f,
  0x00, 0x39, 0x00, 0x7e, 0x01, 0x31, 0x01, 0x48, 0x01, 0x7e, 0x01, 0x8f,
  0x01, 0x92, 0x01, 0xa1, 0x01, 0xb0, 0x01, 0xd4, 0x01, 0xeb, 0x02, 0x1b,
  0x02, 0x37, 0x02, 0x59, 0x02, 0xbc, 0x02, 0xc7, 0x02, 0xdd, 0x03, 0x04,
  0x03, 0x0c, 0x03, 0x0f, 0x03, 0x12, 0x03, 0x1b, 0x03, 0x23, 0x03, 0x28,
  0x03, 0xc0, 0x1e, 0x0d, 0x1e, 0x25, 0x1e, 0x45, 0x1e, 0x5b, 0x1e, 0x63,
  0x1e, 0x6d, 0x1e, 0x85, 0x1e, 0x93, 0x1e, 0xf9, 0x20, 0x14, 0x20, 0x1a,
  0x20, 0x1e, 0x20, 0x22, 0x20, 0x26, 0x20, 0x30, 0x20, 0x3a, 0x20, 0x44,
  0x20, 0x70, 0x20, 0x79, 0x20, 0xa1, 0x20, 0xa4, 0x20, 0xa6, 0x20, 0xa9,
  0x20, 0xac, 0x20, 0xba, 0x21, 0x13, 0x21, 0x17, 0x21, 0x20, 0x21, 0x22,
  0x21, 0x26, 0x21, 0x54, 0x21, 0x5e, 0x22, 0x02, 0x22, 0x06, 0x22, 0x0f,
  0x22, 0x12, 0x22, 0x15, 0x22, 0x1a, 0x22, 0x1e, 0x22, 0x2b, 0x22, 0x48,
  0x22, 0x60, 0x22, 0x65, 0x25, 0xca, 0xfb, 0x02, 0xff, 0xff, 0x00, 0x00,
  0x00, 0x00, 0x00, 0x0d, 0x00, 0x20, 0x00, 0x30, 0x00, 0x3a, 0x00, 0xa0,
  0x01, 0x34, 0x01, 0x4a, 0x01, 0x8f, 0x01, 0x92, 0x01, 0xa0, 0x01, 0xaf,
  0x01, 0xd4, 0x01, 0xea, 0x01, 0xfa, 0x02, 0x37, 0x02, 0x59, 0x02, 0xbb,
  0x02, 0xc6, 0x02, 0xd8, 0x03, 0x00, 0x03, 0x06, 0x03, 0x0f, 0x03, 0x11,
  0x03, 0x1b, 0x03, 0x23, 0x03, 0x26, 0x03, 0xc0, 0x1e, 0x0c, 0x1e, 0x24,
  0x1e, 0x44, 0x1e, 0x5a, 0x1e, 0x62, 0x1e, 0x6c, 0x1e, 0x80, 0x1e, 0x92,
  0x1e, 0xa0, 0x20, 0x13, 0x20, 0x18, 0x20, 0x1c, 0x20, 0x20, 0x20, 0x26,
  0x20, 0x30, 0x20, 0x39, 0x20, 0x44, 0x20, 0x70, 0x20, 0x74, 0x20, 0xa1,
  0x20, 0xa3, 0x20, 0xa6, 0x20, 0xa9, 0x20, 0xab, 0x20, 0xb9, 0x21, 0x13,
  0x21, 0x16, 0x21, 0x20, 0x21, 0x22, 0x21, 0x26, 0x21, 0x53, 0x21, 0x5b,
  0x22, 0x02, 0x22, 0x05, 0x22, 0x0f, 0x22, 0x11, 0x22, 0x15, 0x22, 0x19,
  0x22, 0x1e, 0x22, 0x2b, 0x22, 0x48, 0x22, 0x60, 0x22, 0x64, 0x25, 0xca,
  0xfb, 0x01, 0xff, 0xff, 0x02, 0x84, 0x01, 0xff, 0x00, 0x00, 0x01, 0x61,
  0x00, 0x00, 0x00, 0x00, 0x00, 0x00, 0x00, 0x00, 0xff, 0x04, 0x00, 0x81,
  0x00, 0x00, 0x00, 0x00, 0xff, 0x8f, 0x00, 0x00, 0x00, 0x00, 0xfe, 0xe2,
  0xfe, 0xa5, 0x00, 0x00, 0xff, 0xac, 0x00, 0x00, 0x00, 0x00, 0x00, 0x00,
  0xff, 0x56, 0xff, 0x55, 0xff, 0x4d, 0xff, 0x46, 0xff, 0x44, 0xfd, 0xd0,
  0x00, 0x00, 0x00, 0x00, 0x00, 0x00, 0x00, 0x00, 0x00, 0x00, 0x00, 0x00,
  0x00, 0x00, 0x00, 0x00, 0x00, 0x00, 0xe1, 0xe7, 0x00, 0x00, 0x00, 0x00,
  0x00, 0x00, 0xe1, 0xbf, 0xe2, 0x14, 0xe1, 0xcd, 0xe1, 0x93, 0xe1, 0x5d,
  0xe1, 0x5d, 0xe1, 0x6d, 0xe1, 0x71, 0xe1, 0x71, 0xe1, 0x71, 0xe1, 0x66,
  0x00, 0x00, 0xe1, 0x3e, 0x00, 0x00, 0xe1, 0x35, 0xe1, 0x2b, 0xe1, 0x16,
  0xe0, 0x86, 0xe0, 0x82, 0xe0, 0x3f, 0x00, 0x00, 0xe0, 0x2f, 0x00, 0x00,
  0xe0, 0x14, 0x00, 0x00, 0xe0, 0x1c, 0xe0, 0x10, 0xdf, 0xed, 0xdf, 0xcf,
  0x00, 0x00, 0xdc, 0x7b, 0x06, 0x8b, 0x00, 0x01, 0x00, 0x00, 0x00, 0x00,
  0x00, 0x90, 0x00, 0x00, 0x00, 0xac, 0x01, 0x34, 0x02, 0x56, 0x02, 0x7e,
  0x00, 0x00, 0x00, 0x00, 0x02, 0xe2, 0x02, 0xe4, 0x00, 0x00, 0x02, 0xe4,
  0x02, 0xe6, 0x00, 0x00, 0x00, 0x00, 0x03, 0x24, 0x00, 0x00, 0x03, 0x24,
  0x03, 0x2e, 0x03, 0x36, 0x00, 0x00, 0x00, 0x00, 0x00, 0x00, 0x00, 0x00,
  0x00, 0x00, 0x00, 0x00, 0x03, 0x36, 0x03, 0x38, 0x03, 0x3a, 0x03, 0x3c,
  0x03, 0x3e, 0x03, 0x40, 0x03, 0x42, 0x03, 0x4c, 0x03, 0x4e, 0x00, 0x00,
  0x03, 0xfe, 0x04, 0x02, 0x04, 0x06, 0x00, 0x00, 0x00, 0x00, 0x00, 0x00,
  0x00, 0x00, 0x00, 0x00, 0x00, 0x00, 0x00, 0x00, 0x00, 0x00, 0x00, 0x00,
  0x00, 0x00, 0x00, 0x00, 0x03, 0xf4, 0x00, 0x00, 0x03, 0xf4, 0x00, 0x00,
  0x00, 0x00, 0x00, 0x00, 0x00, 0x00, 0x00, 0x00, 0x00, 0x00, 0x03, 0xea,
  0x00, 0x00, 0x03, 0xea, 0x00, 0x00, 0x03, 0xea, 0x00, 0x00, 0x00, 0x00,
  0x00, 0x00, 0x00, 0x00, 0x03, 0xe4, 0x00, 0x00, 0x00, 0x00, 0x00, 0x00,
  0x02, 0x0a, 0x01, 0xe6, 0x02, 0x08, 0x01, 0xed, 0x02, 0x10, 0x02, 0x43,
  0x02, 0x47, 0x02, 0x09, 0x01, 0xf2, 0x01, 0xf3, 0x01, 0xec, 0x02, 0x2a,
  0x01, 0xe2, 0x01, 0xf8, 0x01, 0xe1, 0x01, 0xee, 0x01, 0xe3, 0x01, 0xe4,
  0x02, 0x31, 0x02, 0x2e, 0x02, 0x30, 0x01, 0xe8, 0x02, 0x46, 0x00, 0x01,
  0x00, 0x1c, 0x00, 0x1d, 0x00, 0x23, 0x00, 0x28, 0x00, 0x3c, 0x00, 0x3d,
  0x00, 0x42, 0x00, 0x46, 0x00, 0x54, 0x00, 0x56, 0x00, 0x58, 0x00, 0x5e,
  0x00, 0x5f, 0x00, 0x66, 0x00, 0x82, 0x00, 0x84, 0x00, 0x85, 0x00, 0x8c,
  0x00, 0x94, 0x00, 0x9a, 0x00, 0xaf, 0x00, 0xb0, 0x00, 0xb5, 0x00, 0xb6,
  0x00, 0xbe, 0x01, 0xf6, 0x01, 0xef, 0x01, 0xf7, 0x02, 0x38, 0x01, 0xfc,
  0x02, 0x6f, 0x00, 0xc3, 0x00, 0xde, 0x00, 0xdf, 0x00, 0xe5, 0x00, 0xea,
  0x00, 0xff, 0x01, 0x00, 0x01, 0x05, 0x01, 0x09, 0x01, 0x18, 0x01, 0x1b,
  0x01, 0x1e, 0x01, 0x24, 0x01, 0x25, 0x01, 0x2c, 0x01, 0x48, 0x01, 0x4a,
  0x01, 0x4b, 0x01, 0x52, 0x01, 0x5a, 0x01, 0x60, 0x01, 0x76, 0x01, 0x77,
  0x01, 0x7c, 0x01, 0x7d, 0x01, 0x85, 0x01, 0xf4, 0x02, 0x4f, 0x01, 0xf5,
  0x02, 0x36, 0x02, 0x0b, 0x01, 0xe7, 0x02, 0x0d, 0x02, 0x19, 0x02, 0x0f,
  0x02, 0x1b, 0x02, 0x50, 0x02, 0x49, 0x02, 0x6d, 0x02, 0x4a, 0x01, 0x8e,
  0x02, 0x04, 0x02, 0x37, 0x01, 0xf9, 0x02, 0x4b, 0x02, 0x77, 0x02, 0x4e,
  0x02, 0x34, 0x01, 0xcf, 0x01, 0xd0, 0x02, 0x70, 0x02, 0x42, 0x02, 0x48,
  0x01, 0xea, 0x02, 0x78, 0x01, 0xce, 0x01, 0x8f, 0x02, 0x05, 0x01, 0xdb,
  0x01, 0xd8, 0x01, 0xdc, 0x01, 0xe9, 0x00, 0x12, 0x00, 0x02, 0x00, 0x09,
  0x00, 0x19, 0x00, 0x10, 0x00, 0x17, 0x00, 0x1a, 0x00, 0x20, 0x00, 0x36,
  0x00, 0x29, 0x00, 0x2c, 0x00, 0x33, 0x00, 0x4e, 0x00, 0x47, 0x00, 0x49,
  0x00, 0x4b, 0x00, 0x24, 0x00, 0x65, 0x00, 0x72, 0x00, 0x67, 0x00, 0x69,
  0x00, 0x80, 0x00, 0x70, 0x02, 0x2c, 0x00, 0x7e, 0x00, 0xa1, 0x00, 0x9b,
  0x00, 0x9d, 0x00, 0x9f, 0x00, 0xb7, 0x00, 0x83, 0x01, 0x59, 0x00, 0xd4,
  0x00, 0xc4, 0x00, 0xcb, 0x00, 0xdb, 0x00, 0xd2, 0x00, 0xd9, 0x00, 0xdc,
  0x00, 0xe2, 0x00, 0xf8, 0x00, 0xeb, 0x00, 0xee, 0x00, 0xf5, 0x01, 0x12,
  0x01, 0x0b, 0x01, 0x0d, 0x01, 0x0f, 0x00, 0xe6, 0x01, 0x2b, 0x01, 0x38,
  0x01, 0x2d, 0x01, 0x2f, 0x01, 0x46, 0x01, 0x36, 0x02, 0x2d, 0x01, 0x44,
  0x01, 0x68, 0x01, 0x61, 0x01, 0x64, 0x01, 0x66, 0x01, 0x7e, 0x01, 0x49,
  0x01, 0x80, 0x00, 0x15, 0x00, 0xd7, 0x00, 0x03, 0x00, 0xc5, 0x00, 0x16,
  0x00, 0xd8, 0x00, 0x1e, 0x00, 0xe0, 0x00, 0x21, 0x00, 0xe3, 0x00, 0x22,
  0x00, 0xe4, 0x00, 0x1f, 0x00, 0xe1, 0x00, 0x25, 0x00, 0xe7, 0x00, 0x26,
  0x00, 0xe8, 0x00, 0x39, 0x00, 0xfb, 0x00, 0x2a, 0x00, 0xec, 0x00, 0x34,
  0x00, 0xf6, 0x00, 0x3a, 0x00, 0xfc, 0x00, 0x2b, 0x00, 0xed, 0x00, 0x3f,
  0x01, 0x02, 0x00, 0x3e, 0x01, 0x01, 0x00, 0x41, 0x01, 0x04, 0x00, 0x40,
  0x01, 0x03, 0x00, 0x44, 0x01, 0x07, 0x00, 0x43, 0x01, 0x06, 0x00, 0x53,
  0x01, 0x17, 0x00, 0x51, 0x01, 0x15, 0x00, 0x48, 0x01, 0x0c, 0x00, 0x52,
  0x01, 0x16, 0x00, 0x4c, 0x01, 0x0a, 0x00, 0x55, 0x01, 0x1a, 0x00, 0x57,
  0x01, 0x1c, 0x01, 0x1d, 0x00, 0x59, 0x01, 0x1f, 0x00, 0x5b, 0x01, 0x21,
  0x00, 0x5a, 0x01, 0x20, 0x00, 0x5c, 0x01, 0x22, 0x00, 0x5d, 0x01, 0x23,
  0x00, 0x60, 0x01, 0x26, 0x00, 0x62, 0x01, 0x28, 0x00, 0x61, 0x01, 0x27,
  0x00, 0x64, 0x01, 0x2a, 0x00, 0x7c, 0x01, 0x42, 0x00, 0x68, 0x01, 0x2e,
  0x00, 0x7a, 0x01, 0x40, 0x00, 0x81, 0x01, 0x47, 0x00, 0x86, 0x01, 0x4c,
  0x00, 0x88, 0x01, 0x4e, 0x00, 0x87, 0x01, 0x4d, 0x00, 0x8d, 0x01, 0x53,
  0x00, 0x90, 0x01, 0x56, 0x00, 0x8f, 0x01, 0x55, 0x00, 0x8e, 0x01, 0x54,
  0x00, 0x97, 0x01, 0x5d, 0x00, 0x96, 0x01, 0x5c, 0x00, 0x95, 0x01, 0x5b,
  0x00, 0xae, 0x01, 0x75, 0x00, 0xab, 0x01, 0x72, 0x00, 0x9c, 0x01, 0x62,
  0x00, 0xad, 0x01, 0x74, 0x00, 0xa9, 0x01, 0x70, 0x00, 0xac, 0x01, 0x73,
  0x00, 0xb2, 0x01, 0x79, 0x00, 0xb8, 0x01, 0x7f, 0x00, 0xb9, 0x00, 0xbf,
  0x01, 0x86, 0x00, 0xc1, 0x01, 0x88, 0x00, 0xc0, 0x01, 0x87, 0x00, 0x74,
  0x01, 0x3a, 0x00, 0xa3, 0x01, 0x6a, 0x00, 0x7d, 0x01, 0x43, 0x00, 0x18,
  0x00, 0xda, 0x00, 0x1b, 0x00, 0xdd, 0x00, 0x7f, 0x01, 0x45, 0x00, 0x0f,
  0x00, 0xd1, 0x00, 0x14, 0x00, 0xd6, 0x00, 0x32, 0x00, 0xf4, 0x00, 0x38,
  0x00, 0xfa, 0x00, 0x4a, 0x01, 0x0e, 0x00, 0x50, 0x01, 0x14, 0x00, 0x6f,
  0x01, 0x35, 0x00, 0x7b, 0x01, 0x41, 0x00, 0x89, 0x01, 0x4f, 0x00, 0x8b,
  0x01, 0x51, 0x00, 0x9e, 0x01, 0x65, 0x00, 0xaa, 0x01, 0x71, 0x00, 0x91,
  0x01, 0x57, 0x00, 0x98, 0x01, 0x5e, 0x02, 0x57, 0x02, 0x56, 0x02, 0x74,
  0x02, 0x6e, 0x02, 0x75, 0x02, 0x79, 0x02, 0x76, 0x02, 0x71, 0x02, 0x5a,
  0x02, 0x5b, 0x02, 0x5e, 0x02, 0x62, 0x02, 0x63, 0x02, 0x60, 0x02, 0x59,
  0x02, 0x58, 0x02, 0x64, 0x02, 0x61, 0x02, 0x5c, 0x02, 0x5f, 0x00, 0x27,
  0x00, 0xe9, 0x00, 0x45, 0x01, 0x08, 0x00, 0x63, 0x01, 0x29, 0x00, 0x8a,
  0x01, 0x50, 0x00, 0x92, 0x01, 0x58, 0x00, 0x99, 0x01, 0x5f, 0x00, 0xb4,
  0x01, 0x7b, 0x00, 0xb1, 0x01, 0x78, 0x00, 0xb3, 0x01, 0x7a, 0x00, 0xc2,
  0x01, 0x89, 0x00, 0x11, 0x00, 0xd3, 0x00, 0x13, 0x00, 0xd5, 0x00, 0x0a,
  0x00, 0xcc, 0x00, 0x0c, 0x00, 0xce, 0x00, 0x0d, 0x00, 0xcf, 0x00, 0x0e,
  0x00, 0xd0, 0x00, 0x0b, 0x00, 0xcd, 0x00, 0x04, 0x00, 0xc6, 0x00, 0x06,
  0x00, 0xc8, 0x00, 0x07, 0x00, 0xc9, 0x00, 0x08, 0x00, 0xca, 0x00, 0x05,
  0x00, 0xc7, 0x00, 0x35, 0x00, 0xf7, 0x00, 0x37, 0x00, 0xf9, 0x00, 0x3b,
  0x00, 0xfd, 0x00, 0x2d, 0x00, 0xef, 0x00, 0x2f, 0x00, 0xf1, 0x00, 0x30,
  0x00, 0xf2, 0x00, 0x31, 0x00, 0xf3, 0x00, 0x2e, 0x00, 0xf0, 0x00, 0x4f,
  0x01, 0x13, 0x00, 0x4d, 0x01, 0x11, 0x00, 0x71, 0x01, 0x37, 0x00, 0x73,
  0x01, 0x39, 0x00, 0x6a, 0x01, 0x30, 0x00, 0x6c, 0x01, 0x32, 0x00, 0x6d,
  0x01, 0x33, 0x00, 0x6e, 0x01, 0x34, 0x00, 0x6b, 0x01, 0x31, 0x00, 0x75,
  0x01, 0x3b, 0x00, 0x77, 0x01, 0x3d, 0x00, 0x78, 0x01, 0x3e, 0x00, 0x79,
  0x01, 0x3f, 0x00, 0x76, 0x01, 0x3c, 0x00, 0xa0, 0x01, 0x67, 0x00, 0xa2,
  0x01, 0x69, 0x00, 0xa4, 0x01, 0x6b, 0x00, 0xa6, 0x01, 0x6d, 0x00, 0xa7,
  0x01, 0x6e, 0x00, 0xa8, 0x01, 0x6f, 0x00, 0xa5, 0x01, 0x6c, 0x00, 0xbb,
  0x01, 0x82, 0x00, 0xba, 0x01, 0x81, 0x00, 0xbc, 0x01, 0x83, 0x00, 0xbd,
  0x01, 0x84, 0x02, 0x02, 0x02, 0x03, 0x01, 0xfe, 0x02, 0x00, 0x02, 0x01,
  0x01, 0xff, 0x02, 0x52, 0x02, 0x53, 0x01, 0xeb, 0x02, 0x18, 0x02, 0x16,
  0x02, 0x54, 0x02, 0x4c, 0x02, 0x39, 0x02, 0x3d, 0x02, 0x3f, 0x02, 0x2b,
  0x02, 0x28, 0x02, 0x40, 0x02, 0x33, 0x02, 0x32, 0xb8, 0x01, 0xff, 0x85,
  0xb0, 0x04, 0x8d, 0x00, 0x00, 0x00, 0x00, 0x11, 0x00, 0xd2, 0x00, 0x03,
  0x00, 0x01, 0x04, 0x09, 0x00, 0x00, 0x00, 0xaa, 0x00, 0x00, 0x00, 0x03,
  0x00, 0x01, 0x04, 0x09, 0x00, 0x01, 0x00, 0x16, 0x00, 0xaa, 0x00, 0x03,
  0x00, 0x01, 0x04, 0x09, 0x00, 0x02, 0x00, 0x08, 0x00, 0xc0, 0x00, 0x03,
  0x00, 0x01, 0x04, 0x09, 0x00, 0x03, 0x00, 0x34, 0x00, 0xc8, 0x00, 0x03,
  0x00, 0x01, 0x04, 0x09, 0x00, 0x04, 0x00, 0x20, 0x00, 0xfc, 0x00, 0x03,
  0x00, 0x01, 0x04, 0x09, 0x00, 0x05, 0x00, 0x1a, 0x01, 0x1c, 0x00, 0x03,
  0x00, 0x01, 0x04, 0x09, 0x00, 0x06, 0x00, 0x1e, 0x01, 0x36, 0x00, 0x03,
  0x00, 0x01, 0x04, 0x09, 0x00, 0x09, 0x00, 0xf8, 0x01, 0x54, 0x00, 0x03,
  0x00, 0x01, 0x04, 0x09, 0x00, 0x0a, 0x00, 0xfa, 0x02, 0x4c, 0x00, 0x03,
  0x00, 0x01, 0x04, 0x09, 0x00, 0x0c, 0x00, 0x7a, 0x03, 0x46, 0x00, 0x03,
  0x00, 0x01, 0x04, 0x09, 0x00, 0x0d, 0x02, 0x70, 0x03, 0xc0, 0x00, 0x03,
  0x00, 0x01, 0x04, 0x09, 0x00, 0x0e, 0x01, 0x7a, 0x06, 0x30, 0x00, 0x03,
  0x00, 0x01, 0x04, 0x09, 0x00, 0x19, 0x00, 0x1e, 0x07, 0xaa, 0x00, 0x03,
  0x00, 0x01, 0x04, 0x09, 0x01, 0x00, 0x00, 0x0c, 0x07, 0xc8, 0x00, 0x03,
  0x00, 0x01, 0x04, 0x09, 0x01, 0x07, 0x00, 0x08, 0x00, 0xc0, 0x00, 0x03,
  0x00, 0x01, 0x04, 0x09, 0x01, 0x13, 0x00, 0x0c, 0x07, 0xd4, 0x00, 0x03,
  0x00, 0x01, 0x04, 0x09, 0x01, 0x14, 0x00, 0x0a, 0x07, 0xe0, 0x00, 0x43,
  0x00, 0x6f, 0x00, 0x70, 0x00, 0x79, 0x00, 0x72, 0x00, 0x69, 0x00, 0x67,
  0x00, 0x68, 0x00, 0x74, 0x00, 0x20, 0x00, 0x32, 0x00, 0x30, 0x00, 0x31,
  0x00, 0x35, 0x00, 0x20, 0x00, 0x54, 0x00, 0x68, 0x00, 0x65, 0x00, 0x20,
  0x00, 0x50, 0x00, 0x75, 0x00, 0x62, 0x00, 0x6c, 0x00, 0x69, 0x00, 0x63,
  0x00, 0x20, 0x00, 0x53, 0x00, 0x61, 0x00, 0x6e, 0x00, 0x73, 0x00, 0x20,
  0x00, 0x50, 0x00, 0x72, 0x00, 0x6f, 0x00, 0x6a, 0x00, 0x65, 0x00, 0x63,
  0x00, 0x74, 0x00, 0x20, 0x00, 0x41, 0x00, 0x75, 0x00, 0x74, 0x00, 0x68,
  0x00, 0x6f, 0x00, 0x72, 0x00, 0x73, 0x00, 0x20, 0x00, 0x28, 0x00, 0x68,
  0x00, 0x74, 0x00, 0x74, 0x00, 0x70, 0x00, 0x73, 0x00, 0x3a, 0x00, 0x2f,
  0x00, 0x2f, 0x00, 0x67, 0x00, 0x69, 0x00, 0x74, 0x00, 0x68, 0x00, 0x75,
  0x00, 0x62, 0x00, 0x2e, 0x00, 0x63, 0x00, 0x6f, 0x00, 0x6d, 0x00, 0x2f,
  0x00, 0x75, 0x00, 0x73, 0x00, 0x77, 0x00, 0x64, 0x00, 0x73, 0x00, 0x2f,
  0x00, 0x70, 0x00, 0x75, 0x00, 0x62, 0x00, 0x6c, 0x00, 0x69, 0x00, 0x63,
  0x00, 0x2d, 0x00, 0x73, 0x00, 0x61, 0x00, 0x6e, 0x00, 0x73, 0x00, 0x29,
  0x00, 0x50, 0x00, 0x75, 0x00, 0x62, 0x00, 0x6c, 0x00, 0x69, 0x00, 0x63,
  0x00, 0x20, 0x00, 0x53, 0x00, 0x61, 0x00, 0x6e, 0x00, 0x73, 0x00, 0x42,
  0x00, 0x6f, 0x00, 0x6c, 0x00, 0x64, 0x00, 0x32, 0x00, 0x2e, 0x00, 0x30,
  0x00, 0x30, 0x00, 0x31, 0x00, 0x3b, 0x00, 0x4e, 0x00, 0x4f, 0x00, 0x4e,
  0x00, 0x45, 0x00, 0x3b, 0x00, 0x50, 0x00, 0x75, 0x00, 0x62, 0x00, 0x6c,
  0x00, 0x69, 0x00, 0x63, 0x00, 0x53, 0x00, 0x61, 0x00, 0x6e, 0x00, 0x73,
  0x00, 0x2d, 0x00, 0x42, 0x00, 0x6f, 0x00, 0x6c, 0x00, 0x64, 0x00, 0x50,
  0x00, 0x75, 0x00, 0x62, 0x00, 0x6c, 0x00, 0x69, 0x00, 0x63, 0x00, 0x20,
  0x00, 0x53, 0x00, 0x61, 0x00, 0x6e, 0x00, 0x73, 0x00, 0x20, 0x00, 0x42,
  0x00, 0x6f, 0x00, 0x6c, 0x00, 0x64, 0x00, 0x56, 0x00, 0x65, 0x00, 0x72,
  0x00, 0x73, 0x00, 0x69, 0x00, 0x6f, 0x00, 0x6e, 0x00, 0x20, 0x00, 0x32,
  0x00, 0x2e, 0x00, 0x30, 0x00, 0x30, 0x00, 0x31, 0x00, 0x50, 0x00, 0x75,
  0x00, 0x62, 0x00, 0x6c, 0x00, 0x69, 0x00, 0x63, 0x00, 0x53, 0x00, 0x61,
  0x00, 0x6e, 0x00, 0x73, 0x00, 0x2d, 0x00, 0x42, 0x00, 0x6f, 0x00, 0x6c,
  0x00, 0x64, 0x00, 0x54, 0x00, 0x68, 0x00, 0x65, 0x00, 0x20, 0x00, 0x50,
  0x00, 0x75, 0x00, 0x62, 0x00, 0x6c, 0x00, 0x69, 0x00, 0x63, 0x00, 0x20,
  0x00, 0x53, 0x00, 0x61, 0x00, 0x6e, 0x00, 0x73, 0x00, 0x20, 0x00, 0x70,
  0x00, 0x72, 0x00, 0x6f, 0x00, 0x6a, 0x00, 0x65, 0x00, 0x63, 0x00, 0x74,
  0x00, 0x20, 0x00, 0x61, 0x00, 0x75, 0x00, 0x74, 0x00, 0x68, 0x00, 0x6f,
  0x00, 0x72, 0x00, 0x73, 0x00, 0x20, 0x00, 0x28, 0x00, 0x55, 0x00, 0x2e,
  0x00, 0x53, 0x00, 0x2e, 0x00, 0x20, 0x00, 0x57, 0x00, 0x65, 0x00, 0x62,
  0x00, 0x20, 0x00, 0x44, 0x00, 0x65, 0x00, 0x73, 0x00, 0x69, 0x00, 0x67,
  0x00, 0x6e, 0x00, 0x20, 0x00, 0x53, 0x00, 0x79, 0x00, 0x73, 0x00, 0x74,
  0x00, 0x65, 0x00, 0x6d, 0x00, 0x29, 0x00, 0x2e, 0x00, 0x20, 0x00, 0x4c,
  0x00, 0x69, 0x00, 0x62, 0x00, 0x72, 0x00, 0x65, 0x00, 0x20, 0x00, 0x46,
  0x00, 0x72, 0x00, 0x61, 0x00, 0x6e, 0x00, 0x6b, 0x00, 0x6c, 0x00, 0x69,
  0x00, 0x6e, 0x00, 0x20, 0x00, 0x64, 0x00, 0x65, 0x00, 0x73, 0x00, 0x69,
  0x00, 0x67, 0x00, 0x6e, 0x00, 0x65, 0x00, 0x64, 0x00, 0x20, 0x00, 0x62,
  0x00, 0x79, 0x00, 0x20, 0x00, 0x50, 0x00, 0x61, 0x00, 0x62, 0x00, 0x6c,
  0x00, 0x6f, 0x00, 0x20, 0x00, 0x49, 0x00, 0x6d, 0x00, 0x70, 0x00, 0x61,
  0x00, 0x6c, 0x00, 0x6c, 0x00, 0x61, 0x00, 0x72, 0x00, 0x69, 0x00, 0x20,
  0x00, 0x61, 0x00, 0x6e, 0x00, 0x64, 0x00, 0x20, 0x00, 0x52, 0x00, 0x6f,
  0x00, 0x64, 0x00, 0x72, 0x00, 0x69, 0x00, 0x67, 0x00, 0x6f, 0x00, 0x20,
  0x00, 0x46, 0x00, 0x75, 0x00, 0x65, 0x00, 0x6e, 0x00, 0x7a, 0x00, 0x61,
  0x00, 0x6c, 0x00, 0x69, 0x00, 0x64, 0x00, 0x61, 0x00, 0x2e, 0x00, 0x50,
  0x00, 0x75, 0x00, 0x62, 0x00, 0x6c, 0x00, 0x69, 0x00, 0x63, 0x00, 0x20,
  0x00, 0x53, 0x00, 0x61, 0x00, 0x6e, 0x00, 0x73, 0x00, 0x20, 0x00, 0x69,
  0x00, 0x73, 0x00, 0x20, 0x00, 0x62, 0x00, 0x61, 0x00, 0x73, 0x00, 0x65,
  0x00, 0x64, 0x00, 0x20, 0x00, 0x6f, 0x00, 0x6e, 0x00, 0x20, 0x00, 0x4c,
  0x00, 0x69, 0x00, 0x62, 0x00, 0x72, 0x00, 0x65, 0x00, 0x20, 0x00, 0x46,
  0x00, 0x72, 0x00, 0x61, 0x00, 0x6e, 0x00, 0x6b, 0x00, 0x6c, 0x00, 0x69,
  0x00, 0x6e, 0x00, 0x2c, 0x00, 0x20, 0x00, 0x77, 0x00, 0x68, 0x00, 0x69,
  0x00, 0x63, 0x00, 0x68, 0x00, 0x20, 0x00, 0x69, 0x00, 0x73, 0x00, 0x20,
  0x00, 0x61, 0x00, 0x20, 0x00, 0x72, 0x00, 0x65, 0x00, 0x69, 0x00, 0x6e,
  0x00, 0x74, 0x00, 0x65, 0x00, 0x72, 0x00, 0x70, 0x00, 0x72, 0x00, 0x65,
  0x00, 0x74, 0x00, 0x61, 0x00, 0x74, 0x00, 0x69, 0x00, 0x6f, 0x00, 0x6e,
  0x00, 0x20, 0x00, 0x61, 0x00, 0x6e, 0x00, 0x64, 0x00, 0x20, 0x00, 0x65,
  0x00, 0x78, 0x00, 0x70, 0x00, 0x61, 0x00, 0x6e, 0x00, 0x73, 0x00, 0x69,
  0x00, 0x6f, 0x00, 0x6e, 0x00, 0x20, 0x00, 0x6f, 0x00, 0x66, 0x00, 0x20,
  0x00, 0x74, 0x00, 0x68, 0x00, 0x65, 0x00, 0x20, 0x00, 0x31, 0x00, 0x39,
  0x00, 0x31, 0x00, 0x32, 0x00, 0x20, 0x00, 0x4d, 0x00, 0x6f, 0x00, 0x72,
  0x00, 0x72, 0x00, 0x69, 0x00, 0x73, 0x00, 0x20, 0x00, 0x46, 0x00, 0x75,
  0x00, 0x6c, 0x00, 0x6c, 0x00, 0x65, 0x00, 0x72, 0x00, 0x20, 0x00, 0x42,
  0x00, 0x65, 0x00, 0x6e, 0x00, 0x74, 0x00, 0x6f, 0x00, 0x6e, 0x20, 0x19,
  0x00, 0x73, 0x00, 0x20, 0x00, 0x63, 0x00, 0x6c, 0x00, 0x61, 0x00, 0x73,
  0x00, 0x73, 0x00, 0x69, 0x00, 0x63, 0x00, 0x2e, 0x00, 0x68, 0x00, 0x74,
  0x00, 0x74, 0x00, 0x70, 0x00, 0x73, 0x00, 0x3a, 0x00, 0x2f, 0x00, 0x2f,
  0x00, 0x64, 0x00, 0x65, 0x00, 0x73, 0x00, 0x69, 0x00, 0x67, 0x00, 0x6e,
  0x00, 0x73, 0x00, 0x79, 0x00, 0x73, 0x00, 0x74, 0x00, 0x65, 0x00, 0x6d,
  0x00, 0x2e, 0x00, 0x64, 0x00, 0x69, 0x00, 0x67, 0x00, 0x69, 0x00, 0x74,
  0x00, 0x61, 0x00, 0x6c, 0x00, 0x2e, 0x00, 0x67, 0x00, 0x6f, 0x00, 0x76,
  0x00, 0x20, 0x00, 0x61, 0x00, 0x6e, 0x00, 0x64, 0x00, 0x20, 0x00, 0x68,
  0x00, 0x74, 0x00, 0x74, 0x00, 0x70, 0x00, 0x3a, 0x00, 0x2f, 0x00, 0x2f,
  0x00, 0x77, 0x00, 0x77, 0x00, 0x77, 0x00, 0x2e, 0x00, 0x69, 0x00, 0x6d,
  0x00, 0x70, 0x00, 0x61, 0x00, 0x6c, 0x00, 0x6c, 0x00, 0x61, 0x00, 0x72,
  0x00, 0x69, 0x00, 0x2e, 0x00, 0x63, 0x00, 0x6f, 0x00, 0x6d, 0x00, 0x54,
  0x00, 0x68, 0x00, 0x69, 0x00, 0x73, 0x00, 0x20, 0x00, 0x46, 0x00, 0x6f,
  0x00, 0x6e, 0x00, 0x74, 0x00, 0x20, 0x00, 0x53, 0x00, 0x6f, 0x00, 0x66,
  0x00, 0x74, 0x00, 0x77, 0x00, 0x61, 0x00, 0x72, 0x00, 0x65, 0x00, 0x20,
  0x00, 0x69, 0x00, 0x73, 0x00, 0x20, 0x00, 0x6c, 0x00, 0x69, 0x00, 0x63,
  0x00, 0x65, 0x00, 0x6e, 0x00, 0x73, 0x00, 0x65, 0x00, 0x64, 0x00, 0x20,
  0x00, 0x75, 0x00, 0x6e, 0x00, 0x64, 0x00, 0x65, 0x00, 0x72, 0x00, 0x20,
  0x00, 0x74, 0x00, 0x68, 0x00, 0x65, 0x00, 0x20, 0x00, 0x53, 0x00, 0x49,
  0x00, 0x4c, 0x00, 0x20, 0x00, 0x4f, 0x00, 0x70, 0x00, 0x65, 0x00, 0x6e,
  0x00, 0x20, 0x00, 0x46, 0x00, 0x6f, 0x00, 0x6e, 0x00, 0x74, 0x00, 0x20,
  0x00, 0x4c, 0x00, 0x69, 0x00, 0x63, 0x00, 0x65, 0x00, 0x6e, 0x00, 0x73,
  0x00, 0x65, 0x00, 0x2c, 0x00, 0x20, 0x00, 0x56, 0x00, 0x65, 0x00, 0x72,
  0x00, 0x73, 0x00, 0x69, 0x00, 0x6f, 0x00, 0x6e, 0x00, 0x20, 0x00, 0x31,
  0x00, 0x2e, 0x00, 0x31, 0x00, 0x2e, 0x00, 0x20, 0x00, 0x54, 0x00, 0x68,
  0x00, 0x69, 0x00, 0x73, 0x00, 0x20, 0x00, 0x6c, 0x00, 0x69, 0x00, 0x63,
  0x00, 0x65, 0x00, 0x6e, 0x00, 0x73, 0x00, 0x65, 0x00, 0x20, 0x00, 0x69,
  0x00, 0x73, 0x00, 0x20, 0x00, 0x61, 0x00, 0x76, 0x00, 0x61, 0x00, 0x69,
  0x00, 0x6c, 0x00, 0x61, 0x00, 0x62, 0x00, 0x6c, 0x00, 0x65, 0x00, 0x20,
  0x00, 0x77, 0x00, 0x69, 0x00, 0x74, 0x00, 0x68, 0x00, 0x20, 0x00, 0x61,
  0x00, 0x20, 0x00, 0x46, 0x00, 0x41, 0x00, 0x51, 0x00, 0x20, 0x00, 0x61,
  0x00, 0x74, 0x00, 0x3a, 0x00, 0x20, 0x00, 0x68, 0x00, 0x74, 0x00, 0x74,
  0x00, 0x70, 0x00, 0x73, 0x00, 0x3a, 0x00, 0x2f, 0x00, 0x2f, 0x00, 0x73,
  0x00, 0x63, 0x00, 0x72, 0x00, 0x69, 0x00, 0x70, 0x00, 0x74, 0x00, 0x73,
  0x00, 0x2e, 0x00, 0x73, 0x00, 0x69, 0x00, 0x6c, 0x00, 0x2e, 0x00, 0x6f,
  0x00, 0x72, 0x00, 0x67, 0x00, 0x2f, 0x00, 0x4f, 0x00, 0x46, 0x00, 0x4c,
  0x00, 0x2e, 0x00, 0x20, 0x00, 0x54, 0x00, 0x68, 0x00, 0x65, 0x00, 0x20,
  0x00, 0x6c, 0x00, 0x69, 0x00, 0x63, 0x00, 0x65, 0x00, 0x6e, 0x00, 0x73,
  0x00, 0x65, 0x00, 0x20, 0x00, 0x66, 0x00, 0x6f, 0x00, 0x72, 0x00, 0x20,
  0x00, 0x55, 0x00, 0x53, 0x00, 0x57, 0x00, 0x44, 0x00, 0x53, 0x20, 0x19,
  0x00, 0x73, 0x00, 0x20, 0x00, 0x4d, 0x00, 0x6f, 0x00, 0x64, 0x00, 0x69,
  0x00, 0x66, 0x00, 0x69, 0x00, 0x65, 0x00, 0x64, 0x00, 0x20, 0x00, 0x56,
  0x00, 0x65, 0x00, 0x72, 0x00, 0x73, 0x00, 0x69, 0x00, 0x6f, 0x00, 0x6e,
  0x00, 0x2c, 0x00, 0x20, 0x00, 0x63, 0x00, 0x6f, 0x00, 0x76, 0x00, 0x65,
  0x00, 0x72, 0x00, 0x69, 0x00, 0x6e, 0x00, 0x67, 0x00, 0x20, 0x00, 0x55,
  0x00, 0x53, 0x00, 0x57, 0x00, 0x44, 0x00, 0x53, 0x20, 0x19, 0x00, 0x73,
  0x00, 0x20, 0x00, 0x6d, 0x00, 0x6f, 0x00, 0x64, 0x00, 0x69, 0x00, 0x66,
  0x00, 0x69, 0x00, 0x63, 0x00, 0x61, 0x00, 0x74, 0x00, 0x69, 0x00, 0x6f,
  0x00, 0x6e, 0x00, 0x73, 0x00, 0x20, 0x00, 0x74, 0x00, 0x6f, 0x00, 0x20,
  0x00, 0x50, 0x00, 0x75, 0x00, 0x62, 0x00, 0x6c, 0x00, 0x69, 0x00, 0x63,
  0x00, 0x20, 0x00, 0x53, 0x00, 0x61, 0x00, 0x6e, 0x00, 0x73, 0x00, 0x2c,
  0x00, 0x20, 0x00, 0x69, 0x00, 0x73, 0x00, 0x20, 0x00, 0x61, 0x00, 0x76,
  0x00, 0x61, 0x00, 0x69, 0x00, 0x6c, 0x00, 0x61, 0x00, 0x62, 0x00, 0x6c,
  0x00, 0x65, 0x00, 0x20, 0x00, 0x61, 0x00, 0x74, 0x00, 0x20, 0x00, 0x68,
  0x00, 0x74, 0x00, 0x74, 0x00, 0x70, 0x00, 0x73, 0x00, 0x3a, 0x00, 0x2f,
  0x00, 0x2f, 0x00, 0x67, 0x00, 0x69, 0x00, 0x74, 0x00, 0x68, 0x00, 0x75,
  0x00, 0x62, 0x00, 0x2e, 0x00, 0x63, 0x00, 0x6f, 0x00, 0x6d, 0x00, 0x2f,
  0x00, 0x75, 0x00, 0x73, 0x00, 0x77, 0x00, 0x64, 0x00, 0x73, 0x00, 0x2f,
  0x00, 0x70, 0x00, 0x75, 0x00, 0x62, 0x00, 0x6c, 0x00, 0x69, 0x00, 0x63,
  0x00, 0x2d, 0x00, 0x73, 0x00, 0x61, 0x00, 0x6e, 0x00, 0x73, 0x00, 0x2f,
  0x00, 0x62, 0x00, 0x6c, 0x00, 0x6f, 0x00, 0x62, 0x00, 0x2f, 0x00, 0x6d,
  0x00, 0x61, 0x00, 0x73, 0x00, 0x74, 0x00, 0x65, 0x00, 0x72, 0x00, 0x2f,
  0x00, 0x4c, 0x00, 0x49, 0x00, 0x43, 0x00, 0x45, 0x00, 0x4e, 0x00, 0x53,
  0x00, 0x45, 0x00, 0x2e, 0x00, 0x6d, 0x00, 0x64, 0x00, 0x2e, 0x00, 0x53,
  0x00, 0x49, 0x00, 0x4c, 0x00, 0x20, 0x00, 0x4f, 0x00, 0x70, 0x00, 0x65,
  0x00, 0x6e, 0x00, 0x20, 0x00, 0x46, 0x00, 0x6f, 0x00, 0x6e, 0x00, 0x74,
  0x00, 0x20, 0x00, 0x4c, 0x00, 0x69, 0x00, 0x63, 0x00, 0x65, 0x00, 0x6e,
  0x00, 0x73, 0x00, 0x65, 0x00, 0x2c, 0x00, 0x20, 0x00, 0x56, 0x00, 0x65,
  0x00, 0x72, 0x00, 0x73, 0x00, 0x69, 0x00, 0x6f, 0x00, 0x6e, 0x00, 0x20,
  0x00, 0x31, 0x00, 0x2e, 0x00, 0x31, 0x00, 0x3a, 0x00, 0x20, 0x00, 0x68,
  0x00, 0x74, 0x00, 0x74, 0x00, 0x70, 0x00, 0x73, 0x00, 0x3a, 0x00, 0x2f,
  0x00, 0x2f, 0x00, 0x73, 0x00, 0x63, 0x00, 0x72, 0x00, 0x69, 0x00, 0x70,
  0x00, 0x74, 0x00, 0x73, 0x00, 0x2e, 0x00, 0x73, 0x00, 0x69, 0x00, 0x6c,
  0x00, 0x2e, 0x00, 0x6f, 0x00, 0x72, 0x00, 0x67, 0x00, 0x2f, 0x00, 0x63,
  0x00, 0x6d, 0x00, 0x73, 0x00, 0x2f, 0x00, 0x73, 0x00, 0x63, 0x00, 0x72,
  0x00, 0x69, 0x00, 0x70, 0x00, 0x74, 0x00, 0x73, 0x00, 0x2f, 0x00, 0x70,
  0x00, 0x61, 0x00, 0x67, 0x00, 0x65, 0x00, 0x2e, 0x00, 0x70, 0x00, 0x68,
  0x00, 0x70, 0x00, 0x3f, 0x00, 0x73, 0x00, 0x69, 0x00, 0x74, 0x00, 0x65,
  0x00, 0x5f, 0x00, 0x69, 0x00, 0x64, 0x00, 0x3d, 0x00, 0x6e, 0x00, 0x72,
  0x00, 0x73, 0x00, 0x69, 0x00, 0x26, 0x00, 0x69, 0x00, 0x64, 0x00, 0x3d,
  0x00, 0x4f, 0x00, 0x46, 0x00, 0x4c, 0x00, 0x5f, 0x00, 0x77, 0x00, 0x65,
  0x00, 0x62, 0x00, 0x3b, 0x00, 0x20, 0x00, 0x55, 0x00, 0x53, 0x00, 0x57,
  0x00, 0x44, 0x00, 0x53, 0x00, 0x20, 0x00, 0x4d, 0x00, 0x6f, 0x00, 0x64,
  0x00, 0x69, 0x00, 0x66, 0x00, 0x69, 0x00, 0x65, 0x00, 0x64, 0x00, 0x20,
  0x00, 0x56, 0x00, 0x65, 0x00, 0x72, 0x00, 0x73, 0x00, 0x69, 0x00, 0x6f,
  0x00, 0x6e, 0x00, 0x3a, 0x00, 0x20, 0x00, 0x68, 0x00, 0x74, 0x00, 0x74,
  0x00, 0x70, 0x00, 0x73, 0x00, 0x3a, 0x00, 0x2f, 0x00, 0x2f, 0x00, 0x67,
  0x00, 0x69, 0x00, 0x74, 0x00, 0x68, 0x00, 0x75, 0x00, 0x62, 0x00, 0x2e,
  0x00, 0x63, 0x00, 0x6f, 0x00, 0x6d, 0x00, 0x2f, 0x00, 0x75, 0x00, 0x73,
  0x00, 0x77, 0x00, 0x64, 0x00, 0x73, 0x00, 0x2f, 0x00, 0x70, 0x00, 0x75,
  0x00, 0x62, 0x00, 0x6c, 0x00, 0x69, 0x00, 0x63, 0x00, 0x2d, 0x00, 0x73,
  0x00, 0x61, 0x00, 0x6e, 0x00, 0x73, 0x00, 0x2f, 0x00, 0x62, 0x00, 0x6c,
  0x00, 0x6f, 0x00, 0x62, 0x00, 0x2f, 0x00, 0x6d, 0x00, 0x61, 0x00, 0x73,
  0x00, 0x74, 0x00, 0x65, 0x00, 0x72, 0x00, 0x2f, 0x00, 0x4c, 0x00, 0x49,
  0x00, 0x43, 0x00, 0x45, 0x00, 0x4e, 0x00, 0x53, 0x00, 0x45, 0x00, 0x2e,
  0x00, 0x6d, 0x00, 0x64, 0x00, 0x50, 0x00, 0x75, 0x00, 0x62, 0x00, 0x6c,
  0x00, 0x69, 0x00, 0x63, 0x00, 0x53, 0x00, 0x61, 0x00, 0x6e, 0x00, 0x73,
  0x00, 0x52, 0x00, 0x6f, 0x00, 0x6d, 0x00, 0x61, 0x00, 0x6e, 0x00, 0x57,
  0x00, 0x65, 0x00, 0x69, 0x00, 0x67, 0x00, 0x68, 0x00, 0x74, 0x00, 0x49,
  0x00, 0x74, 0x00, 0x61, 0x00, 0x6c, 0x00, 0x69, 0x00, 0x63, 0x00, 0x52,
  0x00, 0x6f, 0x00, 0x6d, 0x00, 0x61, 0x00, 0x6e, 0x00, 0x02, 0x00, 0x00,
  0x00, 0x00, 0x00, 0x00, 0xfe, 0x8e, 0x00, 0x8c, 0x00, 0x00, 0x00, 0x00,
  0x00, 0x00, 0x00, 0x00, 0x00, 0x00, 0x00, 0x00, 0x00, 0x00, 0x00, 0x00,
  0x00, 0x00, 0x00, 0x00, 0x02, 0x85, 0x00, 0x00, 0x00, 0x24, 0x00, 0xc9,
  0x01, 0x02, 0x01, 0x03, 0x01, 0x04, 0x01, 0x05, 0x01, 0x06, 0x01, 0x07,
  0x00, 0xc7, 0x01, 0x08, 0x01, 0x09, 0x01, 0x0a, 0x01, 0x0b, 0x01, 0x0c,
  0x01, 0x0d, 0x00, 0x62, 0x01, 0x0e, 0x00, 0xad, 0x01, 0x0f, 0x01, 0x10,
  0x01, 0x11, 0x01, 0x12, 0x00, 0x63, 0x01, 0x13, 0x00, 0xae, 0x00, 0x90,
  0x01, 0x14, 0x00, 0x25, 0x00, 0x26, 0x00, 0xfd, 0x00, 0xff, 0x00, 0x64,
  0x01, 0x15, 0x01, 0x16, 0x00, 0x27, 0x00, 0xe9, 0x01, 0x17, 0x01, 0x18,
  0x01, 0x19, 0x00, 0x28, 0x00, 0x65, 0x01, 0x1a, 0x01, 0x1b, 0x00, 0xc8,
  0x01, 0x1c, 0x01, 0x1d, 0x01, 0x1e, 0x01, 0x1f, 0x01, 0x20, 0x01, 0x21,
  0x00, 0xca, 0x01, 0x22, 0x01, 0x23, 0x00, 0xcb, 0x01, 0x24, 0x01, 0x25,
  0x01, 0x26, 0x01, 0x27, 0x01, 0x28, 0x00, 0x29, 0x00, 0x2a, 0x00, 0xf8,
  0x01, 0x29, 0x01, 0x2a, 0x01, 0x2b, 0x00, 0x2b, 0x01, 0x2c, 0x01, 0x2d,
  0x01, 0x2e, 0x00, 0x2c, 0x00, 0xcc, 0x01, 0x2f, 0x00, 0xcd, 0x01, 0x30,
  0x00, 0xce, 0x00, 0xfa, 0x01, 0x31, 0x00, 0xcf, 0x01, 0x32, 0x01, 0x33,
  0x01, 0x34, 0x01, 0x35, 0x01, 0x36, 0x00, 0x2d, 0x01, 0x37, 0x00, 0x2e,
  0x01, 0x38, 0x00, 0x2f, 0x01, 0x39, 0x01, 0x3a, 0x01, 0x3b, 0x01, 0x3c,
  0x00, 0xe2, 0x00, 0x30, 0x00, 0x31, 0x01, 0x3d, 0x01, 0x3e, 0x01, 0x3f,
  0x01, 0x40, 0x01, 0x41, 0x00, 0x66, 0x00, 0x32, 0x00, 0xd0, 0x01, 0x42,
  0x00, 0xd1, 0x01, 0x43, 0x01, 0x44, 0x01, 0x45, 0x01, 0x46, 0x01, 0x47,
  0x01, 0x48, 0x00, 0x67, 0x01, 0x49, 0x00, 0xd3, 0x01, 0x4a, 0x01, 0x4b,
  0x01, 0x4c, 0x01, 0x4d, 0x01, 0x4e, 0x01, 0x4f, 0x01, 0x50, 0x01, 0x51,
  0x01, 0x52, 0x01, 0x53, 0x01, 0x54, 0x00, 0x91, 0x01, 0x55, 0x00, 0xaf,
  0x00, 0xb0, 0x00, 0x33, 0x00, 0xed, 0x00, 0x34, 0x00, 0x35, 0x01, 0x56,
  0x01, 0x57, 0x01, 0x58, 0x01, 0x59, 0x01, 0x5a, 0x01, 0x5b, 0x00, 0x36,
  0x01, 0x5c, 0x00, 0xe4, 0x00, 0xfb, 0x01, 0x5d, 0x01, 0x5e, 0x01, 0x5f,
  0x01, 0x60, 0x00, 0x37, 0x01, 0x61, 0x01, 0x62, 0x01, 0x63, 0x01, 0x64,
  0x01, 0x65, 0x00, 0x38, 0x00, 0xd4, 0x01, 0x66, 0x00, 0xd5, 0x01, 0x67,
  0x00, 0x68, 0x01, 0x68, 0x00, 0xd6, 0x01, 0x69, 0x01, 0x6a, 0x01, 0x6b,
  0x01, 0x6c, 0x01, 0x6d, 0x01, 0x6e, 0x01, 0x6f, 0x01, 0x70, 0x01, 0x71,
  0x01, 0x72, 0x01, 0x73, 0x01, 0x74, 0x01, 0x75, 0x00, 0x39, 0x00, 0x3a,
  0x01, 0x76, 0x01, 0x77, 0x01, 0x78, 0x01, 0x79, 0x00, 0x3b, 0x00, 0x3c,
  0x00, 0xeb, 0x01, 0x7a, 0x00, 0xbb, 0x01, 0x7b, 0x01, 0x7c, 0x01, 0x7d,
  0x01, 0x7e, 0x00, 0x3d, 0x01, 0x7f, 0x00, 0xe6, 0x01, 0x80, 0x01, 0x81,
  0x00, 0x44, 0x00, 0x69, 0x01, 0x82, 0x01, 0x83, 0x01, 0x84, 0x01, 0x85,
  0x01, 0x86, 0x01, 0x87, 0x00, 0x6b, 0x01, 0x88, 0x01, 0x89, 0x01, 0x8a,
  0x01, 0x8b, 0x01, 0x8c, 0x01, 0x8d, 0x00, 0x6c, 0x01, 0x8e, 0x00, 0x6a,
  0x01, 0x8f, 0x01, 0x90, 0x01, 0x91, 0x01, 0x92, 0x00, 0x6e, 0x01, 0x93,
  0x00, 0x6d, 0x00, 0xa0, 0x01, 0x94, 0x00, 0x45, 0x00, 0x46, 0x00, 0xfe,
  0x01, 0x00, 0x00, 0x6f, 0x01, 0x95, 0x01, 0x96, 0x00, 0x47, 0x00, 0xea,
  0x01, 0x97, 0x01, 0x01, 0x01, 0x98, 0x00, 0x48, 0x00, 0x70, 0x01, 0x99,
  0x01, 0x9a, 0x00, 0x72, 0x01, 0x9b, 0x01, 0x9c, 0x01, 0x9d, 0x01, 0x9e,
  0x01, 0x9f, 0x01, 0xa0, 0x00, 0x73, 0x01, 0xa1, 0x01, 0xa2, 0x00, 0x71,
  0x01, 0xa3, 0x01, 0xa4, 0x01, 0xa5, 0x01, 0xa6, 0x01, 0xa7, 0x01, 0xa8,
  0x00, 0x49, 0x00, 0x4a, 0x00, 0xf9, 0x01, 0xa9, 0x01, 0xaa, 0x01, 0xab,
  0x00, 0x4b, 0x01, 0xac, 0x01, 0xad, 0x01, 0xae, 0x00, 0x4c, 0x00, 0xd7,
  0x00, 0x74, 0x01, 0xaf, 0x00, 0x76, 0x01, 0xb0, 0x00, 0x77, 0x01, 0xb1,
  0x01, 0xb2, 0x00, 0x75, 0x01, 0xb3, 0x01, 0xb4, 0x01, 0xb5, 0x01, 0xb6,
  0x01, 0xb7, 0x00, 0x4d, 0x01, 0xb8, 0x01, 0xb9, 0x00, 0x4e, 0x01, 0xba,
  0x01, 0xbb, 0x00, 0x4f, 0x01, 0xbc, 0x01, 0xbd, 0x01, 0xbe, 0x01, 0xbf,
  0x00, 0xe3, 0x00, 0x50, 0x00, 0x51, 0x01, 0xc0, 0x01, 0xc1, 0x01, 0xc2,
  0x01, 0xc3, 0x01, 0xc4, 0x00, 0x78, 0x00, 0x52, 0x00, 0x79, 0x01, 0xc5,
  0x00, 0x7b, 0x01, 0xc6, 0x01, 0xc7, 0x01, 0xc8, 0x01, 0xc9, 0x01, 0xca,
  0x01, 0xcb, 0x00, 0x7c, 0x01, 0xcc, 0x00, 0x7a, 0x01, 0xcd, 0x01, 0xce,
  0x01, 0xcf, 0x01, 0xd0, 0x01, 0xd1, 0x01, 0xd2, 0x01, 0xd3, 0x01, 0xd4,
  0x01, 0xd5, 0x01, 0xd6, 0x01, 0xd7, 0x00, 0xa1, 0x01, 0xd8, 0x00, 0x7d,
  0x00, 0xb1, 0x00, 0x53, 0x00, 0xee, 0x00, 0x54, 0x00, 0x55, 0x01, 0xd9,
  0x01, 0xda, 0x01, 0xdb, 0x01, 0xdc, 0x01, 0xdd, 0x01, 0xde, 0x00, 0x56,
  0x01, 0xdf, 0x00, 0xe5, 0x00, 0xfc, 0x01, 0xe0, 0x01, 0xe1, 0x01, 0xe2,
  0x00, 0x89, 0x00, 0x57, 0x01, 0xe3, 0x01, 0xe4, 0x01, 0xe5, 0x01, 0xe6,
  0x01, 0xe7, 0x00, 0x58, 0x00, 0x7e, 0x01, 0xe8, 0x01, 0xe9, 0x00, 0x80,
  0x01, 0xea, 0x00, 0x81, 0x01, 0xeb, 0x00, 0x7f, 0x01, 0xec, 0x01, 0xed,
  0x01, 0xee, 0x01, 0xef, 0x01, 0xf0, 0x01, 0xf1, 0x01, 0xf2, 0x01, 0xf3,
  0x01, 0xf4, 0x01, 0xf5, 0x01, 0xf6, 0x01, 0xf7, 0x01, 0xf8, 0x00, 0x59,
  0x00, 0x5a, 0x01, 0xf9, 0x01, 0xfa, 0x01, 0xfb, 0x01, 0xfc, 0x00, 0x5b,
  0x00, 0x5c, 0x00, 0xec, 0x01, 0xfd, 0x00, 0xba, 0x01, 0xfe, 0x01, 0xff,
  0x02, 0x00, 0x02, 0x01, 0x00, 0x5d, 0x02, 0x02, 0x00, 0xe7, 0x02, 0x03,
  0x02, 0x04, 0x02, 0x05, 0x02, 0x06, 0x00, 0xc0, 0x00, 0xc1, 0x00, 0x9d,
  0x00, 0x9e, 0x00, 0x9b, 0x00, 0x13, 0x00, 0x14, 0x00, 0x15, 0x00, 0x16,
  0x00, 0x17, 0x00, 0x18, 0x00, 0x19, 0x00, 0x1a, 0x00, 0x1b, 0x00, 0x1c,
  0x02, 0x07, 0x02, 0x08, 0x02, 0x09, 0x02, 0x0a, 0x02, 0x0b, 0x02, 0x0c,
  0x02, 0x0d, 0x02, 0x0e, 0x02, 0x0f, 0x02, 0x10, 0x02, 0x11, 0x02, 0x12,
  0x02, 0x13, 0x02, 0x14, 0x02, 0x15, 0x02, 0x16, 0x02, 0x17, 0x02, 0x18,
  0x02, 0x19, 0x02, 0x1a, 0x02, 0x1b, 0x02, 0x1c, 0x02, 0x1d, 0x02, 0x1e,
  0x02, 0x1f, 0x02, 0x20, 0x02, 0x21, 0x02, 0x22, 0x02, 0x23, 0x02, 0x24,
  0x02, 0x25, 0x02, 0x26, 0x02, 0x27, 0x02, 0x28, 0x02, 0x29, 0x02, 0x2a,
  0x02, 0x2b, 0x02, 0x2c, 0x02, 0x2d, 0x02, 0x2e, 0x02, 0x2f, 0x02, 0x30,
  0x02, 0x31, 0x02, 0x32, 0x02, 0x33, 0x02, 0x34, 0x02, 0x35, 0x02, 0x36,
  0x02, 0x37, 0x02, 0x38, 0x02, 0x39, 0x02, 0x3a, 0x02, 0x3b, 0x02, 0x3c,
  0x02, 0x3d, 0x02, 0x3e, 0x02, 0x3f, 0x02, 0x40, 0x02, 0x41, 0x02, 0x42,
  0x00, 0xbc, 0x00, 0xf4, 0x02, 0x43, 0x02, 0x44, 0x00, 0xf5, 0x00, 0xf6,
  0x02, 0x45, 0x02, 0x46, 0x02, 0x47, 0x02, 0x48, 0x00, 0x11, 0x00, 0x0f,
  0x00, 0x1d, 0x00, 0x1e, 0x00, 0xab, 0x00, 0x04, 0x00, 0xa3, 0x00, 0x22,
  0x00, 0xa2, 0x00, 0xc3, 0x00, 0x87, 0x00, 0x0d, 0x00, 0x06, 0x00, 0x12,
  0x00, 0x3f, 0x02, 0x49, 0x02, 0x4a, 0x00, 0x0b, 0x00, 0x0c, 0x00, 0x5e,
  0x00, 0x60, 0x00, 0x3e, 0x00, 0x40, 0x00, 0x10, 0x02, 0x4b, 0x00, 0xb2,
  0x00, 0xb3, 0x00, 0x42, 0x02, 0x4c, 0x00, 0xc4, 0x00, 0xc5, 0x00, 0xb4,
  0x00, 0xb5, 0x00, 0xb6, 0x00, 0xb7, 0x00, 0xa9, 0x00, 0xaa, 0x00, 0xbe,
  0x00, 0xbf, 0x00, 0x05, 0x00, 0x0a, 0x00, 0x03, 0x02, 0x4d, 0x02, 0x4e,
  0x00, 0x84, 0x02, 0x4f, 0x00, 0xbd, 0x00, 0x07, 0x02, 0x50, 0x02, 0x51,
  0x00, 0xa6, 0x00, 0xf7, 0x02, 0x52, 0x02, 0x53, 0x02, 0x54, 0x02, 0x55,
  0x00, 0x85, 0x02, 0x56, 0x00, 0x96, 0x02, 0x57, 0x02, 0x58, 0x02, 0x59,
  0x02, 0x5a, 0x02, 0x5b, 0x02, 0x5c, 0x02, 0x5d, 0x02, 0x5e, 0x02, 0x5f,
  0x02, 0x60, 0x02, 0x61, 0x02, 0x62, 0x02, 0x63, 0x02, 0x64, 0x00, 0x0e,
  0x00, 0xef, 0x00, 0xf0, 0x00, 0xb8, 0x00, 0x20, 0x00, 0x8f, 0x00, 0x21,
  0x00, 0x1f, 0x00, 0x95, 0x00, 0x94, 0x00, 0x93, 0x00, 0xa7, 0x00, 0x61,
  0x00, 0xa4, 0x00, 0x41, 0x02, 0x65, 0x00, 0x92, 0x00, 0x9c, 0x02, 0x66,
  0x02, 0x67, 0x00, 0x9a, 0x00, 0x99, 0x00, 0xa5, 0x00, 0x98, 0x02, 0x68,
  0x00, 0x08, 0x00, 0xc6, 0x00, 0xb9, 0x00, 0x23, 0x00, 0x09, 0x00, 0x88,
  0x00, 0x86, 0x00, 0x8b, 0x00, 0x8a, 0x02, 0x69, 0x00, 0x8c, 0x00, 0x83,
  0x00, 0x5f, 0x00, 0xe8, 0x02, 0x6a, 0x00, 0x82, 0x00, 0xc2, 0x02, 0x6b,
  0x02, 0x6c, 0x02, 0x6d, 0x02, 0x6e, 0x02, 0x6f, 0x02, 0x70, 0x02, 0x71,
  0x02, 0x72, 0x02, 0x73, 0x02, 0x74, 0x02, 0x75, 0x02, 0x76, 0x02, 0x77,
  0x02, 0x78, 0x02, 0x79, 0x02, 0x7a, 0x02, 0x7b, 0x02, 0x7c, 0x02, 0x7d,
  0x02, 0x7e, 0x02, 0x7f, 0x02, 0x80, 0x02, 0x81, 0x02, 0x82, 0x02, 0x83,
  0x00, 0x8e, 0x00, 0xdc, 0x00, 0x43, 0x00, 0x8d, 0x00, 0xdf, 0x00, 0xd8,
  0x00, 0xe1, 0x00, 0xdb, 0x00, 0xdd, 0x00, 0xd9, 0x00, 0xda, 0x00, 0xde,
  0x00, 0xe0, 0x02, 0x84, 0x02, 0x85, 0x02, 0x86, 0x02, 0x87, 0x02, 0x88,
  0x02, 0x89, 0x02, 0x8a, 0x02, 0x8b, 0x02, 0x8c, 0x02, 0x8d, 0x02, 0x8e,
  0x06, 0x41, 0x62, 0x72, 0x65, 0x76, 0x65, 0x07, 0x75, 0x6e, 0x69, 0x31,
  0x45, 0x41, 0x45, 0x07, 0x75, 0x6e, 0x69, 0x31, 0x45, 0x42, 0x36, 0x07,
  0x75, 0x6e, 0x69, 0x31, 0x45, 0x42, 0x30, 0x07, 0x75, 0x6e, 0x69, 0x31,
  0x45, 0x42, 0x32, 0x07, 0x75, 0x6e, 0x69, 0x31, 0x45, 0x42, 0x34, 0x07,
  0x75, 0x6e, 0x69, 0x31, 0x45, 0x41, 0x34, 0x07, 0x75, 0x6e, 0x69, 0x31,
  0x45, 0x41, 0x43, 0x07, 0x75, 0x6e, 0x69, 0x31, 0x45, 0x41, 0x36, 0x07,
  0x75, 0x6e, 0x69, 0x31, 0x45, 0x41, 0x38, 0x07, 0x75, 0x6e, 0x69, 0x31,
  0x45, 0x41, 0x41, 0x07, 0x75, 0x6e, 0x69, 0x30, 0x32, 0x30, 0x30, 0x07,
  0x75, 0x6e, 0x69, 0x31, 0x45, 0x41, 0x30, 0x07, 0x75, 0x6e, 0x69, 0x31,
  0x45, 0x41, 0x32, 0x07, 0x75, 0x6e, 0x69, 0x30, 0x32, 0x30, 0x32, 0x07,
  0x41, 0x6d, 0x61, 0x63, 0x72, 0x6f, 0x6e, 0x07, 0x41, 0x6f, 0x67, 0x6f,
  0x6e, 0x65, 0x6b, 0x0a, 0x41, 0x72, 0x69, 0x6e, 0x67, 0x61, 0x63, 0x75,
  0x74, 0x65, 0x07, 0x41, 0x45, 0x61, 0x63, 0x75, 0x74, 0x65, 0x0b, 0x43,
  0x63, 0x69, 0x72, 0x63, 0x75, 0x6d, 0x66, 0x6c, 0x65, 0x78, 0x0a, 0x43,
  0x64, 0x6f, 0x74, 0x61, 0x63, 0x63, 0x65, 0x6e, 0x74, 0x06, 0x44, 0x63,
  0x61, 0x72, 0x6f, 0x6e, 0x06, 0x44, 0x63, 0x72, 0x6f, 0x61, 0x74, 0x07,
  0x75, 0x6e, 0x69, 0x31, 0x45, 0x30, 0x43, 0x06, 0x45, 0x62, 0x72, 0x65,
  0x76, 0x65, 0x06, 0x45, 0x63, 0x61, 0x72, 0x6f, 0x6e, 0x07, 0x75, 0x6e,
  0x69, 0x31, 0x45, 0x42, 0x45, 0x07, 0x75, 0x6e, 0x69, 0x31, 0x45, 0x43,
  0x36, 0x07, 0x75, 0x6e, 0x69, 0x31, 0x45, 0x43, 0x30, 0x07, 0x75, 0x6e,
  0x69, 0x31, 0x45, 0x43, 0x32, 0x07, 0x75, 0x6e, 0x69, 0x31, 0x45, 0x43,
  0x34, 0x07, 0x75, 0x6e, 0x69, 0x30, 0x32, 0x30, 0x34, 0x0a, 0x45, 0x64,
  0x6f, 0x74, 0x61, 0x63, 0x63, 0x65, 0x6e, 0x74, 0x07, 0x75, 0x6e, 0x69,
  0x31, 0x45, 0x42, 0x38, 0x07, 0x75, 0x6e, 0x69, 0x31, 0x45, 0x42, 0x41,
  0x07, 0x75, 0x6e, 0x69, 0x30, 0x32, 0x30, 0x36, 0x07, 0x45, 0x6d, 0x61,
  0x63, 0x72, 0x6f, 0x6e, 0x07, 0x45, 0x6f, 0x67, 0x6f, 0x6e, 0x65, 0x6b,
  0x07, 0x75, 0x6e, 0x69, 0x31, 0x45, 0x42, 0x43, 0x0b, 0x47, 0x63, 0x69,
  0x72, 0x63, 0x75, 0x6d, 0x66, 0x6c, 0x65, 0x78, 0x07, 0x75, 0x6e, 0x69,
  0x30, 0x31, 0x32, 0x32, 0x0a, 0x47, 0x64, 0x6f, 0x74, 0x61, 0x63, 0x63,
  0x65, 0x6e, 0x74, 0x04, 0x48, 0x62, 0x61, 0x72, 0x0b, 0x48, 0x63, 0x69,
  0x72, 0x63, 0x75, 0x6d, 0x66, 0x6c, 0x65, 0x78, 0x07, 0x75, 0x6e, 0x69,
  0x31, 0x45, 0x32, 0x34, 0x06, 0x49, 0x62, 0x72, 0x65, 0x76, 0x65, 0x07,
  0x75, 0x6e, 0x69, 0x30, 0x32, 0x30, 0x38, 0x07, 0x75, 0x6e, 0x69, 0x31,
  0x45, 0x43, 0x41, 0x07, 0x75, 0x6e, 0x69, 0x31, 0x45, 0x43, 0x38, 0x07,
  0x75, 0x6e, 0x69, 0x30, 0x32, 0x30, 0x41, 0x07, 0x49, 0x6d, 0x61, 0x63,
  0x72, 0x6f, 0x6e, 0x07, 0x49, 0x6f, 0x67, 0x6f, 0x6e, 0x65, 0x6b, 0x06,
  0x49, 0x74, 0x69, 0x6c, 0x64, 0x65, 0x0b, 0x4a, 0x63, 0x69, 0x72, 0x63,
  0x75, 0x6d, 0x66, 0x6c, 0x65, 0x78, 0x07, 0x75, 0x6e, 0x69, 0x30, 0x31,
  0x33, 0x36, 0x06, 0x4c, 0x61, 0x63, 0x75, 0x74, 0x65, 0x06, 0x4c, 0x63,
  0x61, 0x72, 0x6f, 0x6e, 0x07, 0x75, 0x6e, 0x69, 0x30, 0x31, 0x33, 0x42,
  0x04, 0x4c, 0x64, 0x6f, 0x74, 0x06, 0x4e, 0x61, 0x63, 0x75, 0x74, 0x65,
  0x06, 0x4e, 0x63, 0x61, 0x72, 0x6f, 0x6e, 0x07, 0x75, 0x6e, 0x69, 0x30,
  0x31, 0x34, 0x35, 0x07, 0x75, 0x6e, 0x69, 0x31, 0x45, 0x34, 0x34, 0x03,
  0x45, 0x6e, 0x67, 0x06, 0x4f, 0x62, 0x72, 0x65, 0x76, 0x65, 0x07, 0x75,
  0x6e, 0x69, 0x31, 0x45, 0x44, 0x30, 0x07, 0x75, 0x6e, 0x69, 0x31, 0x45,
  0x44, 0x38, 0x07, 0x75, 0x6e, 0x69, 0x31, 0x45, 0x44, 0x32, 0x07, 0x75,
  0x6e, 0x69, 0x31, 0x45, 0x44, 0x34, 0x07, 0x75, 0x6e, 0x69, 0x31, 0x45,
  0x44, 0x36, 0x07, 0x75, 0x6e, 0x69, 0x30, 0x32, 0x30, 0x43, 0x07, 0x75,
  0x6e, 0x69, 0x31, 0x45, 0x43, 0x43, 0x07, 0x75, 0x6e, 0x69, 0x31, 0x45,
  0x43, 0x45, 0x05, 0x4f, 0x68, 0x6f, 0x72, 0x6e, 0x07, 0x75, 0x6e, 0x69,
  0x31, 0x45, 0x44, 0x41, 0x07, 0x75, 0x6e, 0x69, 0x31, 0x45, 0x45, 0x32,
  0x07, 0x75, 0x6e, 0x69, 0x31, 0x45, 0x44, 0x43, 0x07, 0x75, 0x6e, 0x69,
  0x31, 0x45, 0x44, 0x45, 0x07, 0x75, 0x6e, 0x69, 0x31, 0x45, 0x45, 0x30,
  0x0d, 0x4f, 0x68, 0x75, 0x6e, 0x67, 0x61, 0x72, 0x75, 0x6d, 0x6c, 0x61,
  0x75, 0x74, 0x07, 0x75, 0x6e, 0x69, 0x30, 0x32, 0x30, 0x45, 0x07, 0x4f,
  0x6d, 0x61, 0x63, 0x72, 0x6f, 0x6e, 0x07, 0x75, 0x6e, 0x69, 0x30, 0x31,
  0x45, 0x41, 0x0b, 0x4f, 0x73, 0x6c, 0x61, 0x73, 0x68, 0x61, 0x63, 0x75,
  0x74, 0x65, 0x06, 0x52, 0x61, 0x63, 0x75, 0x74, 0x65, 0x06, 0x52, 0x63,
  0x61, 0x72, 0x6f, 0x6e, 0x07, 0x75, 0x6e, 0x69, 0x30, 0x31, 0x35, 0x36,
  0x07, 0x75, 0x6e, 0x69, 0x30, 0x32, 0x31, 0x30, 0x07, 0x75, 0x6e, 0x69,
  0x31, 0x45, 0x35, 0x41, 0x07, 0x75, 0x6e, 0x69, 0x30, 0x32, 0x31, 0x32,
  0x06, 0x53, 0x61, 0x63, 0x75, 0x74, 0x65, 0x0b, 0x53, 0x63, 0x69, 0x72,
  0x63, 0x75, 0x6d, 0x66, 0x6c, 0x65, 0x78, 0x07, 0x75, 0x6e, 0x69, 0x30,
  0x32, 0x31, 0x38, 0x07, 0x75, 0x6e, 0x69, 0x31, 0x45, 0x36, 0x32, 0x07,
  0x75, 0x6e, 0x69, 0x30, 0x31, 0x38, 0x46, 0x04, 0x54, 0x62, 0x61, 0x72,
  0x06, 0x54, 0x63, 0x61, 0x72, 0x6f, 0x6e, 0x07, 0x75, 0x6e, 0x69, 0x30,
  0x31, 0x36, 0x32, 0x07, 0x75, 0x6e, 0x69, 0x30, 0x32, 0x31, 0x41, 0x07,
  0x75, 0x6e, 0x69, 0x31, 0x45, 0x36, 0x43, 0x06, 0x55, 0x62, 0x72, 0x65,
  0x76, 0x65, 0x07, 0x75, 0x6e, 0x69, 0x30, 0x32, 0x31, 0x34, 0x07, 0x75,
  0x6e, 0x69, 0x31, 0x45, 0x45, 0x34, 0x07, 0x75, 0x6e, 0x69, 0x31, 0x45,
  0x45, 0x36, 0x05, 0x55, 0x68, 0x6f, 0x72, 0x6e, 0x07, 0x75, 0x6e, 0x69,
  0x31, 0x45, 0x45, 0x38, 0x07, 0x75, 0x6e, 0x69, 0x31, 0x45, 0x46, 0x30,
  0x07, 0x75, 0x6e, 0x69, 0x31, 0x45, 0x45, 0x41, 0x07, 0x75, 0x6e, 0x69,
  0x31, 0x45, 0x45, 0x43, 0x07, 0x75, 0x6e, 0x69, 0x31, 0x45, 0x45, 0x45,
  0x0d, 0x55, 0x68, 0x75, 0x6e, 0x67, 0x61, 0x72, 0x75, 0x6d, 0x6c, 0x61,
  0x75, 0x74, 0x07, 0x75, 0x6e, 0x69, 0x30, 0x32, 0x31, 0x36, 0x07, 0x55,
  0x6d, 0x61, 0x63, 0x72, 0x6f, 0x6e, 0x07, 0x55, 0x6f, 0x67, 0x6f, 0x6e,
  0x65, 0x6b, 0x05, 0x55, 0x72, 0x69, 0x6e, 0x67, 0x06, 0x55, 0x74, 0x69,
  0x6c, 0x64, 0x65, 0x06, 0x57, 0x61, 0x63, 0x75, 0x74, 0x65, 0x0b, 0x57,
  0x63, 0x69, 0x72, 0x63, 0x75, 0x6d, 0x66, 0x6c, 0x65, 0x78, 0x09, 0x57,
  0x64, 0x69, 0x65, 0x72, 0x65, 0x73, 0x69, 0x73, 0x06, 0x57, 0x67, 0x72,
  0x61, 0x76, 0x65, 0x0b, 0x59, 0x63, 0x69, 0x72, 0x63, 0x75, 0x6d, 0x66,
  0x6c, 0x65, 0x78, 0x07, 0x75, 0x6e, 0x69, 0x31, 0x45, 0x46, 0x34, 0x06,
  0x59, 0x67, 0x72, 0x61, 0x76, 0x65, 0x07, 0x75, 0x6e, 0x69, 0x31, 0x45,
  0x46, 0x36, 0x07, 0x75, 0x6e, 0x69, 0x31, 0x45, 0x46, 0x38, 0x06, 0x5a,
  0x61, 0x63, 0x75, 0x74, 0x65, 0x0a, 0x5a, 0x64, 0x6f, 0x74, 0x61, 0x63,
  0x63, 0x65, 0x6e, 0x74, 0x07, 0x75, 0x6e, 0x69, 0x31, 0x45, 0x39, 0x32,
  0x06, 0x61, 0x62, 0x72, 0x65, 0x76, 0x65, 0x07, 0x75, 0x6e, 0x69, 0x31,
  0x45, 0x41, 0x46, 0x07, 0x75, 0x6e, 0x69, 0x31, 0x45, 0x42, 0x37, 0x07,
  0x75, 0x6e, 0x69, 0x31, 0x45, 0x42, 0x31, 0x07, 0x75, 0x6e, 0x69, 0x31,
  0x45, 0x42, 0x33, 0x07, 0x75, 0x6e, 0x69, 0x31, 0x45, 0x42, 0x35, 0x07,
  0x75, 0x6e, 0x69, 0x31, 0x45, 0x41, 0x35, 0x07, 0x75, 0x6e, 0x69, 0x31,
  0x45, 0x41, 0x44, 0x07, 0x75, 0x6e, 0x69, 0x31, 0x45, 0x41, 0x37, 0x07,
  0x75, 0x6e, 0x69, 0x31, 0x45, 0x41, 0x39, 0x07, 0x75, 0x6e, 0x69, 0x31,
  0x45, 0x41, 0x42, 0x07, 0x75, 0x6e, 0x69, 0x30, 0x32, 0x30, 0x31, 0x07,
  0x75, 0x6e, 0x69, 0x31, 0x45, 0x41, 0x31, 0x07, 0x75, 0x6e, 0x69, 0x31,
  0x45, 0x41, 0x33, 0x07, 0x75, 0x6e, 0x69, 0x30, 0x32, 0x30, 0x33, 0x07,
  0x61, 0x6d, 0x61, 0x63, 0x72, 0x6f, 0x6e, 0x07, 0x61, 0x6f, 0x67, 0x6f,
  0x6e, 0x65, 0x6b, 0x0a, 0x61, 0x72, 0x69, 0x6e, 0x67, 0x61, 0x63, 0x75,
  0x74, 0x65, 0x07, 0x61, 0x65, 0x61, 0x63, 0x75, 0x74, 0x65, 0x0b, 0x63,
  0x63, 0x69, 0x72, 0x63, 0x75, 0x6d, 0x66, 0x6c, 0x65, 0x78, 0x0a, 0x63,
  0x64, 0x6f, 0x74, 0x61, 0x63, 0x63, 0x65, 0x6e, 0x74, 0x06, 0x64, 0x63,
  0x61, 0x72, 0x6f, 0x6e, 0x07, 0x75, 0x6e, 0x69, 0x31, 0x45, 0x30, 0x44,
  0x06, 0x65, 0x62, 0x72, 0x65, 0x76, 0x65, 0x06, 0x65, 0x63, 0x61, 0x72,
  0x6f, 0x6e, 0x07, 0x75, 0x6e, 0x69, 0x31, 0x45, 0x42, 0x46, 0x07, 0x75,
  0x6e, 0x69, 0x31, 0x45, 0x43, 0x37, 0x07, 0x75, 0x6e, 0x69, 0x31, 0x45,
  0x43, 0x31, 0x07, 0x75, 0x6e, 0x69, 0x31, 0x45, 0x43, 0x33, 0x07, 0x75,
  0x6e, 0x69, 0x31, 0x45, 0x43, 0x35, 0x07, 0x75, 0x6e, 0x69, 0x30, 0x32,
  0x30, 0x35, 0x0a, 0x65, 0x64, 0x6f, 0x74, 0x61, 0x63, 0x63, 0x65, 0x6e,
  0x74, 0x07, 0x75, 0x6e, 0x69, 0x31, 0x45, 0x42, 0x39, 0x07, 0x75, 0x6e,
  0x69, 0x31, 0x45, 0x42, 0x42, 0x07, 0x75, 0x6e, 0x69, 0x30, 0x32, 0x30,
  0x37, 0x07, 0x65, 0x6d, 0x61, 0x63, 0x72, 0x6f, 0x6e, 0x07, 0x65, 0x6f,
  0x67, 0x6f, 0x6e, 0x65, 0x6b, 0x07, 0x75, 0x6e, 0x69, 0x31, 0x45, 0x42,
  0x44, 0x07, 0x75, 0x6e, 0x69, 0x30, 0x32, 0x35, 0x39, 0x0b, 0x67, 0x63,
  0x69, 0x72, 0x63, 0x75, 0x6d, 0x66, 0x6c, 0x65, 0x78, 0x07, 0x75, 0x6e,
  0x69, 0x30, 0x31, 0x32, 0x33, 0x0a, 0x67, 0x64, 0x6f, 0x74, 0x61, 0x63,
  0x63, 0x65, 0x6e, 0x74, 0x04, 0x68, 0x62, 0x61, 0x72, 0x0b, 0x68, 0x63,
  0x69, 0x72, 0x63, 0x75, 0x6d, 0x66, 0x6c, 0x65, 0x78, 0x07, 0x75, 0x6e,
  0x69, 0x31, 0x45, 0x32, 0x35, 0x06, 0x69, 0x62, 0x72, 0x65, 0x76, 0x65,
  0x07, 0x75, 0x6e, 0x69, 0x30, 0x32, 0x30, 0x39, 0x09, 0x69, 0x2e, 0x6c,
  0x6f, 0x63, 0x6c, 0x54, 0x52, 0x4b, 0x07, 0x75, 0x6e, 0x69, 0x31, 0x45,
  0x43, 0x42, 0x07, 0x75, 0x6e, 0x69, 0x31, 0x45, 0x43, 0x39, 0x07, 0x75,
  0x6e, 0x69, 0x30, 0x32, 0x30, 0x42, 0x07, 0x69, 0x6d, 0x61, 0x63, 0x72,
  0x6f, 0x6e, 0x07, 0x69, 0x6f, 0x67, 0x6f, 0x6e, 0x65, 0x6b, 0x06, 0x69,
  0x74, 0x69, 0x6c, 0x64, 0x65, 0x07, 0x75, 0x6e, 0x69, 0x30, 0x32, 0x33,
  0x37, 0x0b, 0x6a, 0x63, 0x69, 0x72, 0x63, 0x75, 0x6d, 0x66, 0x6c, 0x65,
  0x78, 0x07, 0x75, 0x6e, 0x69, 0x30, 0x31, 0x33, 0x37, 0x0c, 0x6b, 0x67,
  0x72, 0x65, 0x65, 0x6e, 0x6c, 0x61, 0x6e, 0x64, 0x69, 0x63, 0x06, 0x6c,
  0x61, 0x63, 0x75, 0x74, 0x65, 0x06, 0x6c, 0x63, 0x61, 0x72, 0x6f, 0x6e,
  0x07, 0x75, 0x6e, 0x69, 0x30, 0x31, 0x33, 0x43, 0x04, 0x6c, 0x64, 0x6f,
  0x74, 0x06, 0x6e, 0x61, 0x63, 0x75, 0x74, 0x65, 0x06, 0x6e, 0x63, 0x61,
  0x72, 0x6f, 0x6e, 0x07, 0x75, 0x6e, 0x69, 0x30, 0x31, 0x34, 0x36, 0x07,
  0x75, 0x6e, 0x69, 0x31, 0x45, 0x34, 0x35, 0x03, 0x65, 0x6e, 0x67, 0x06,
  0x6f, 0x62, 0x72, 0x65, 0x76, 0x65, 0x07, 0x75, 0x6e, 0x69, 0x31, 0x45,
  0x44, 0x31, 0x07, 0x75, 0x6e, 0x69, 0x31, 0x45, 0x44, 0x39, 0x07, 0x75,
  0x6e, 0x69, 0x31, 0x45, 0x44, 0x33, 0x07, 0x75, 0x6e, 0x69, 0x31, 0x45,
  0x44, 0x35, 0x07, 0x75, 0x6e, 0x69, 0x31, 0x45, 0x44, 0x37, 0x07, 0x75,
  0x6e, 0x69, 0x30, 0x32, 0x30, 0x44, 0x07, 0x75, 0x6e, 0x69, 0x31, 0x45,
  0x43, 0x44, 0x07, 0x75, 0x6e, 0x69, 0x31, 0x45, 0x43, 0x46, 0x05, 0x6f,
  0x68, 0x6f, 0x72, 0x6e, 0x07, 0x75, 0x6e, 0x69, 0x31, 0x45, 0x44, 0x42,
  0x07, 0x75, 0x6e, 0x69, 0x31, 0x45, 0x45, 0x33, 0x07, 0x75, 0x6e, 0x69,
  0x31, 0x45, 0x44, 0x44, 0x07, 0x75, 0x6e, 0x69, 0x31, 0x45, 0x44, 0x46,
  0x07, 0x75, 0x6e, 0x69, 0x31, 0x45, 0x45, 0x31, 0x0d, 0x6f, 0x68, 0x75,
  0x6e, 0x67, 0x61, 0x72, 0x75, 0x6d, 0x6c, 0x61, 0x75, 0x74, 0x07, 0x75,
  0x6e, 0x69, 0x30, 0x32, 0x30, 0x46, 0x07, 0x6f, 0x6d, 0x61, 0x63, 0x72,
  0x6f, 0x6e, 0x07, 0x75, 0x6e, 0x69, 0x30, 0x31, 0x45, 0x42, 0x0b, 0x6f,
  0x73, 0x6c, 0x61, 0x73, 0x68, 0x61, 0x63, 0x75, 0x74, 0x65, 0x06, 0x72,
  0x61, 0x63, 0x75, 0x74, 0x65, 0x06, 0x72, 0x63, 0x61, 0x72, 0x6f, 0x6e,
  0x07, 0x75, 0x6e, 0x69, 0x30, 0x31, 0x35, 0x37, 0x07, 0x75, 0x6e, 0x69,
  0x30, 0x32, 0x31, 0x31, 0x07, 0x75, 0x6e, 0x69, 0x31, 0x45, 0x35, 0x42,
  0x07, 0x75, 0x6e, 0x69, 0x30, 0x32, 0x31, 0x33, 0x06, 0x73, 0x61, 0x63,
  0x75, 0x74, 0x65, 0x0b, 0x73, 0x63, 0x69, 0x72, 0x63, 0x75, 0x6d, 0x66,
  0x6c, 0x65, 0x78, 0x07, 0x75, 0x6e, 0x69, 0x30, 0x32, 0x31, 0x39, 0x07,
  0x75, 0x6e, 0x69, 0x31, 0x45, 0x36, 0x33, 0x04, 0x74, 0x62, 0x61, 0x72,
  0x06, 0x74, 0x63, 0x61, 0x72, 0x6f, 0x6e, 0x07, 0x75, 0x6e, 0x69, 0x30,
  0x31, 0x36, 0x33, 0x07, 0x75, 0x6e, 0x69, 0x30, 0x32, 0x31, 0x42, 0x07,
  0x75, 0x6e, 0x69, 0x31, 0x45, 0x36, 0x44, 0x06, 0x75, 0x62, 0x72, 0x65,
  0x76, 0x65, 0x07, 0x75, 0x6e, 0x69, 0x30, 0x31, 0x44, 0x34, 0x07, 0x75,
  0x6e, 0x69, 0x30, 0x32, 0x31, 0x35, 0x07, 0x75, 0x6e, 0x69, 0x31, 0x45,
  0x45, 0x35, 0x07, 0x75, 0x6e, 0x69, 0x31, 0x45, 0x45, 0x37, 0x05, 0x75,
  0x68, 0x6f, 0x72, 0x6e, 0x07, 0x75, 0x6e, 0x69, 0x31, 0x45, 0x45, 0x39,
  0x07, 0x75, 0x6e, 0x69, 0x31, 0x45, 0x46, 0x31, 0x07, 0x75, 0x6e, 0x69,
  0x31, 0x45, 0x45, 0x42, 0x07, 0x75, 0x6e, 0x69, 0x31, 0x45, 0x45, 0x44,
  0x07, 0x75, 0x6e, 0x69, 0x31, 0x45, 0x45, 0x46, 0x0d, 0x75, 0x68, 0x75,
  0x6e, 0x67, 0x61, 0x72, 0x75, 0x6d, 0x6c, 0x61, 0x75, 0x74, 0x07, 0x75,
  0x6e, 0x69, 0x30, 0x32, 0x31, 0x37, 0x07, 0x75, 0x6d, 0x61, 0x63, 0x72,
  0x6f, 0x6e, 0x07, 0x75, 0x6f, 0x67, 0x6f, 0x6e, 0x65, 0x6b, 0x05, 0x75,
  0x72, 0x69, 0x6e, 0x67, 0x06, 0x75, 0x74, 0x69, 0x6c, 0x64, 0x65, 0x06,
  0x77, 0x61, 0x63, 0x75, 0x74, 0x65, 0x0b, 0x77, 0x63, 0x69, 0x72, 0x63,
  0x75, 0x6d, 0x66, 0x6c, 0x65, 0x78, 0x09, 0x77, 0x64, 0x69, 0x65, 0x72,
  0x65, 0x73, 0x69, 0x73, 0x06, 0x77, 0x67, 0x72, 0x61, 0x76, 0x65, 0x0b,
  0x79, 0x63, 0x69, 0x72, 0x63, 0x75, 0x6d, 0x66, 0x6c, 0x65, 0x78, 0x07,
  0x75, 0x6e, 0x69, 0x31, 0x45, 0x46, 0x35, 0x06, 0x79, 0x67, 0x72, 0x61,
  0x76, 0x65, 0x07, 0x75, 0x6e, 0x69, 0x31, 0x45, 0x46, 0x37, 0x07, 0x75,
  0x6e, 0x69, 0x31, 0x45, 0x46, 0x39, 0x06, 0x7a, 0x61, 0x63, 0x75, 0x74,
  0x65, 0x0a, 0x7a, 0x64, 0x6f, 0x74, 0x61, 0x63, 0x63, 0x65, 0x6e, 0x74,
  0x07, 0x75, 0x6e, 0x69, 0x31, 0x45, 0x39, 0x33, 0x06, 0x67, 0x2e, 0x73,
  0x73, 0x30, 0x31, 0x06, 0x6c, 0x2e, 0x73, 0x73, 0x30, 0x31, 0x08, 0x7a,
  0x65, 0x72, 0x6f, 0x2e, 0x6f, 0x73, 0x66, 0x07, 0x6f, 0x6e, 0x65, 0x2e,
  0x6f, 0x73, 0x66, 0x07, 0x74, 0x77, 0x6f, 0x2e, 0x6f, 0x73, 0x66, 0x09,
  0x74, 0x68, 0x72, 0x65, 0x65, 0x2e, 0x6f, 0x73, 0x66, 0x08, 0x66, 0x6f,
  0x75, 0x72, 0x2e, 0x6f, 0x73, 0x66, 0x08, 0x66, 0x69, 0x76, 0x65, 0x2e,
  0x6f, 0x73, 0x66, 0x07, 0x73, 0x69, 0x78, 0x2e, 0x6f, 0x73, 0x66, 0x09,
  0x73, 0x65, 0x76, 0x65, 0x6e, 0x2e, 0x6f, 0x73, 0x66, 0x09, 0x65, 0x69,
  0x67, 0x68, 0x74, 0x2e, 0x6f, 0x73, 0x66, 0x08, 0x6e, 0x69, 0x6e, 0x65,
  0x2e, 0x6f, 0x73, 0x66, 0x07, 0x7a, 0x65, 0x72, 0x6f, 0x2e, 0x74, 0x66,
  0x06, 0x6f, 0x6e, 0x65, 0x2e, 0x74, 0x66, 0x06, 0x74, 0x77, 0x6f, 0x2e,
  0x74, 0x66, 0x08, 0x74, 0x68, 0x72, 0x65, 0x65, 0x2e, 0x74, 0x66, 0x07,
  0x66, 0x6f, 0x75, 0x72, 0x2e, 0x74, 0x66, 0x07, 0x66, 0x69, 0x76, 0x65,
  0x2e, 0x74, 0x66, 0x06, 0x73, 0x69, 0x78, 0x2e, 0x74, 0x66, 0x08, 0x73,
  0x65, 0x76, 0x65, 0x6e, 0x2e, 0x74, 0x66, 0x08, 0x65, 0x69, 0x67, 0x68,
  0x74, 0x2e, 0x74, 0x66, 0x07, 0x6e, 0x69, 0x6e, 0x65, 0x2e, 0x74, 0x66,
  0x09, 0x7a, 0x65, 0x72, 0x6f, 0x2e, 0x73, 0x75, 0x62, 0x73, 0x08, 0x6f,
  0x6e, 0x65, 0x2e, 0x73, 0x75, 0x62, 0x73, 0x08, 0x74, 0x77, 0x6f, 0x2e,
  0x73, 0x75, 0x62, 0x73, 0x0a, 0x74, 0x68, 0x72, 0x65, 0x65, 0x2e, 0x73,
  0x75, 0x62, 0x73, 0x09, 0x66, 0x6f, 0x75, 0x72, 0x2e, 0x73, 0x75, 0x62,
  0x73, 0x09, 0x66, 0x69, 0x76, 0x65, 0x2e, 0x73, 0x75, 0x62, 0x73, 0x08,
  0x73, 0x69, 0x78, 0x2e, 0x73, 0x75, 0x62, 0x73, 0x0a, 0x73, 0x65, 0x76,
  0x65, 0x6e, 0x2e, 0x73, 0x75, 0x62, 0x73, 0x0a, 0x65, 0x69, 0x67, 0x68,
  0x74, 0x2e, 0x73, 0x75, 0x62, 0x73, 0x09, 0x6e, 0x69, 0x6e, 0x65, 0x2e,
  0x73, 0x75, 0x62, 0x73, 0x09, 0x7a, 0x65, 0x72, 0x6f, 0x2e, 0x64, 0x6e,
  0x6f, 0x6d, 0x08, 0x6f, 0x6e, 0x65, 0x2e, 0x64, 0x6e, 0x6f, 0x6d, 0x08,
  0x74, 0x77, 0x6f, 0x2e, 0x64, 0x6e, 0x6f, 0x6d, 0x0a, 0x74, 0x68, 0x72,
  0x65, 0x65, 0x2e, 0x64, 0x6e, 0x6f, 0x6d, 0x09, 0x66, 0x6f, 0x75, 0x72,
  0x2e, 0x64, 0x6e, 0x6f, 0x6d, 0x09, 0x66, 0x69, 0x76, 0x65, 0x2e, 0x64,
  0x6e, 0x6f, 0x6d, 0x08, 0x73, 0x69, 0x78, 0x2e, 0x64, 0x6e, 0x6f, 0x6d,
  0x0a, 0x73, 0x65, 0x76, 0x65, 0x6e, 0x2e, 0x64, 0x6e, 0x6f, 0x6d, 0x0a,
  0x65, 0x69, 0x67, 0x68, 0x74, 0x2e, 0x64, 0x6e, 0x6f, 0x6d, 0x09, 0x6e,
  0x69, 0x6e, 0x65, 0x2e, 0x64, 0x6e, 0x6f, 0x6d, 0x09, 0x7a, 0x65, 0x72,
  0x6f, 0x2e, 0x6e, 0x75, 0x6d, 0x72, 0x08, 0x6f, 0x6e, 0x65, 0x2e, 0x6e,
  0x75, 0x6d, 0x72, 0x08, 0x74, 0x77, 0x6f, 0x2e, 0x6e, 0x75, 0x6d, 0x72,
  0x0a, 0x74, 0x68, 0x72, 0x65, 0x65, 0x2e, 0x6e, 0x75, 0x6d, 0x72, 0x09,
  0x66, 0x6f, 0x75, 0x72, 0x2e, 0x6e, 0x75, 0x6d, 0x72, 0x09, 0x66, 0x69,
  0x76, 0x65, 0x2e, 0x6e, 0x75, 0x6d, 0x72, 0x08, 0x73, 0x69, 0x78, 0x2e,
  0x6e, 0x75, 0x6d, 0x72, 0x0a, 0x73, 0x65, 0x76, 0x65, 0x6e, 0x2e, 0x6e,
  0x75, 0x6d, 0x72, 0x0a, 0x65, 0x69, 0x67, 0x68, 0x74, 0x2e, 0x6e, 0x75,
  0x6d, 0x72, 0x09, 0x6e, 0x69, 0x6e, 0x65, 0x2e, 0x6e, 0x75, 0x6d, 0x72,
  0x07, 0x75, 0x6e, 0x69, 0x32, 0x30, 0x37, 0x30, 0x07, 0x75, 0x6e, 0x69,
  0x30, 0x30, 0x42, 0x39, 0x07, 0x75, 0x6e, 0x69, 0x30, 0x30, 0x42, 0x32,
  0x07, 0x75, 0x6e, 0x69, 0x30, 0x30, 0x42, 0x33, 0x07, 0x75, 0x6e, 0x69,
  0x32, 0x30, 0x37, 0x34, 0x07, 0x75, 0x6e, 0x69, 0x32, 0x30, 0x37, 0x35,
  0x07, 0x75, 0x6e, 0x69, 0x32, 0x30, 0x37, 0x36, 0x07, 0x75, 0x6e, 0x69,
  0x32, 0x30, 0x37, 0x37, 0x07, 0x75, 0x6e, 0x69, 0x32, 0x30, 0x37, 0x38,
  0x07, 0x75, 0x6e, 0x69, 0x32, 0x30, 0x37, 0x39, 0x07, 0x75, 0x6e, 0x69,
  0x32, 0x31, 0x35, 0x33, 0x07, 0x75, 0x6e, 0x69, 0x32, 0x31, 0x35, 0x34,
  0x09, 0x6f, 0x6e, 0x65, 0x65, 0x69, 0x67, 0x68, 0x74, 0x68, 0x0c, 0x74,
  0x68, 0x72, 0x65, 0x65, 0x65, 0x69, 0x67, 0x68, 0x74, 0x68, 0x73, 0x0b,
  0x66, 0x69, 0x76, 0x65, 0x65, 0x69, 0x67, 0x68, 0x74, 0x68, 0x73, 0x0c,
  0x73, 0x65, 0x76, 0x65, 0x6e, 0x65, 0x69, 0x67, 0x68, 0x74, 0x68, 0x73,
  0x09, 0x70, 0x65, 0x72, 0x69, 0x6f, 0x64, 0x2e, 0x74, 0x66, 0x08, 0x63,
  0x6f, 0x6d, 0x6d, 0x61, 0x2e, 0x74, 0x66, 0x07, 0x75, 0x6e, 0x69, 0x30,
  0x30, 0x41, 0x44, 0x0a, 0x65, 0x6d, 0x64, 0x61, 0x73, 0x68, 0x2e, 0x61,
  0x6c, 0x74, 0x07, 0x75, 0x6e, 0x69, 0x30, 0x30, 0x41, 0x30, 0x02, 0x43,
  0x52, 0x0d, 0x63, 0x6f, 0x6c, 0x6f, 0x6e, 0x6d, 0x6f, 0x6e, 0x65, 0x74,
  0x61, 0x72, 0x79, 0x04, 0x64, 0x6f, 0x6e, 0x67, 0x04, 0x45, 0x75, 0x72,
  0x6f, 0x04, 0x6c, 0x69, 0x72, 0x61, 0x07, 0x75, 0x6e, 0x69, 0x32, 0x30,
  0x42, 0x41, 0x07, 0x75, 0x6e, 0x69, 0x32, 0x30, 0x41, 0x36, 0x07, 0x75,
  0x6e, 0x69, 0x32, 0x30, 0x42, 0x39, 0x07, 0x75, 0x6e, 0x69, 0x32, 0x30,
  0x41, 0x39, 0x07, 0x63, 0x65, 0x6e, 0x74, 0x2e, 0x74, 0x66, 0x10, 0x63,
  0x6f, 0x6c, 0x6f, 0x6e, 0x6d, 0x6f, 0x6e, 0x65, 0x74, 0x61, 0x72, 0x79,
  0x2e, 0x74, 0x66, 0x09, 0x64, 0x6f, 0x6c, 0x6c, 0x61, 0x72, 0x2e, 0x74,
  0x66, 0x07, 0x64, 0x6f, 0x6e, 0x67, 0x2e, 0x74, 0x66, 0x07, 0x45, 0x75,
  0x72, 0x6f, 0x2e, 0x74, 0x66, 0x09, 0x66, 0x6c, 0x6f, 0x72, 0x69, 0x6e,
  0x2e, 0x74, 0x66, 0x08, 0x66, 0x72, 0x61, 0x6e, 0x63, 0x2e, 0x74, 0x66,
  0x07, 0x6c, 0x69, 0x72, 0x61, 0x2e, 0x74, 0x66, 0x0a, 0x75, 0x6e, 0x69,
  0x32, 0x30, 0x42, 0x41, 0x2e, 0x74, 0x66, 0x0a, 0x75, 0x6e, 0x69, 0x32,
  0x30, 0x42, 0x39, 0x2e, 0x74, 0x66, 0x0b, 0x73, 0x74, 0x65, 0x72, 0x6c,
  0x69, 0x6e, 0x67, 0x2e, 0x74, 0x66, 0x06, 0x79, 0x65, 0x6e, 0x2e, 0x74,
  0x66, 0x07, 0x75, 0x6e, 0x69, 0x32, 0x32, 0x31, 0x39, 0x07, 0x75, 0x6e,
  0x69, 0x32, 0x32, 0x31, 0x35, 0x08, 0x65, 0x6d, 0x70, 0x74, 0x79, 0x73,
  0x65, 0x74, 0x07, 0x75, 0x6e, 0x69, 0x32, 0x31, 0x32, 0x36, 0x07, 0x75,
  0x6e, 0x69, 0x32, 0x32, 0x30, 0x36, 0x07, 0x75, 0x6e, 0x69, 0x30, 0x30,
  0x42, 0x35, 0x07, 0x75, 0x6e, 0x69, 0x32, 0x31, 0x31, 0x37, 0x07, 0x75,
  0x6e, 0x69, 0x32, 0x31, 0x31, 0x33, 0x07, 0x75, 0x6e, 0x69, 0x32, 0x31,
  0x31, 0x36, 0x07, 0x75, 0x6e, 0x69, 0x32, 0x31, 0x32, 0x30, 0x07, 0x75,
  0x6e, 0x69, 0x30, 0x32, 0x42, 0x43, 0x07, 0x75, 0x6e, 0x69, 0x30, 0x32,
  0x42, 0x42, 0x07, 0x75, 0x6e, 0x69, 0x30, 0x33, 0x30, 0x38, 0x07, 0x75,
  0x6e, 0x69, 0x30, 0x33, 0x30, 0x37, 0x09, 0x67, 0x72, 0x61, 0x76, 0x65,
  0x63, 0x6f, 0x6d, 0x62, 0x09, 0x61, 0x63, 0x75, 0x74, 0x65, 0x63, 0x6f,
  0x6d, 0x62, 0x07, 0x75, 0x6e, 0x69, 0x30, 0x33, 0x30, 0x42, 0x0b, 0x75,
  0x6e, 0x69, 0x30, 0x33, 0x30, 0x43, 0x2e, 0x61, 0x6c, 0x74, 0x07, 0x75,
  0x6e, 0x69, 0x30, 0x33, 0x30, 0x32, 0x07, 0x75, 0x6e, 0x69, 0x30, 0x33,
  0x30, 0x43, 0x07, 0x75, 0x6e, 0x69, 0x30, 0x33, 0x30, 0x36, 0x07, 0x75,
  0x6e, 0x69, 0x30, 0x33, 0x30, 0x41, 0x09, 0x74, 0x69, 0x6c, 0x64, 0x65,
  0x63, 0x6f, 0x6d, 0x62, 0x07, 0x75, 0x6e, 0x69, 0x30, 0x33, 0x30, 0x34,
  0x0d, 0x68, 0x6f, 0x6f, 0x6b, 0x61, 0x62, 0x6f, 0x76, 0x65, 0x63, 0x6f,
  0x6d, 0x62, 0x07, 0x75, 0x6e, 0x69, 0x30, 0x33, 0x30, 0x46, 0x07, 0x75,
  0x6e, 0x69, 0x30, 0x33, 0x31, 0x31, 0x07, 0x75, 0x6e, 0x69, 0x30, 0x33,
  0x31, 0x32, 0x07, 0x75, 0x6e, 0x69, 0x30, 0x33, 0x31, 0x42, 0x0c, 0x64,
  0x6f, 0x74, 0x62, 0x65, 0x6c, 0x6f, 0x77, 0x63, 0x6f, 0x6d, 0x62, 0x07,
  0x75, 0x6e, 0x69, 0x30, 0x33, 0x32, 0x36, 0x07, 0x75, 0x6e, 0x69, 0x30,
  0x33, 0x32, 0x37, 0x07, 0x75, 0x6e, 0x69, 0x30, 0x33, 0x32, 0x38, 0x10,
  0x67, 0x72, 0x61, 0x76, 0x65, 0x63, 0x6f, 0x6d, 0x62, 0x2e, 0x6e, 0x61,
  0x72, 0x72, 0x6f, 0x77, 0x10, 0x61, 0x63, 0x75, 0x74, 0x65, 0x63, 0x6f,
  0x6d, 0x62, 0x2e, 0x6e, 0x61, 0x72, 0x72, 0x6f, 0x77, 0x0b, 0x75, 0x6e,
  0x69, 0x30, 0x33, 0x30, 0x36, 0x30, 0x33, 0x30, 0x31, 0x0b, 0x75, 0x6e,
  0x69, 0x30, 0x33, 0x30, 0x36, 0x30, 0x33, 0x30, 0x30, 0x0b, 0x75, 0x6e,
  0x69, 0x30, 0x33, 0x30, 0x36, 0x30, 0x33, 0x30, 0x39, 0x0b, 0x75, 0x6e,
  0x69, 0x30, 0x33, 0x30, 0x36, 0x30, 0x33, 0x30, 0x33, 0x0b, 0x75, 0x6e,
  0x69, 0x30, 0x33, 0x30, 0x32, 0x30, 0x33, 0x30, 0x31, 0x0b, 0x75, 0x6e,
  0x69, 0x30, 0x33, 0x30, 0x32, 0x30, 0x33, 0x30, 0x30, 0x0b, 0x75, 0x6e,
  0x69, 0x30, 0x33, 0x30, 0x32, 0x30, 0x33, 0x30, 0x39, 0x0b, 0x75, 0x6e,
  0x69, 0x30, 0x33, 0x30, 0x32, 0x30, 0x33, 0x30, 0x33, 0x07, 0x75, 0x6e,
  0x69, 0x30, 0x30, 0x30, 0x30, 0x00, 0x00, 0x00, 0x00, 0x01, 0x00, 0x01,
  0xff, 0xff, 0x00, 0x0f, 0x00, 0x01, 0x00, 0x02, 0x00, 0x0e, 0x00, 0x00,
  0x00, 0xba, 0x00, 0x00, 0x00, 0xda, 0x00, 0x02, 0x00, 0x1c, 0x00, 0x01,
  0x00, 0x1b, 0x00, 0x01, 0x00, 0x1d, 0x00, 0x3b, 0x00, 0x01, 0x00, 0x3d,
  0x00, 0x5d, 0x00, 0x01, 0x00, 0x5f, 0x00, 0x81, 0x00, 0x01, 0x00, 0x85,
  0x00, 0x92, 0x00, 0x01, 0x00, 0x94, 0x00, 0xae, 0x00, 0x01, 0x00, 0xb0,
  0x00, 0xb4, 0x00, 0x01, 0x00, 0xb6, 0x00, 0xe5, 0x00, 0x01, 0x00, 0xe7,
  0x00, 0xfe, 0x00, 0x01, 0x01, 0x00, 0x01, 0x17, 0x00, 0x01, 0x01, 0x19,
  0x01, 0x1c, 0x00, 0x01, 0x01, 0x1e, 0x01, 0x23, 0x00, 0x01, 0x01, 0x25,
  0x01, 0x29, 0x00, 0x01, 0x01, 0x2b, 0x01, 0x47, 0x00, 0x01, 0x01, 0x4b,
  0x01, 0x58, 0x00, 0x01, 0x01, 0x5a, 0x01, 0x75, 0x00, 0x01, 0x01, 0x77,
  0x01, 0x7b, 0x00, 0x01, 0x01, 0x7d, 0x01, 0x8b, 0x00, 0x01, 0x01, 0x8c,
  0x01, 0x8d, 0x00, 0x02, 0x02, 0x0d, 0x02, 0x0e, 0x00, 0x01, 0x02, 0x17,
  0x02, 0x17, 0x00, 0x01, 0x02, 0x1a, 0x02, 0x1a, 0x00, 0x01, 0x02, 0x1c,
  0x02, 0x1d, 0x00, 0x01, 0x02, 0x4d, 0x02, 0x4d, 0x00, 0x01, 0x02, 0x54,
  0x02, 0x55, 0x00, 0x01, 0x02, 0x58, 0x02, 0x5c, 0x00, 0x03, 0x02, 0x5e,
  0x02, 0x6c, 0x00, 0x03, 0x02, 0x7c, 0x02, 0x83, 0x00, 0x03, 0x00, 0x08,
  0x00, 0x02, 0x00, 0x10, 0x00, 0x18, 0x00, 0x01, 0x00, 0x02, 0x01, 0x8c,
  0x01, 0x8d, 0x00, 0x01, 0x00, 0x04, 0x00, 0x01, 0x02, 0x98, 0x00, 0x01,
  0x00, 0x04, 0x00, 0x01, 0x02, 0xd6, 0x00, 0x01, 0x00, 0x01, 0x00, 0x00,
  0x00, 0x08, 0x00, 0x01, 0x00, 0x01, 0x02, 0x68, 0x00, 0x01, 0x00, 0x00,
  0x00, 0x14, 0x00, 0x22, 0x00, 0x0a, 0x00, 0x04, 0x00, 0x40, 0x00, 0x2c,
  0x00, 0x34, 0x00, 0x4a, 0x00, 0x02, 0x44, 0x46, 0x4c, 0x54, 0x00, 0x32,
  0x6c, 0x61, 0x74, 0x6e, 0x00, 0x32, 0x00, 0x03, 0x6b, 0x65, 0x72, 0x6e,
  0x00, 0x3c, 0x6d, 0x61, 0x72, 0x6b, 0x00, 0x48, 0x6d, 0x6b, 0x6d, 0x6b,
  0x00, 0x42, 0x00, 0x04, 0x00, 0x00, 0x00, 0x01, 0x00, 0x3c, 0x00, 0x04,
  0x00, 0x00, 0x00, 0x01, 0x00, 0x40, 0x00, 0x44, 0x00, 0x00, 0x00, 0x02,
  0x00, 0x08, 0x00, 0x02, 0x00, 0x58, 0x01, 0xa4, 0x00, 0x06, 0x00, 0x10,
  0x00, 0x01, 0x00, 0x42, 0x00, 0x00, 0x00, 0x00, 0x00, 0x01, 0x00, 0x00,
  0x00, 0x00, 0x00, 0x01, 0x00, 0x03, 0x00, 0x00, 0x00, 0x02, 0x00, 0x01,
  0x00, 0x02, 0x00, 0x01, 0x16, 0x08, 0x16, 0x2e, 0x00, 0x01, 0x16, 0x0e,
  0x16, 0x50, 0x00, 0x01, 0x16, 0x0c, 0x16, 0xea, 0x00, 0x04, 0x16, 0x78,
  0x1f, 0x08, 0x00, 0x00, 0xff, 0xff, 0x00, 0x03, 0x00, 0x00, 0x00, 0x01,
  0x00, 0x02, 0x00, 0x01, 0x15, 0xe4, 0x15, 0xe4, 0x00, 0x01, 0x15, 0xea,
  0x15, 0xf0, 0x00, 0x01, 0x19, 0xae, 0x00, 0x04, 0x00, 0x00, 0x00, 0xa1,
  0x17, 0x5a, 0x17, 0xf0, 0x18, 0x32, 0x18, 0x32, 0x18, 0x32, 0x18, 0x32,
  0x18, 0x32, 0x18, 0x32, 0x18, 0x4c, 0x18, 0x4c, 0x18, 0x4c, 0x18, 0x4c,
  0x18, 0x4c, 0x18, 0x4c, 0x17, 0xcc, 0x17, 0xcc, 0x17, 0xcc, 0x17, 0xcc,
  0x17, 0xcc, 0x17, 0xcc, 0x17, 0xcc, 0x17, 0xcc, 0x17, 0xc2, 0x17, 0xc2,
  0x17, 0xc2, 0x1c, 0xea, 0x17, 0xc2, 0x17, 0xc2, 0x17, 0xc2, 0x17, 0xc2,
  0x17, 0xc2, 0x17, 0xc2, 0x1a, 0x72, 0x17, 0xc2, 0x17, 0xc2, 0x17, 0xc2,
  0x17, 0xc2, 0x17, 0xc2, 0x17, 0xc2, 0x17, 0xc2, 0x17, 0xc2, 0x17, 0xc2,
  0x17, 0xc2, 0x17, 0xc2, 0x17, 0xc2, 0x17, 0xc2, 0x17, 0xc2, 0x17, 0xc2,
  0x17, 0xc2, 0x17, 0xc2, 0x17, 0xc2, 0x17, 0xc2, 0x17, 0xc2, 0x17, 0xc2,
  0x17, 0x66, 0x17, 0x66, 0x17, 0x66, 0x17, 0x66, 0x17, 0x66, 0x19, 0x3c,
  0x17, 0xc2, 0x17, 0xc2, 0x17, 0xc2, 0x17, 0xc2, 0x17, 0xc2, 0x17, 0xc2,
  0x17, 0xc2, 0x17, 0xc2, 0x17, 0xc2, 0x17, 0xc2, 0x17, 0xc2, 0x17, 0xc2,
  0x17, 0xc2, 0x17, 0xc2, 0x18, 0x06, 0x17, 0xc2, 0x17, 0xc2, 0x17, 0xc2,
  0x17, 0xc2, 0x18, 0xfe, 0x17, 0xc2, 0x17, 0xc2, 0x17, 0xc2, 0x17, 0xc2,
  0x17, 0xc2, 0x17, 0x60, 0x17, 0x60, 0x17, 0x60, 0x17, 0x60, 0x17, 0x60,
  0x17, 0x60, 0x17, 0x60, 0x17, 0x60, 0x18, 0x66, 0x17, 0x60, 0x17, 0x60,
  0x17, 0x60, 0x17, 0x60, 0x17, 0x60, 0x17, 0x60, 0x17, 0x60, 0x17, 0x60,
  0x17, 0x60, 0x17, 0x60, 0x17, 0x60, 0x17, 0x60, 0x17, 0x60, 0x17, 0x60,
  0x17, 0x66, 0x17, 0x6c, 0x17, 0x6c, 0x17, 0xae, 0x17, 0x6c, 0x17, 0x72,
  0x17, 0x78, 0x17, 0x6c, 0x17, 0x7e, 0x17, 0x6c, 0x17, 0x6c, 0x17, 0x6c,
  0x17, 0x6c, 0x17, 0xae, 0x17, 0x72, 0x17, 0x78, 0x17, 0x7e, 0x17, 0x84,
  0x18, 0x1c, 0x17, 0xb8, 0x17, 0x96, 0x17, 0x8a, 0x17, 0xb8, 0x17, 0x90,
  0x17, 0xb8, 0x17, 0xb8, 0x18, 0x88, 0x17, 0xb8, 0x17, 0xb8, 0x18, 0xaa,
  0x17, 0x96, 0x17, 0x96, 0x17, 0x96, 0x17, 0x96, 0x17, 0x96, 0x17, 0x96,
  0x17, 0x96, 0x17, 0x96, 0x17, 0xa2, 0x17, 0xa2, 0x17, 0xa2, 0x17, 0xa2,
  0x17, 0xde, 0x17, 0xa2, 0x17, 0x9c, 0x17, 0x9c, 0x17, 0x9c, 0x17, 0xa2,
  0x17, 0xa8, 0x17, 0xa8, 0x1b, 0x70, 0x17, 0xc2, 0x18, 0xcc, 0x00, 0x02,
  0x29, 0x92, 0x00, 0x04, 0x00, 0x00, 0x2c, 0x3a, 0x2a, 0x0e, 0x00, 0x39,
  0x00, 0x2e, 0x00, 0x00, 0xff, 0xe5, 0x00, 0x00, 0x00, 0x00, 0x00, 0x00,
  0xff, 0xfa, 0x00, 0x00, 0xff, 0xf9, 0x00, 0x00, 0xff, 0xe5, 0x00, 0x00,
  0xff, 0x41, 0xff, 0xe0, 0x00, 0x00, 0x00, 0x00, 0xff, 0xfd, 0xff, 0x52,
  0xff, 0x98, 0x00, 0x00, 0x00, 0x00, 0x00, 0x00, 0xff, 0xf2, 0xff, 0xe5,
  0xff, 0xec, 0x00, 0x14, 0x00, 0x00, 0x00, 0x00, 0x00, 0x02, 0x00, 0x00,
  0xff, 0xf2, 0x00, 0x45, 0x00, 0x00, 0x00, 0x00, 0x00, 0x00, 0xff, 0x87,
  0xff, 0xb8, 0x00, 0x00, 0x00, 0x00, 0x00, 0x00, 0x00, 0x00, 0xff, 0xe3,
  0x00, 0x00, 0x00, 0x00, 0x00, 0x00, 0x00, 0x00, 0xff, 0xaf, 0x00, 0x00,
  0x00, 0x00, 0x00, 0x00, 0x00, 0x06, 0x00, 0x00, 0x00, 0x00, 0x00, 0x00,
  0x00, 0x00, 0x00, 0x00, 0x00, 0x00, 0x00, 0x00, 0x00, 0x00, 0x00, 0x00,
  0x00, 0x00, 0x00, 0x00, 0x00, 0x00, 0x00, 0x00, 0x00, 0x00, 0x00, 0x00,
  0x00, 0x00, 0x00, 0x00, 0xff, 0xf9, 0x00, 0x00, 0x00, 0x00, 0x00, 0x00,
  0x00, 0x00, 0x00, 0x00, 0x00, 0x00, 0x00, 0x00, 0x00, 0x00, 0x00, 0x00,
  0x00, 0x00, 0x00, 0x00, 0x00, 0x00, 0xff, 0xf3, 0x00, 0x00, 0x00, 0x00,
  0x00, 0x00, 0x00, 0x00, 0x00, 0x00, 0x00, 0x00, 0x00, 0x00, 0x00, 0x00,
  0x00, 0x00, 0x00, 0x00, 0x00, 0x00, 0x00, 0x00, 0x00, 0x00, 0x00, 0x00,
  0x00, 0x00, 0x00, 0x00, 0xff, 0xf9, 0x00, 0x00, 0x00, 0x00, 0x00, 0x00,
  0xff, 0xdb, 0x00, 0x00, 0xff, 0x75, 0xff, 0xdc, 0x00, 0x00, 0x00, 0x00,
  0xff, 0xf6, 0xff, 0x4d, 0xff, 0x9b, 0x00, 0x00, 0x00, 0x00, 0x00, 0x00,
  0x00, 0x00, 0xff, 0xf9, 0x00, 0x00, 0x00, 0x00, 0x00, 0x00, 0x00, 0x00,
  0x00, 0x00, 0x00, 0x00, 0xff, 0xf9, 0x00, 0x29, 0x00, 0x00, 0x00, 0x00,
  0x00, 0x00, 0xff, 0x97, 0xff, 0xc7, 0xff, 0xe1, 0x00, 0x00, 0x00, 0x00,
  0x00, 0x00, 0xff, 0xf0, 0x00, 0x00, 0x00, 0x00, 0x00, 0x00, 0x00, 0x00,
  0xff, 0xf0, 0x00, 0x00, 0x00, 0x00, 0xff, 0xe5, 0x00, 0x00, 0x00, 0x00,
  0xff, 0xfd, 0x00, 0x00, 0x00, 0x00, 0xff, 0xeb, 0x00, 0x00, 0x00, 0x00,
  0x00, 0x00, 0xff, 0xeb, 0x00, 0x00, 0x00, 0x00, 0x00, 0x00, 0x00, 0x00,
  0x00, 0x00, 0x00, 0x00, 0x00, 0x00, 0x00, 0x00, 0xff, 0xfa, 0x00, 0x00,
  0x00, 0x00, 0x00, 0x00, 0x00, 0x00, 0x00, 0x00, 0x00, 0x00, 0x00, 0x00,
  0x00, 0x00, 0x00, 0x34, 0x00, 0x00, 0x00, 0x00, 0x00, 0x00, 0x00, 0x00,
  0x00, 0x00, 0x00, 0x00, 0x00, 0x00, 0x00, 0x00, 0x00, 0x00, 0x00, 0x00,
  0x00, 0x00, 0x00, 0x00, 0x00, 0x00, 0x00, 0x00, 0x00, 0x00, 0x00, 0x00,
  0x00, 0x00, 0xff, 0xde, 0x00, 0x00, 0xff, 0xba, 0x00, 0x00, 0x00, 0x22,
  0xff, 0xe8, 0xff, 0xaf, 0xff, 0x73, 0x00, 0x00, 0xff, 0x53, 0xff, 0x9d,
  0xff, 0xe2, 0x00, 0x00, 0xff, 0xe2, 0xff, 0x53, 0xff, 0x23, 0xff, 0xfa,
  0x00, 0x06, 0x00, 0x0e, 0xff, 0xe6, 0x00, 0x0e, 0x00, 0x15, 0xff, 0xc4,
  0x00, 0x00, 0x00, 0x00, 0x00, 0x22, 0x00, 0x15, 0x00, 0x00, 0x00, 0x00,
  0x00, 0x00, 0x00, 0x00, 0x00, 0x00, 0x00, 0x00, 0xff, 0x22, 0xff, 0x9e,
  0x00, 0x00, 0x00, 0x2b, 0x00, 0x00, 0xff, 0xaa, 0x00, 0x00, 0x00, 0x00,
  0x00, 0x00, 0x00, 0x00, 0xff, 0xde, 0x00, 0x00, 0x00, 0x06, 0xff, 0xfa,
  0xff, 0xf4, 0xff, 0xf9, 0xff, 0xfa, 0x00, 0x04, 0xff, 0xef, 0x00, 0x00,
  0xff, 0xe2, 0x00, 0x00, 0x00, 0x28, 0xff, 0xd6, 0x00, 0x0e, 0x00, 0x00,
  0xff, 0xf7, 0x00, 0x30, 0x00, 0x0e, 0x00, 0x00, 0x00, 0x00, 0xff, 0xe9,
  0xff, 0xe9, 0x00, 0x0e, 0x00, 0x0e, 0xff, 0xd8, 0x00, 0x00, 0xff, 0x94,
  0x00, 0x21, 0x00, 0x00, 0x00, 0x29, 0x00, 0x49, 0x00, 0x00, 0x00, 0x00,
  0x00, 0x00, 0x00, 0x00, 0x00, 0x00, 0x00, 0x00, 0x00, 0x00, 0x00, 0x28,
  0x00, 0x00, 0xff, 0xfa, 0x00, 0x00, 0x00, 0x00, 0x00, 0x00, 0x00, 0x00,
  0xff, 0xf7, 0x00, 0x00, 0x00, 0x00, 0xff, 0xe5, 0xff, 0xe5, 0xff, 0xf2,
  0xff, 0xd7, 0xff, 0xba, 0x00, 0x00, 0xff, 0xed, 0x00, 0x00, 0x00, 0x00,
  0xff, 0xa3, 0xff, 0xef, 0x00, 0x08, 0x00, 0x00, 0xff, 0xeb, 0x00, 0x09,
  0xff, 0xc2, 0x00, 0x00, 0xff, 0xc3, 0xff, 0xc5, 0xff, 0xfa, 0x00, 0x00,
  0x00, 0x00, 0x00, 0x00, 0x00, 0x00, 0xff, 0x5e, 0xff, 0xf4, 0x00, 0x00,
  0x00, 0x00, 0x00, 0x04, 0x00, 0x00, 0x00, 0x00, 0x00, 0x00, 0x00, 0x00,
  0xff, 0xed, 0xff, 0xe2, 0x00, 0x00, 0xff, 0xd7, 0x00, 0x00, 0x00, 0x00,
  0x00, 0x00, 0x00, 0x00, 0x00, 0x00, 0x00, 0x00, 0xff, 0xb8, 0x00, 0x00,
  0x00, 0x00, 0x00, 0x00, 0x00, 0x00, 0x00, 0x00, 0x00, 0x00, 0xff, 0xaf,
  0x00, 0x00, 0x00, 0x00, 0x00, 0x00, 0x00, 0x00, 0x00, 0x00, 0x00, 0x0d,
  0x00, 0x00, 0x00, 0x00, 0x00, 0x00, 0x00, 0x00, 0x00, 0x00, 0x00, 0x00,
  0x00, 0x06, 0xff, 0xde, 0xff, 0xe0, 0x00, 0x00, 0x00, 0x00, 0x00, 0x00,
  0x00, 0x00, 0xff, 0x7c, 0x00, 0x00, 0x00, 0x00, 0x00, 0x00, 0x00, 0x00,
  0x00, 0x00, 0x00, 0x00, 0x00, 0x00, 0x00, 0x00, 0x00, 0x00, 0x00, 0x00,
  0x00, 0x00, 0x00, 0x00, 0x00, 0x00, 0x00, 0x00, 0x00, 0x00, 0x00, 0x00,
  0x00, 0x00, 0x00, 0x00, 0x00, 0x00, 0x00, 0x00, 0x00, 0x00, 0xff, 0xe1,
  0x00, 0x00, 0x00, 0x00, 0xff, 0xdb, 0xff, 0x86, 0x00, 0x00, 0x00, 0x00,
  0x00, 0x29, 0x00, 0x00, 0xff, 0xa3, 0x00, 0x27, 0x00, 0x00, 0x00, 0x00,
  0xff, 0xe1, 0x00, 0x00, 0xff, 0xd1, 0x00, 0x00, 0x00, 0x00, 0xff, 0x9c,
  0xff, 0xdb, 0x00, 0x00, 0xff, 0xaf, 0xff, 0xf6, 0x00, 0x00, 0x00, 0x00,
  0x00, 0x00, 0x00, 0x00, 0x00, 0x00, 0x00, 0x07, 0x00, 0x00, 0x00, 0x00,
  0x00, 0x00, 0xff, 0xff, 0x00, 0x00, 0x00, 0x00, 0x00, 0x00, 0x00, 0x00,
  0x00, 0x00, 0x00, 0x22, 0x00, 0x00, 0x00, 0x37, 0x00, 0x00, 0xff, 0x8e,
  0x00, 0x00, 0x00, 0x00, 0x00, 0x00, 0x00, 0x04, 0x00, 0x00, 0x00, 0x00,
  0xff, 0xe5, 0xff, 0xd4, 0x00, 0x00, 0x00, 0x00, 0x00, 0x00, 0x00, 0x00,
  0xff, 0xcd, 0x00, 0x00, 0x00, 0x00, 0x00, 0x00, 0x00, 0x00, 0xff, 0xea,
  0xff, 0xd7, 0x00, 0x00, 0xff, 0xe5, 0xff, 0xfa, 0xff, 0xe6, 0xff, 0xf9,
  0x00, 0x00, 0x00, 0x00, 0x00, 0x00, 0xff, 0x95, 0xff, 0xfa, 0x00, 0x00,
  0x00, 0x00, 0x00, 0x29, 0x00, 0x00, 0x00, 0x00, 0x00, 0x00, 0x00, 0x00,
  0x00, 0x00, 0x00, 0x00, 0x00, 0x00, 0xff, 0xc0, 0x00, 0x00, 0x00, 0x00,
  0x00, 0x00, 0x00, 0x00, 0x00, 0x00, 0xff, 0xf4, 0x00, 0x00, 0x00, 0x00,
  0x00, 0x00, 0xff, 0x41, 0xff, 0xf4, 0xff, 0xa7, 0xff, 0x62, 0xff, 0x50,
  0xff, 0x82, 0x00, 0x0e, 0xff, 0x94, 0x00, 0x00, 0x00, 0x4a, 0xff, 0x94,
  0xff, 0xa5, 0x00, 0x00, 0xff, 0x56, 0x00, 0x46, 0x00, 0x4a, 0x00, 0x00,
  0x00, 0x00, 0xff, 0x40, 0xff, 0x42, 0xff, 0x9e, 0x00, 0x30, 0xff, 0x64,
  0x00, 0x00, 0xfe, 0xd1, 0xff, 0x7c, 0x00, 0x00, 0x00, 0x37, 0x00, 0x00,
  0x00, 0x00, 0x00, 0x00, 0x00, 0x00, 0x00, 0x00, 0x00, 0x25, 0x00, 0x00,
  0x00, 0x00, 0x00, 0x29, 0x00, 0x00, 0xff, 0xde, 0x00, 0x00, 0xff, 0x9f,
  0x00, 0x00, 0xff, 0x28, 0xff, 0x9e, 0x00, 0x00, 0x00, 0x00, 0x00, 0x00,
  0x00, 0x00, 0x00, 0x00, 0x00, 0x07, 0x00, 0x00, 0x00, 0x00, 0x00, 0x00,
  0xff, 0xf9, 0x00, 0x00, 0x00, 0x00, 0xff, 0xfa, 0x00, 0x00, 0x00, 0x00,
  0xff, 0xf9, 0x00, 0x00, 0x00, 0x00, 0x00, 0x00, 0x00, 0x00, 0x00, 0x00,
  0xff, 0xf9, 0xff, 0xf2, 0xff, 0xe5, 0x00, 0x62, 0x00, 0x00, 0x00, 0x00,
  0x00, 0x00, 0x00, 0x00, 0xff, 0xf2, 0x00, 0x48, 0x00, 0x00, 0x00, 0x00,
  0x00, 0x00, 0xff, 0xfa, 0x00, 0x00, 0x00, 0x00, 0x00, 0x00, 0xff, 0xd7,
  0x00, 0x00, 0x00, 0x00, 0x00, 0x00, 0x00, 0x1c, 0x00, 0x00, 0xff, 0xef,
  0xff, 0xde, 0x00, 0x00, 0x00, 0x00, 0xff, 0xdb, 0xff, 0xfa, 0xff, 0xe1,
  0xff, 0xec, 0x00, 0x0e, 0xff, 0xf3, 0xff, 0xd4, 0x00, 0x00, 0x00, 0x00,
  0xff, 0xc2, 0x00, 0x00, 0xff, 0xe3, 0x00, 0x00, 0x00, 0x00, 0xff, 0xec,
  0xff, 0xc0, 0x00, 0x00, 0x00, 0x00, 0xff, 0xfd, 0xff, 0xed, 0xff, 0xf3,
  0x00, 0x00, 0xff, 0xad, 0x00, 0x00, 0xff, 0xd1, 0x00, 0x0e, 0x00, 0x00,
  0x00, 0x00, 0x00, 0x00, 0x00, 0x00, 0x00, 0x00, 0x00, 0x00, 0x00, 0x00,
  0x00, 0x00, 0x00, 0x00, 0x00, 0x00, 0x00, 0x00, 0x00, 0x00, 0x00, 0x00,
  0x00, 0x00, 0xff, 0xfa, 0x00, 0x00, 0xff, 0xe6, 0xff, 0xf3, 0x00, 0x00,
  0xff, 0xfd, 0xff, 0xf5, 0x00, 0x00, 0xff, 0xf4, 0xff, 0xf2, 0xff, 0xe6,
  0x00, 0x00, 0x00, 0x00, 0x00, 0x06, 0x00, 0x00, 0xff, 0xc0, 0xff, 0xe3,
  0x00, 0x11, 0x00, 0x00, 0x00, 0x00, 0xff, 0xfb, 0xff, 0xd8, 0x00, 0x00,
  0xff, 0xeb, 0xff, 0xed, 0xff, 0xd9, 0xff, 0xf3, 0x00, 0x00, 0x00, 0x0e,
  0x00, 0x00, 0xff, 0x87, 0x00, 0x15, 0x00, 0x00, 0x00, 0x29, 0x00, 0x00,
  0x00, 0x00, 0x00, 0x00, 0x00, 0x00, 0x00, 0x00, 0x00, 0x00, 0x00, 0x00,
  0x00, 0x00, 0xff, 0xd4, 0x00, 0x00, 0x00, 0x00, 0x00, 0x00, 0xff, 0xfa,
  0x00, 0x00, 0xff, 0xe6, 0xff, 0xc6, 0x00, 0x00, 0x00, 0x00, 0xff, 0xc3,
  0xff, 0xf6, 0x00, 0x00, 0xff, 0xf6, 0x00, 0x00, 0xff, 0xf0, 0x00, 0x00,
  0xff, 0xcd, 0x00, 0x00, 0xff, 0xc3, 0xff, 0xb7, 0x00, 0x00, 0x00, 0x00,
  0xff, 0xed, 0xff, 0xb7, 0xff, 0xd1, 0x00, 0x00, 0x00, 0x00, 0x00, 0x15,
  0x00, 0x10, 0x00, 0x11, 0x00, 0x00, 0xff, 0xdf, 0x00, 0x00, 0x00, 0x00,
  0x00, 0x0e, 0x00, 0x00, 0x00, 0x15, 0x00, 0x48, 0x00, 0x00, 0x00, 0x00,
  0x00, 0x00, 0xff, 0xc1, 0xff, 0xdc, 0x00, 0x00, 0x00, 0x00, 0x00, 0x00,
  0x00, 0x00, 0xff, 0xd5, 0x00, 0x00, 0x00, 0x00, 0x00, 0x00, 0x00, 0x00,
  0x00, 0x00, 0x00, 0x00, 0x00, 0x00, 0xff, 0xfe, 0x00, 0x00, 0x00, 0x00,
  0xff, 0xea, 0x00, 0x00, 0x00, 0x00, 0x00, 0x00, 0x00, 0x17, 0x00, 0x00,
  0x00, 0x00, 0xff, 0xf7, 0x00, 0x00, 0x00, 0x00, 0xff, 0xfd, 0x00, 0x00,
  0x00, 0x00, 0x00, 0x00, 0x00, 0x00, 0xff, 0x96, 0xff, 0xf0, 0x00, 0x06,
  0xff, 0xdb, 0xff, 0xcc, 0x00, 0x00, 0x00, 0x00, 0x00, 0x00, 0x00, 0x00,
  0xff, 0xf9, 0x00, 0x30, 0x00, 0x00, 0x00, 0x00, 0x00, 0x00, 0x00, 0x0e,
  0x00, 0x2c, 0x00, 0x00, 0x00, 0x00, 0x00, 0x00, 0x00, 0x00, 0x00, 0x22,
  0x00, 0x00, 0x00, 0x00, 0x00, 0x00, 0xff, 0x95, 0x00, 0x17, 0x00, 0x00,
  0x00, 0x00, 0xff, 0xed, 0x00, 0x00, 0xff, 0xd8, 0xff, 0xf0, 0x00, 0x1e,
  0x00, 0x12, 0xff, 0xd5, 0xff, 0xa2, 0x00, 0x00, 0xff, 0x2f, 0xff, 0xaa,
  0x00, 0x37, 0x00, 0x00, 0x00, 0x00, 0xff, 0x4b, 0xff, 0x71, 0x00, 0x00,
  0x00, 0x00, 0x00, 0x0e, 0x00, 0x03, 0x00, 0x0d, 0xff, 0xfa, 0xff, 0x97,
  0x00, 0x00, 0x00, 0x00, 0x00, 0x44, 0x00, 0x00, 0x00, 0x00, 0x00, 0x00,
  0x00, 0x00, 0x00, 0x00, 0x00, 0x00, 0x00, 0x00, 0xff, 0x39, 0x00, 0x00,
  0x00, 0x00, 0x00, 0x1c, 0x00, 0x00, 0xff, 0xdb, 0x00, 0x00, 0xff, 0xfa,
  0x00, 0x00, 0x00, 0x06, 0x00, 0x29, 0x00, 0x00, 0x00, 0x00, 0xff, 0x88,
  0xff, 0x88, 0xff, 0xa3, 0xff, 0x88, 0xff, 0x62, 0xff, 0x88, 0x00, 0x00,
  0xff, 0x88, 0x00, 0x00, 0x00, 0x00, 0xff, 0xae, 0x00, 0x00, 0x00, 0x00,
  0xff, 0x73, 0x00, 0x00, 0x00, 0x00, 0x00, 0x00, 0x00, 0x00, 0xff, 0x7a,
  0xff, 0x6c, 0xff, 0x95, 0x00, 0x00, 0x00, 0x00, 0x00, 0x00, 0x00, 0x00,
  0xff, 0xb5, 0x00, 0x00, 0xff, 0xe5, 0x00, 0x00, 0x00, 0x00, 0x00, 0x00,
  0x00, 0x00, 0x00, 0x00, 0x00, 0x00, 0x00, 0x00, 0x00, 0x00, 0x00, 0x00,
  0x00, 0x00, 0x00, 0x00, 0x00, 0x00, 0x00, 0x00, 0x00, 0x00, 0x00, 0x00,
  0xff, 0x5f, 0x00, 0x00, 0x00, 0x00, 0xff, 0x68, 0xff, 0xe1, 0xff, 0xfa,
  0xff, 0x86, 0xff, 0x53, 0xff, 0x84, 0x00, 0x00, 0xff, 0x90, 0x00, 0x00,
  0x00, 0x4f, 0xff, 0xd2, 0xff, 0xfc, 0x00, 0x00, 0xff, 0x67, 0x00, 0x44,
  0x00, 0x42, 0x00, 0x00, 0x00, 0x14, 0xff, 0x5c, 0xff, 0x5f, 0xff, 0xa5,
  0x00, 0x37, 0xff, 0xc6, 0x00, 0x13, 0xff, 0x27, 0xff, 0xa9, 0x00, 0x00,
  0x00, 0x22, 0x00, 0x00, 0x00, 0x00, 0xff, 0x8b, 0x00, 0x00, 0x00, 0x00,
  0x00, 0x13, 0x00, 0x00, 0x00, 0x00, 0x00, 0x18, 0x00, 0x00, 0x00, 0x00,
  0x00, 0x00, 0xff, 0xdc, 0x00, 0x00, 0xff, 0x3f, 0xff, 0x8a, 0x00, 0x00,
  0x00, 0x00, 0xff, 0x48, 0xff, 0x7d, 0x00, 0x00, 0xff, 0x72, 0xfe, 0xfd,
  0xff, 0x83, 0x00, 0x00, 0x00, 0x00, 0x00, 0x00, 0x00, 0x00, 0xff, 0xac,
  0x00, 0x00, 0x00, 0x00, 0xff, 0x56, 0x00, 0x00, 0x00, 0x1f, 0x00, 0x00,
  0x00, 0x00, 0xff, 0x2b, 0xff, 0x57, 0xff, 0x75, 0x00, 0x00, 0x00, 0x00,
  0x00, 0x00, 0x00, 0x00, 0xff, 0x54, 0x00, 0x00, 0x00, 0x00, 0x00, 0x00,
  0x00, 0x00, 0x00, 0x00, 0x00, 0x00, 0x00, 0x00, 0x00, 0x00, 0x00, 0x00,
  0x00, 0x00, 0x00, 0x00, 0x00, 0x00, 0x00, 0x00, 0x00, 0x00, 0x00, 0x00,
  0x00, 0x00, 0x00, 0x00, 0xff, 0x8b, 0x00, 0x00, 0x00, 0x00, 0xff, 0x91,
  0xff, 0xe5, 0xff, 0xc2, 0xff, 0x98, 0xff, 0x23, 0x00, 0x00, 0x00, 0x00,
  0x00, 0x00, 0x00, 0x00, 0x00, 0x4d, 0xff, 0xf2, 0xff, 0xd4, 0x00, 0x00,
  0xff, 0xaa, 0x00, 0x42, 0x00, 0x29, 0x00, 0x00, 0x00, 0x13, 0xff, 0x98,
  0xff, 0x9a, 0xff, 0xe5, 0x00, 0x40, 0xff, 0x9f, 0x00, 0x13, 0xfe, 0xdc,
  0xff, 0x9f, 0x00, 0x00, 0x00, 0x00, 0x00, 0x00, 0x00, 0x00, 0x00, 0x00,
  0x00, 0x00, 0x00, 0x00, 0x00, 0x00, 0x00, 0x00, 0x00, 0x00, 0x00, 0x1d,
  0x00, 0x00, 0x00, 0x03, 0x00, 0x00, 0xff, 0xed, 0x00, 0x00, 0xff, 0x74,
  0xff, 0xbb, 0x00, 0x00, 0x00, 0x0e, 0x00, 0x00, 0x00, 0x00, 0xff, 0xcc,
  0x00, 0x00, 0x00, 0x3f, 0x00, 0x00, 0xff, 0xd5, 0x00, 0x00, 0x00, 0x00,
  0xff, 0x57, 0x00, 0x00, 0x00, 0x0e, 0x00, 0x00, 0x00, 0x00, 0xff, 0x73,
  0xff, 0x83, 0x00, 0x00, 0x00, 0x00, 0x00, 0x46, 0x00, 0x28, 0x00, 0x00,
  0x00, 0x00, 0x00, 0x00, 0x00, 0x00, 0x00, 0x00, 0x00, 0x36, 0x00, 0x00,
  0x00, 0x00, 0x00, 0x00, 0x00, 0x00, 0xff, 0xfa, 0x00, 0x00, 0x00, 0x00,
  0xff, 0x38, 0xff, 0x5c, 0x00, 0x28, 0x00, 0x00, 0x00, 0x00, 0x00, 0x00,
  0x00, 0x00, 0x00, 0x00, 0x00, 0x00, 0x00, 0x00, 0x00, 0x00, 0x00, 0x00,
  0x00, 0x00, 0x00, 0x00, 0x00, 0x00, 0x00, 0x00, 0x00, 0x00, 0x00, 0x00,
  0x00, 0x00, 0x00, 0x00, 0x00, 0x00, 0x00, 0x76, 0x00, 0x00, 0x00, 0x00,
  0x00, 0x00, 0x00, 0x24, 0x00, 0x00, 0x00, 0x00, 0x00, 0x00, 0xff, 0xfa,
  0x00, 0x00, 0x00, 0x00, 0x00, 0x00, 0x00, 0x00, 0x00, 0x00, 0x00, 0x00,
  0x00, 0x00, 0x00, 0x00, 0x00, 0x00, 0x00, 0x00, 0x00, 0x00, 0x00, 0x00,
  0x00, 0x00, 0xff, 0xf9, 0x00, 0x00, 0x00, 0x00, 0x00, 0x00, 0xff, 0xdf,
  0x00, 0x00, 0x00, 0x00, 0x00, 0x00, 0x00, 0x00, 0x00, 0x00, 0x00, 0x00,
  0x00, 0x00, 0x00, 0x00, 0x00, 0x00, 0x00, 0x00, 0x00, 0x00, 0xff, 0xc9,
  0x00, 0x00, 0x00, 0x00, 0xff, 0xd0, 0x00, 0x00, 0x00, 0x00, 0x00, 0x00,
  0x00, 0x29, 0x00, 0x00, 0x00, 0x00, 0x00, 0x1c, 0x00, 0x00, 0x00, 0x00,
  0xff, 0xd0, 0x00, 0x00, 0x00, 0x00, 0x00, 0x00, 0x00, 0x00, 0xff, 0x6c,
  0xff, 0xc2, 0xff, 0xc9, 0x00, 0x00, 0x00, 0x00, 0x00, 0x00, 0x00, 0x00,
  0xff, 0x7e, 0x00, 0x00, 0x00, 0x00, 0x00, 0x00, 0x00, 0x00, 0x00, 0x00,
  0x00, 0x00, 0x00, 0x00, 0x00, 0x00, 0x00, 0x00, 0x00, 0x00, 0x00, 0x00,
  0x00, 0x00, 0x00, 0x00, 0x00, 0x00, 0x00, 0x00, 0x00, 0x00, 0x00, 0x00,
  0x00, 0x1c, 0x00, 0x00, 0x00, 0x00, 0xff, 0xde, 0x00, 0x00, 0x00, 0x00,
  0xff, 0xfd, 0x00, 0x00, 0xff, 0xf6, 0x00, 0x00, 0x00, 0x00, 0x00, 0x00,
  0x00, 0x00, 0xff, 0xc5, 0x00, 0x00, 0x00, 0x00, 0xff, 0xf9, 0x00, 0x00,
  0xff, 0xca, 0x00, 0x00, 0x00, 0x00, 0x00, 0x00, 0x00, 0x10, 0xff, 0xf9,
  0x00, 0x0e, 0xff, 0xd9, 0x00, 0x1c, 0x00, 0x00, 0x00, 0x00, 0x00, 0x00,
  0x00, 0x00, 0x00, 0x48, 0x00, 0x00, 0x00, 0x00, 0x00, 0x00, 0xff, 0xe6,
  0x00, 0x00, 0x00, 0x00, 0x00, 0x00, 0x00, 0x00, 0x00, 0x00, 0xff, 0xc5,
  0x00, 0x00, 0x00, 0x00, 0x00, 0x00, 0x00, 0x00, 0x00, 0x07, 0x00, 0x00,
  0x00, 0x00, 0xff, 0xaa, 0xff, 0xe5, 0x00, 0x00, 0x00, 0x00, 0x00, 0x00,
  0x00, 0x00, 0x00, 0x00, 0x00, 0x1b, 0x00, 0x00, 0x00, 0x00, 0x00, 0x1e,
  0x00, 0x00, 0x00, 0x00, 0xff, 0xbb, 0x00, 0x00, 0x00, 0x00, 0x00, 0x00,
  0x00, 0x00, 0xff, 0x3b, 0xff, 0xc9, 0x00, 0x00, 0x00, 0x00, 0x00, 0x00,
  0x00, 0x00, 0x00, 0x00, 0x00, 0x00, 0x00, 0x00, 0x00, 0x00, 0x00, 0x00,
  0x00, 0x00, 0x00, 0x00, 0x00, 0x00, 0x00, 0x00, 0x00, 0x00, 0x00, 0x00,
  0x00, 0x00, 0x00, 0x00, 0x00, 0x00, 0x00, 0x00, 0x00, 0x00, 0x00, 0x00,
  0x00, 0x00, 0x00, 0x00, 0x00, 0x00, 0x00, 0x00, 0x00, 0x00, 0x00, 0x00,
  0x00, 0x00, 0x00, 0x00, 0x00, 0x00, 0xff, 0xc0, 0x00, 0x00, 0x00, 0x00,
  0x00, 0x00, 0x00, 0x00, 0xff, 0xa2, 0x00, 0x00, 0xff, 0xef, 0x00, 0x00,
  0x00, 0x00, 0xff, 0xe7, 0xff, 0xc0, 0x00, 0x00, 0xff, 0xac, 0xff, 0xc9,
  0x00, 0x00, 0x00, 0x00, 0xff, 0xfa, 0x00, 0x00, 0x00, 0x00, 0x00, 0x00,
  0xff, 0xf0, 0x00, 0x00, 0x00, 0x00, 0x00, 0x00, 0x00, 0x00, 0x00, 0x00,
  0x00, 0x00, 0x00, 0x00, 0x00, 0x00, 0x00, 0x00, 0x00, 0x00, 0xff, 0xaf,
  0x00, 0x00, 0x00, 0x00, 0x00, 0x00, 0x00, 0x00, 0x00, 0x00, 0xff, 0xe7,
  0xff, 0xfa, 0x00, 0x00, 0x00, 0x00, 0x00, 0x00, 0x00, 0x00, 0x00, 0x00,
  0x00, 0x00, 0x00, 0x0e, 0x00, 0x00, 0x00, 0x00, 0x00, 0x00, 0x00, 0x00,
  0xff, 0x9b, 0x00, 0x00, 0xff, 0xfd, 0x00, 0x00, 0x00, 0x00, 0xff, 0xbe,
  0xff, 0xb3, 0x00, 0x00, 0x00, 0x00, 0x00, 0x00, 0x00, 0x00, 0x00, 0x03,
  0x00, 0x00, 0x00, 0x00, 0x00, 0x00, 0x00, 0x00, 0x00, 0x0e, 0x00, 0x1a,
  0x00, 0x00, 0x00, 0x00, 0x00, 0x00, 0x00, 0x00, 0x00, 0x00, 0x00, 0x00,
  0x00, 0x00, 0x00, 0x00, 0x00, 0x00, 0x00, 0x00, 0x00, 0x00, 0x00, 0x00,
  0x00, 0x00, 0x00, 0x00, 0x00, 0x00, 0x00, 0x00, 0x00, 0x00, 0x00, 0x00,
  0x00, 0x00, 0xff, 0xed, 0xff, 0xf0, 0x00, 0x00, 0x00, 0x15, 0x00, 0x0e,
  0xff, 0xf2, 0xff, 0xf9, 0xff, 0xde, 0x00, 0x00, 0x00, 0x06, 0x00, 0x00,
  0x00, 0x08, 0x00, 0x00, 0x00, 0x00, 0x00, 0x28, 0x00, 0x1f, 0x00, 0x00,
  0x00, 0x1e, 0x00, 0x00, 0x00, 0x00, 0x00, 0x1c, 0x00, 0x00, 0xff, 0xcc,
  0x00, 0x00, 0xff, 0xe5, 0x00, 0x0d, 0x00, 0x00, 0x00, 0x00, 0x00, 0x0e,
  0x00, 0x00, 0x00, 0x00, 0x00, 0x00, 0x00, 0x00, 0x00, 0x00, 0x00, 0x00,
  0x00, 0x00, 0x00, 0x1c, 0x00, 0x00, 0x00, 0x00, 0x00, 0x00, 0x00, 0x00,
  0x00, 0x00, 0x00, 0x06, 0x00, 0x00, 0x00, 0x00, 0x00, 0x00, 0xff, 0xe6,
  0x00, 0x00, 0x00, 0x00, 0xff, 0xe2, 0x00, 0x00, 0xff, 0xed, 0x00, 0x00,
  0x00, 0x15, 0x00, 0x00, 0x00, 0x00, 0x00, 0x23, 0x00, 0x00, 0x00, 0x00,
  0xff, 0xea, 0x00, 0x00, 0x00, 0x00, 0x00, 0x00, 0x00, 0x00, 0x00, 0x00,
  0xff, 0xf4, 0x00, 0x0e, 0x00, 0x00, 0xff, 0xbb, 0x00, 0x51, 0x00, 0x00,
  0x00, 0x00, 0x00, 0x00, 0x00, 0x25, 0x00, 0x07, 0x00, 0x00, 0x00, 0x00,
  0x00, 0x00, 0x00, 0x0e, 0x00, 0x1c, 0x00, 0x00, 0x00, 0x00, 0x00, 0x00,
  0x00, 0x00, 0x00, 0x1f, 0x00, 0x00, 0x00, 0x00, 0x00, 0x00, 0xff, 0xe1,
  0x00, 0x08, 0x00, 0x00, 0x00, 0x00, 0xff, 0xf2, 0x00, 0x00, 0x00, 0x00,
  0x00, 0x15, 0x00, 0x00, 0xff, 0xf9, 0x00, 0x00, 0x00, 0x08, 0x00, 0x00,
  0xff, 0xbb, 0x00, 0x18, 0x00, 0x00, 0x00, 0x00, 0x00, 0x12, 0xff, 0xc9,
  0x00, 0x00, 0x00, 0x00, 0x00, 0x00, 0x00, 0x00, 0xff, 0xfa, 0x00, 0x1f,
  0x00, 0x00, 0xff, 0xb3, 0x00, 0x00, 0x00, 0x00, 0x00, 0x00, 0x00, 0x00,
  0x00, 0x00, 0x00, 0x3e, 0x00, 0x00, 0x00, 0x00, 0x00, 0x00, 0xff, 0xe0,
  0x00, 0x00, 0x00, 0x00, 0x00, 0x00, 0x00, 0x00, 0x00, 0x00, 0xff, 0xfd,
  0x00, 0x00, 0x00, 0x00, 0x00, 0x00, 0x00, 0x00, 0xff, 0xf7, 0x00, 0x00,
  0x00, 0x00, 0xff, 0xd7, 0x00, 0x00, 0x00, 0x00, 0xff, 0xec, 0xff, 0x79,
  0xff, 0xec, 0x00, 0x00, 0xff, 0xec, 0x00, 0x00, 0x00, 0x36, 0x00, 0x0b,
  0xff, 0xec, 0x00, 0x00, 0xff, 0xe5, 0x00, 0x44, 0x00, 0x09, 0x00, 0x00,
  0xff, 0xe5, 0xff, 0x64, 0xff, 0xec, 0xff, 0xfd, 0x00, 0x29, 0xff, 0xfa,
  0x00, 0x00, 0x00, 0x00, 0xff, 0x9c, 0x00, 0x00, 0x00, 0x00, 0x00, 0x00,
  0x00, 0x00, 0x00, 0x00, 0x00, 0x00, 0x00, 0x00, 0x00, 0x00, 0x00, 0x00,
  0x00, 0x00, 0x00, 0x00, 0x00, 0x00, 0x00, 0x00, 0x00, 0x00, 0xff, 0xf7,
  0x00, 0x00, 0xff, 0x8d, 0xff, 0xcd, 0x00, 0x00, 0x00, 0x00, 0x00, 0x1c,
  0x00, 0x00, 0x00, 0x00, 0x00, 0x03, 0xff, 0xce, 0x00, 0x00, 0x00, 0x00,
  0xff, 0xd1, 0x00, 0x00, 0xff, 0x68, 0xff, 0xe2, 0xff, 0xdc, 0x00, 0x00,
  0x00, 0x0e, 0xff, 0x09, 0xff, 0x73, 0x00, 0x00, 0xff, 0xc4, 0x00, 0x00,
  0xff, 0xf2, 0x00, 0x04, 0x00, 0x00, 0x00, 0x00, 0x00, 0x00, 0x00, 0x00,
  0xff, 0xe4, 0x00, 0x00, 0x00, 0x00, 0x00, 0x00, 0x00, 0x00, 0x00, 0x00,
  0xff, 0x77, 0x00, 0x00, 0x00, 0x00, 0xff, 0x1c, 0x00, 0x00, 0xff, 0x7c,
  0x00, 0x00, 0x00, 0x00, 0x00, 0x00, 0x00, 0x00, 0x00, 0x00, 0x00, 0x00,
  0xff, 0xb6, 0x00, 0x00, 0x00, 0x00, 0xff, 0xca, 0x00, 0x00, 0x00, 0x00,
  0xff, 0xde, 0x00, 0x00, 0xff, 0xf0, 0x00, 0x00, 0x00, 0x22, 0x00, 0x00,
  0x00, 0x00, 0x00, 0x02, 0x00, 0x00, 0x00, 0x00, 0xff, 0xdb, 0x00, 0x00,
  0xff, 0xd7, 0x00, 0x00, 0x00, 0x00, 0x00, 0x00, 0xff, 0xd8, 0x00, 0x00,
  0xff, 0xfa, 0xff, 0xaf, 0x00, 0x00, 0x00, 0x00, 0x00, 0x00, 0x00, 0x00,
  0x00, 0x00, 0x00, 0x00, 0x00, 0x00, 0x00, 0x00, 0x00, 0x00, 0xff, 0xb8,
  0x00, 0x00, 0x00, 0x00, 0x00, 0x00, 0x00, 0x00, 0x00, 0x00, 0x00, 0x1b,
  0x00, 0x00, 0x00, 0x1c, 0x00, 0x00, 0x00, 0x00, 0x00, 0x00, 0x00, 0x00,
  0x00, 0x00, 0xff, 0xc0, 0x00, 0x00, 0x00, 0x00, 0xff, 0xe8, 0x00, 0x22,
  0xff, 0xb9, 0xff, 0xd4, 0xff, 0x97, 0x00, 0x00, 0x00, 0x1c, 0xff, 0x89,
  0xff, 0xb9, 0x00, 0x00, 0xff, 0xde, 0x00, 0x0e, 0x00, 0x29, 0x00, 0x00,
  0x00, 0x00, 0x00, 0x00, 0x00, 0x00, 0x00, 0x00, 0x00, 0x00, 0xff, 0x82,
  0x00, 0x00, 0x00, 0x00, 0x00, 0x22, 0x00, 0x00, 0x00, 0x00, 0x00, 0x00,
  0x00, 0x00, 0x00, 0x00, 0x00, 0x00, 0x00, 0x00, 0x00, 0x00, 0x00, 0x00,
  0x00, 0x00, 0x00, 0x00, 0x00, 0x00, 0xff, 0xe2, 0x00, 0x00, 0x00, 0x00,
  0x00, 0x00, 0x00, 0x00, 0x00, 0x00, 0x00, 0x00, 0x00, 0x00, 0x00, 0x00,
  0x00, 0x00, 0x00, 0x00, 0x00, 0x00, 0xff, 0xaf, 0x00, 0x00, 0x00, 0x00,
  0x00, 0x00, 0x00, 0x00, 0x00, 0x00, 0x00, 0x00, 0x00, 0x00, 0x00, 0x00,
  0x00, 0x00, 0x00, 0x00, 0x00, 0x00, 0x00, 0x00, 0x00, 0x00, 0x00, 0x00,
  0x00, 0x00, 0x00, 0x00, 0x00, 0x00, 0x00, 0x00, 0x00, 0x00, 0x00, 0x00,
  0xff, 0xc5, 0x00, 0x00, 0x00, 0x00, 0x00, 0x00, 0x00, 0x00, 0x00, 0x00,
  0x00, 0x00, 0x00, 0x00, 0x00, 0x00, 0x00, 0x00, 0x00, 0x00, 0x00, 0x00,
  0x00, 0x00, 0x00, 0x00, 0x00, 0x00, 0x00, 0x00, 0x00, 0x00, 0x00, 0x00,
  0x00, 0x00, 0x00, 0x00, 0x00, 0x00, 0xff, 0xde, 0x00, 0x00, 0x00, 0x03,
  0xff, 0xe4, 0xff, 0x76, 0xff, 0xfd, 0x00, 0x00, 0x00, 0x28, 0x00, 0x00,
  0xff, 0xd7, 0x00, 0x11, 0x00, 0x06, 0x00, 0x00, 0xff, 0xdb, 0x00, 0x00,
  0x00, 0x00, 0x00, 0x00, 0xff, 0xd7, 0xff, 0x1e, 0xff, 0xe2, 0x00, 0x00,
  0xff, 0xf2, 0xff, 0xdc, 0x00, 0x00, 0xfe, 0xd1, 0xff, 0x87, 0x00, 0x00,
  0x00, 0x1c, 0xff, 0xe6, 0x00, 0x00, 0x00, 0x00, 0x00, 0x00, 0x00, 0x00,
  0x00, 0x00, 0x00, 0x00, 0x00, 0x00, 0xff, 0xaa, 0x00, 0x00, 0x00, 0x03,
  0x00, 0x00, 0x00, 0x29, 0x00, 0x00, 0xff, 0x39, 0xff, 0xff, 0x00, 0x00,
  0xff, 0xcd, 0x00, 0x26, 0x00, 0x00, 0xff, 0xd7, 0x00, 0x00, 0xff, 0xc3,
  0x00, 0x00, 0x00, 0x00, 0x00, 0x07, 0x00, 0x00, 0x00, 0x00, 0x00, 0x15,
  0x00, 0x00, 0x00, 0x00, 0x00, 0x29, 0x00, 0x00, 0xff, 0xa5, 0x00, 0x00,
  0x00, 0x00, 0x00, 0x00, 0x00, 0x00, 0x00, 0x22, 0x00, 0x00, 0x00, 0x00,
  0x00, 0x00, 0x00, 0x00, 0x00, 0x10, 0x00, 0x00, 0x00, 0x00, 0x00, 0x00,
  0x00, 0x00, 0x00, 0x00, 0x00, 0x00, 0x00, 0x00, 0x00, 0x00, 0x00, 0x00,
  0x00, 0x00, 0xff, 0xac, 0x00, 0x00, 0x00, 0x00, 0x00, 0x00, 0x00, 0x00,
  0x00, 0x00, 0x00, 0x00, 0xff, 0xe9, 0x00, 0x00, 0x00, 0x00, 0x00, 0x00,
  0x00, 0x00, 0x00, 0x00, 0x00, 0x00, 0x00, 0x00, 0x00, 0x00, 0x00, 0x00,
  0x00, 0x00, 0x00, 0x73, 0x00, 0x00, 0x00, 0x00, 0x00, 0x00, 0x00, 0x13,
  0x00, 0x00, 0x00, 0x00, 0x00, 0x00, 0x00, 0x00, 0x00, 0x00, 0x00, 0x00,
  0x00, 0x00, 0x00, 0x00, 0x00, 0x00, 0x00, 0x00, 0x00, 0x00, 0x00, 0x00,
  0x00, 0x00, 0x00, 0x00, 0x00, 0x00, 0x00, 0x00, 0x00, 0x00, 0x00, 0x00,
  0x00, 0x00, 0x00, 0x00, 0x00, 0x00, 0x00, 0x00, 0x00, 0x00, 0x00, 0x00,
  0x00, 0x00, 0x00, 0x00, 0x00, 0x00, 0x00, 0x00, 0x00, 0x00, 0x00, 0x00,
  0x00, 0x00, 0x00, 0x00, 0x00, 0x00, 0x00, 0x00, 0x00, 0x00, 0x00, 0x00,
  0x00, 0x00, 0x00, 0x00, 0x00, 0x00, 0x00, 0x00, 0x00, 0x00, 0x00, 0x76,
  0x00, 0x00, 0x00, 0x00, 0x00, 0x00, 0x00, 0x10, 0x00, 0x00, 0xff, 0xed,
  0x00, 0x00, 0x00, 0x00, 0x00, 0x00, 0x00, 0x00, 0x00, 0x00, 0x00, 0x00,
  0x00, 0x00, 0x00, 0x00, 0x00, 0x00, 0x00, 0x00, 0x00, 0x00, 0x00, 0x00,
  0x00, 0x00, 0x00, 0x00, 0xff, 0xe8, 0x00, 0x00, 0x00, 0x00, 0x00, 0x00,
  0x00, 0x00, 0x00, 0x00, 0x00, 0x00, 0x00, 0x00, 0x00, 0x00, 0x00, 0x00,
  0x00, 0x00, 0x00, 0x00, 0x00, 0x00, 0x00, 0x00, 0x00, 0x00, 0x00, 0x00,
  0x00, 0x00, 0x00, 0x00, 0x00, 0x00, 0x00, 0x00, 0x00, 0x00, 0x00, 0x00,
  0x00, 0x00, 0x00, 0x00, 0x00, 0x00, 0x00, 0x65, 0x00, 0x00, 0x00, 0x00,
  0x00, 0x00, 0x00, 0x13, 0x00, 0x00, 0x00, 0x00, 0x00, 0x00, 0x00, 0x00,
  0x00, 0x00, 0x00, 0x00, 0x00, 0x00, 0x00, 0x00, 0x00, 0x00, 0x00, 0x00,
  0x00, 0x00, 0x00, 0x00, 0x00, 0x00, 0x00, 0x00, 0x00, 0x00, 0x00, 0x00,
  0x00, 0x00, 0x00, 0x00, 0x00, 0x00, 0x00, 0x00, 0x00, 0x00, 0x00, 0x00,
  0x00, 0x00, 0x00, 0x00, 0x00, 0x00, 0x00, 0x00, 0x00, 0x00, 0x00, 0x00,
  0x00, 0x00, 0x00, 0x00, 0x00, 0x00, 0x00, 0x00, 0x00, 0x00, 0xff, 0x91,
  0xff, 0xc1, 0x00, 0x00, 0xff, 0xad, 0x00, 0x00, 0xff, 0xd9, 0x00, 0x00,
  0x00, 0x0e, 0x00, 0x00, 0x00, 0x00, 0xff, 0xf4, 0x00, 0x00, 0x00, 0x00,
  0xff, 0x85, 0x00, 0x00, 0x00, 0x00, 0x00, 0x00, 0x00, 0x00, 0x00, 0x00,
  0xff, 0xad, 0xff, 0xed, 0x00, 0x00, 0x00, 0x00, 0x00, 0x00, 0x00, 0x00,
  0x00, 0x00, 0x00, 0x00, 0x00, 0x00, 0x00, 0x00, 0x00, 0x00, 0x00, 0x00,
  0x00, 0x00, 0x00, 0x00, 0x00, 0x00, 0x00, 0x00, 0x00, 0x00, 0x00, 0x00,
  0x00, 0x00, 0x00, 0x00, 0x00, 0x00, 0x00, 0x00, 0x00, 0x00, 0x00, 0x00,
  0xff, 0xe0, 0x00, 0x00, 0x00, 0x00, 0xff, 0xa1, 0x00, 0x00, 0x00, 0x00,
  0xff, 0xc7, 0xff, 0x32, 0x00, 0x00, 0x00, 0x00, 0x00, 0x3c, 0x00, 0x00,
  0x00, 0x13, 0x00, 0x36, 0xff, 0xfd, 0x00, 0x00, 0xff, 0xb6, 0x00, 0x2f,
  0x00, 0x2b, 0x00, 0x00, 0x00, 0x00, 0x00, 0x00, 0xff, 0xbd, 0x00, 0x00,
  0x00, 0x00, 0x00, 0x00, 0x00, 0x00, 0x00, 0x00, 0xff, 0x91, 0x00, 0x00,
  0x00, 0x00, 0x00, 0x00, 0x00, 0x00, 0x00, 0x00, 0x00, 0x00, 0x00, 0x00,
  0x00, 0x00, 0x00, 0x00, 0x00, 0x00, 0x00, 0x06, 0x00, 0x00, 0x00, 0x00,
  0x00, 0x00, 0x00, 0x00, 0x00, 0x00, 0x00, 0x00, 0x00, 0x00, 0x00, 0x00,
  0x00, 0x00, 0xff, 0x71, 0xff, 0xd1, 0x00, 0x00, 0xff, 0x4f, 0xff, 0x17,
  0x00, 0x00, 0x00, 0x00, 0x00, 0x1a, 0x00, 0x00, 0x00, 0x00, 0x00, 0x00,
  0x00, 0x00, 0x00, 0x00, 0xff, 0x7f, 0x00, 0x00, 0x00, 0x00, 0x00, 0x00,
  0x00, 0x00, 0xff, 0x13, 0x00, 0x00, 0xff, 0xed, 0x00, 0x00, 0x00, 0x00,
  0x00, 0x00, 0x00, 0x00, 0x00, 0x00, 0x00, 0x00, 0x00, 0x00, 0x00, 0x00,
  0x00, 0x00, 0x00, 0x00, 0x00, 0x00, 0x00, 0x00, 0x00, 0x00, 0x00, 0x00,
  0x00, 0x00, 0x00, 0x00, 0x00, 0x00, 0x00, 0x00, 0x00, 0x00, 0x00, 0x00,
  0x00, 0x00, 0x00, 0x00, 0x00, 0x00, 0x00, 0x00, 0x00, 0x00, 0x00, 0x00,
  0xff, 0xf7, 0x00, 0x00, 0x00, 0x00, 0x00, 0x00, 0x00, 0x00, 0x00, 0x00,
  0x00, 0x00, 0x00, 0xc3, 0x00, 0x00, 0x00, 0x00, 0x00, 0x00, 0x00, 0x19,
  0x00, 0x00, 0x00, 0x00, 0x00, 0x00, 0xff, 0xed, 0x00, 0x00, 0xff, 0x1d,
  0x00, 0x00, 0x00, 0x00, 0x00, 0x62, 0x00, 0x00, 0x00, 0x00, 0x00, 0x00,
  0x00, 0x00, 0x00, 0x00, 0x00, 0x00, 0x00, 0x00, 0x00, 0x00, 0xff, 0xe7,
  0x00, 0x13, 0x00, 0x00, 0x00, 0x00, 0x00, 0x0d, 0x00, 0x06, 0x00, 0x00,
  0xff, 0xed, 0x00, 0x00, 0x00, 0x00, 0x00, 0x00, 0x00, 0x06, 0x00, 0x00,
  0x00, 0x00, 0x00, 0x00, 0x00, 0x00, 0x00, 0x00, 0x00, 0x00, 0x00, 0x00,
  0x00, 0x00, 0x00, 0x00, 0x00, 0x00, 0x00, 0x00, 0x00, 0x00, 0x00, 0x76,
  0x00, 0x00, 0x00, 0x00, 0x00, 0x00, 0x00, 0x57, 0x00, 0x00, 0x00, 0x00,
  0x00, 0x00, 0x00, 0x00, 0x00, 0x00, 0x00, 0x00, 0x00, 0x00, 0x00, 0x00,
  0xff, 0xfa, 0x00, 0x00, 0x00, 0x00, 0x00, 0x00, 0x00, 0x00, 0x00, 0x00,
  0x00, 0x00, 0x00, 0x00, 0x00, 0x00, 0x00, 0x00, 0x00, 0x00, 0x00, 0x00,
  0x00, 0x00, 0x00, 0x00, 0x00, 0x00, 0x00, 0x00, 0x00, 0x00, 0x00, 0x00,
  0x00, 0x45, 0x00, 0x00, 0x00, 0x00, 0x00, 0x00, 0x00, 0x00, 0x00, 0x00,
  0x00, 0x1c, 0x00, 0x0e, 0x00, 0x00, 0xff, 0xfd, 0x00, 0x00, 0xff, 0xeb,
  0x00, 0x00, 0x00, 0x00, 0xff, 0xfd, 0x00, 0x00, 0xff, 0xb0, 0x00, 0x00,
  0x00, 0x0e, 0x00, 0x00, 0x00, 0x00, 0xff, 0xe0, 0xff, 0xd1, 0x00, 0x00,
  0xff, 0xde, 0x00, 0x00, 0xff, 0xec, 0xff, 0xfa, 0xff, 0xfa, 0xff, 0xf7,
  0x00, 0x00, 0xff, 0xbd, 0x00, 0x00, 0x00, 0x00, 0x00, 0x00, 0x00, 0x22,
  0x00, 0x00, 0x00, 0x00, 0x00, 0x00, 0x00, 0x00, 0xff, 0xed, 0x00, 0x00,
  0x00, 0x00, 0xff, 0xca, 0x00, 0x00, 0x00, 0x00, 0x00, 0x00, 0x00, 0x00,
  0x00, 0x00, 0xff, 0xe9, 0x00, 0x00, 0x00, 0x00, 0x00, 0x00, 0xff, 0xc3,
  0xff, 0xf9, 0xff, 0xb8, 0xff, 0xf2, 0x00, 0x15, 0xff, 0xc3, 0xff, 0xe5,
  0xff, 0x8f, 0x00, 0x00, 0xff, 0xdf, 0xff, 0xbe, 0xff, 0xe2, 0x00, 0x00,
  0xff, 0xca, 0x00, 0x0e, 0xff, 0xf9, 0x00, 0x00, 0x00, 0x1c, 0x00, 0x00,
  0x00, 0x00, 0x00, 0x00, 0x00, 0x00, 0xff, 0x97, 0x00, 0x00, 0x00, 0x00,
  0x00, 0x36, 0x00, 0x28, 0x00, 0x29, 0xff, 0xed, 0x00, 0x00, 0x00, 0x00,
  0x00, 0x00, 0x00, 0x00, 0x00, 0x00, 0x00, 0x00, 0x00, 0x00, 0x00, 0x50,
  0x00, 0x00, 0x00, 0x00, 0x00, 0x00, 0x00, 0x00, 0x00, 0x00, 0x00, 0x09,
  0x00, 0x1c, 0x00, 0x00, 0x00, 0x00, 0x00, 0x00, 0x00, 0x00, 0x00, 0x00,
  0x00, 0x00, 0x00, 0x00, 0x00, 0x00, 0x00, 0x00, 0x00, 0x00, 0x00, 0x00,
  0x00, 0x00, 0x00, 0x00, 0x00, 0x00, 0x00, 0x00, 0x00, 0x00, 0x00, 0x00,
  0x00, 0x00, 0x00, 0x00, 0x00, 0x00, 0x00, 0x00, 0x00, 0x00, 0x00, 0x00,
  0x00, 0x00, 0x00, 0x00, 0x00, 0x00, 0x00, 0x00, 0x00, 0x00, 0x00, 0x00,
  0x00, 0x00, 0x00, 0x00, 0x00, 0x00, 0xff, 0xfa, 0x00, 0x00, 0x00, 0x00,
  0x00, 0x00, 0xff, 0xf0, 0x00, 0x00, 0x00, 0x00, 0x00, 0x00, 0x00, 0x00,
  0x00, 0x00, 0x00, 0x00, 0x00, 0x00, 0x00, 0x00, 0x00, 0x00, 0x00, 0x00,
  0x00, 0x00, 0xff, 0xfa, 0x00, 0x00, 0x00, 0x00, 0x00, 0x18, 0x00, 0x00,
  0x00, 0x00, 0x00, 0x00, 0x00, 0x1c, 0x00, 0x00, 0x00, 0x00, 0xff, 0xe8,
  0x00, 0x00, 0x00, 0x00, 0xff, 0xfa, 0x00, 0x00, 0x00, 0x4a, 0x00, 0x00,
  0x00, 0x00, 0xff, 0xed, 0xff, 0xf7, 0xff, 0xfd, 0x00, 0x19, 0xff, 0xf7,
  0x00, 0x00, 0x00, 0x00, 0x00, 0x00, 0x00, 0x00, 0xff, 0xf2, 0x00, 0x00,
  0x00, 0x00, 0x00, 0x00, 0x00, 0x00, 0x00, 0x00, 0x00, 0x28, 0x00, 0x00,
  0x00, 0x00, 0x00, 0x00, 0x00, 0x00, 0xff, 0xee, 0x00, 0x00, 0x00, 0x00,
  0x00, 0x00, 0xff, 0xf0, 0x00, 0x1c, 0x00, 0x00, 0x00, 0x00, 0x00, 0x00,
  0x00, 0x00, 0x00, 0x00, 0x00, 0x00, 0x00, 0x00, 0x00, 0x00, 0x00, 0x00,
  0x00, 0x00, 0x00, 0x00, 0x00, 0x00, 0x00, 0x00, 0x00, 0x00, 0xff, 0xf9,
  0x00, 0x00, 0x00, 0x00, 0x00, 0x00, 0x00, 0x00, 0x00, 0x00, 0x00, 0x00,
  0x00, 0x00, 0x00, 0x00, 0x00, 0x00, 0x00, 0x00, 0x00, 0x00, 0x00, 0x00,
  0x00, 0x00, 0x00, 0x00, 0x00, 0x00, 0x00, 0x00, 0x00, 0x00, 0x00, 0x00,
  0x00, 0x00, 0x00, 0x00, 0x00, 0x00, 0x00, 0x00, 0x00, 0x00, 0x00, 0x00,
  0x00, 0x00, 0x00, 0x00, 0x00, 0x00, 0x00, 0x00, 0x00, 0x00, 0x00, 0x00,
  0x00, 0x00, 0x00, 0x00, 0x00, 0x00, 0x00, 0x00, 0x00, 0x00, 0x00, 0x00,
  0x00, 0x00, 0x00, 0x00, 0x00, 0x00, 0x00, 0x00, 0x00, 0x30, 0x00, 0x00,
  0xff, 0x9f, 0x00, 0x37, 0xff, 0xfa, 0x00, 0x00, 0x00, 0x1c, 0xff, 0xdc,
  0xff, 0xb3, 0x00, 0x00, 0x00, 0x00, 0x00, 0x00, 0xff, 0xf2, 0x00, 0x1c,
  0x00, 0x00, 0x00, 0x00, 0x00, 0x00, 0x00, 0x00, 0x00, 0x00, 0x00, 0x00,
  0x00, 0x00, 0x00, 0x00, 0x00, 0x00, 0x00, 0x00, 0x00, 0x00, 0x00, 0x00,
  0x00, 0x00, 0x00, 0x00, 0x00, 0x00, 0xff, 0xf4, 0x00, 0x00, 0x00, 0x00,
  0x00, 0x00, 0x00, 0x00, 0x00, 0x00, 0x00, 0x00, 0x00, 0x1c, 0x00, 0x00,
  0x00, 0x00, 0x00, 0x00, 0x00, 0x00, 0x00, 0x00, 0x00, 0x00, 0x00, 0x00,
  0x00, 0x00, 0x00, 0x00, 0x00, 0x00, 0x00, 0x00, 0x00, 0x00, 0x00, 0x00,
  0x00, 0x00, 0x00, 0x00, 0x00, 0x00, 0x00, 0x00, 0x00, 0x00, 0x00, 0x00,
  0x00, 0x00, 0x00, 0x00, 0x00, 0x00, 0x00, 0x00, 0x00, 0x00, 0x00, 0x00,
  0x00, 0x00, 0x00, 0x00, 0x00, 0x00, 0x00, 0x00, 0x00, 0x00, 0x00, 0x00,
  0x00, 0x00, 0x00, 0x00, 0x00, 0x00, 0x00, 0x00, 0x00, 0x00, 0xff, 0xd2,
  0x00, 0x00, 0x00, 0x00, 0x00, 0x00, 0x00, 0x00, 0x00, 0x00, 0x00, 0x00,
  0x00, 0x2e, 0x00, 0x00, 0x00, 0x00, 0x00, 0x00, 0x00, 0x00, 0x00, 0x00,
  0x00, 0x00, 0x00, 0x00, 0x00, 0x00, 0x00, 0x06, 0x00, 0x00, 0xff, 0xd8,
  0xff, 0x9e, 0x00, 0x00, 0xff, 0x28, 0xff, 0xfd, 0xff, 0xfa, 0x00, 0x00,
  0x00, 0x00, 0xff, 0x3f, 0xff, 0x74, 0x00, 0x00, 0x00, 0x06, 0x00, 0x00,
  0x00, 0x14, 0x00, 0x0e, 0xff, 0x8a, 0x00, 0x00, 0x00, 0x00, 0x00, 0x00,
  0x00, 0x06, 0x00, 0x00, 0x00, 0x00, 0x00, 0x00, 0x00, 0x00, 0x00, 0x00,
  0x00, 0x00, 0x00, 0x00, 0x00, 0x00, 0x00, 0x00, 0x00, 0x00, 0x00, 0x0d,
  0x00, 0x00, 0x00, 0x00, 0x00, 0x00, 0x00, 0x00, 0x00, 0x00, 0x00, 0x00,
  0x00, 0x03, 0x00, 0x00, 0x00, 0x00, 0x00, 0x00, 0x00, 0x00, 0x00, 0x00,
  0x00, 0x00, 0x00, 0x00, 0x00, 0x00, 0x00, 0x00, 0x00, 0x00, 0x00, 0x00,
  0x00, 0x00, 0x00, 0x00, 0x00, 0x00, 0x00, 0x00, 0x00, 0x00, 0x00, 0x00,
  0x00, 0x00, 0x00, 0x00, 0x00, 0x00, 0x00, 0x00, 0x00, 0x00, 0x00, 0x00,
  0x00, 0x00, 0x00, 0x00, 0x00, 0x00, 0x00, 0x00, 0x00, 0x00, 0x00, 0x00,
  0x00, 0x00, 0x00, 0x00, 0x00, 0x00, 0x00, 0x00, 0x00, 0x00, 0x00, 0x00,
  0x00, 0x00, 0xff, 0xfa, 0x00, 0x00, 0x00, 0x00, 0x00, 0x00, 0x00, 0x00,
  0x00, 0x00, 0x00, 0x00, 0x00, 0x00, 0x00, 0x00, 0x00, 0x00, 0x00, 0x00,
  0x00, 0x00, 0x00, 0x00, 0x00, 0x00, 0x00, 0x00, 0x00, 0x00, 0x00, 0x00,
  0x00, 0x00, 0x00, 0x00, 0x00, 0x00, 0x00, 0x00, 0x00, 0x00, 0x00, 0x00,
  0x00, 0x00, 0x00, 0x00, 0x00, 0x00, 0x00, 0x00, 0x00, 0x00, 0x00, 0x00,
  0x00, 0x00, 0x00, 0x00, 0x00, 0x00, 0x00, 0x00, 0x00, 0x00, 0x00, 0x00,
  0x00, 0x00, 0x00, 0x00, 0x00, 0x00, 0x00, 0x00, 0x00, 0x00, 0x00, 0x00,
  0x00, 0x00, 0xff, 0xfa, 0x00, 0x00, 0x00, 0x00, 0x00, 0x00, 0x00, 0x00,
  0x00, 0x00, 0x00, 0x00, 0x00, 0x00, 0x00, 0x00, 0x00, 0x00, 0x00, 0x00,
  0x00, 0x00, 0x00, 0x00, 0x00, 0x00, 0x00, 0x00, 0x00, 0x00, 0xff, 0xca,
  0x00, 0x00, 0x00, 0x00, 0xff, 0xd8, 0x00, 0x00, 0xff, 0xeb, 0x00, 0x00,
  0x00, 0x00, 0x00, 0x00, 0x00, 0x00, 0xff, 0xea, 0xff, 0xe6, 0x00, 0x00,
  0xff, 0xde, 0x00, 0x00, 0xff, 0xe5, 0x00, 0x00, 0x00, 0x00, 0x00, 0x00,
  0x00, 0x09, 0x00, 0x03, 0xff, 0xfa, 0xff, 0xb0, 0x00, 0x00, 0x00, 0x00,
  0x00, 0x00, 0x00, 0x00, 0x00, 0x00, 0x00, 0x00, 0x00, 0x00, 0x00, 0x00,
  0x00, 0x00, 0x00, 0x00, 0x00, 0x00, 0x00, 0x00, 0x00, 0x00, 0x00, 0x00,
  0x00, 0x00, 0x00, 0x0e, 0x00, 0x00, 0x00, 0x00, 0x00, 0x00, 0xff, 0xf2,
  0xff, 0xf7, 0x00, 0x01, 0x00, 0x01, 0x02, 0x68, 0x00, 0x01, 0x00, 0x00,
  0x19, 0xf8, 0x00, 0x01, 0x19, 0xf2, 0x00, 0x02, 0x00, 0x03, 0x02, 0x58,
  0x02, 0x5c, 0x00, 0x00, 0x02, 0x5e, 0x02, 0x6c, 0x00, 0x05, 0x02, 0x7c,
  0x02, 0x83, 0x00, 0x14, 0x00, 0x02, 0x00, 0x05, 0x00, 0x74, 0x00, 0x79,
  0x00, 0x00, 0x00, 0xa3, 0x00, 0xa8, 0x00, 0x06, 0x01, 0x3a, 0x01, 0x3f,
  0x00, 0x0c, 0x01, 0x6a, 0x01, 0x6f, 0x00, 0x12, 0x01, 0x8b, 0x01, 0x8b,
  0x00, 0x18, 0x00, 0x19, 0x19, 0xbc, 0x19, 0xbc, 0x19, 0xbc, 0x19, 0xbc,
  0x19, 0xbc, 0x19, 0xbc, 0x19, 0xc2, 0x19, 0xc2, 0x19, 0xc2, 0x19, 0xc2,
  0x19, 0xc2, 0x19, 0xc2, 0x19, 0xc8, 0x19, 0xc8, 0x19, 0xc8, 0x19, 0xc8,
  0x19, 0xc8, 0x19, 0xc8, 0x19, 0xce, 0x19, 0xce, 0x19, 0xce, 0x19, 0xce,
  0x19, 0xce, 0x19, 0xce, 0x19, 0xd4, 0x00, 0x1c, 0x00, 0x00, 0x1a, 0x12,
  0x00, 0x00, 0x19, 0xa6, 0x00, 0x00, 0x19, 0xac, 0x00, 0x00, 0x19, 0xb2,
  0x00, 0x00, 0x19, 0xb8, 0x00, 0x00, 0x1a, 0x12, 0x00, 0x00, 0x1a, 0x12,
  0x00, 0x00, 0x19, 0xbe, 0x00, 0x00, 0x19, 0xc4, 0x00, 0x00, 0x19, 0xca,
  0x00, 0x00, 0x19, 0xd0, 0x00, 0x00, 0x19, 0xd6, 0x00, 0x00, 0x19, 0xdc,
  0x00, 0x00, 0x19, 0xe2, 0x00, 0x00, 0x19, 0xe8, 0x00, 0x01, 0x19, 0xee,
  0x00, 0x02, 0x19, 0xf4, 0x00, 0x02, 0x19, 0xfa, 0x00, 0x02, 0x1a, 0x00,
  0x00, 0x03, 0x1a, 0x06, 0x00, 0x00, 0x1a, 0x0c, 0x00, 0x00, 0x1a, 0x0c,
  0x00, 0x00, 0x1a, 0x0c, 0x00, 0x00, 0x1a, 0x0c, 0x00, 0x00, 0x1a, 0x12,
  0x00, 0x00, 0x1a, 0x12, 0x00, 0x00, 0x1a, 0x18, 0x00, 0x00, 0x1a, 0x1e,
  0x00, 0x02, 0x00, 0x18, 0x00, 0x01, 0x00, 0x1b, 0x00, 0x00, 0x00, 0x1d,
  0x00, 0x3b, 0x00, 0x1b, 0x00, 0x3d, 0x00, 0x5d, 0x00, 0x3a, 0x00, 0x5f,
  0x00, 0x81, 0x00, 0x5b, 0x00, 0x85, 0x00, 0x92, 0x00, 0x7e, 0x00, 0x94,
  0x00, 0xae, 0x00, 0x8c, 0x00, 0xb0, 0x00, 0xb4, 0x00, 0xa7, 0x00, 0xb6,
  0x00, 0xe5, 0x00, 0xac, 0x00, 0xe7, 0x00, 0xfe, 0x00, 0xdc, 0x01, 0x00,
  0x01, 0x17, 0x00, 0xf4, 0x01, 0x19, 0x01, 0x1c, 0x01, 0x0c, 0x01, 0x1e,
  0x01, 0x23, 0x01, 0x10, 0x01, 0x25, 0x01, 0x29, 0x01, 0x16, 0x01, 0x2b,
  0x01, 0x47, 0x01, 0x1b, 0x01, 0x4b, 0x01, 0x58, 0x01, 0x38, 0x01, 0x5a,
  0x01, 0x75, 0x01, 0x46, 0x01, 0x77, 0x01, 0x7b, 0x01, 0x62, 0x01, 0x7d,
  0x01, 0x8b, 0x01, 0x67, 0x02, 0x0d, 0x02, 0x0e, 0x01, 0x76, 0x02, 0x17,
  0x02, 0x17, 0x01, 0x78, 0x02, 0x1a, 0x02, 0x1a, 0x01, 0x79, 0x02, 0x1c,
  0x02, 0x1d, 0x01, 0x7a, 0x02, 0x4d, 0x02, 0x4d, 0x01, 0x7c, 0x02, 0x54,
  0x02, 0x55, 0x01, 0x7d, 0x00, 0x01, 0x02, 0x47, 0xff, 0xf2, 0x00, 0x01,
  0x02, 0x0a, 0xff, 0xf2, 0x00, 0x01, 0x01, 0x1e, 0xff, 0xe2, 0x00, 0x01,
  0x01, 0xd8, 0x00, 0x76, 0x00, 0x01, 0x01, 0xd8, 0x00, 0x64, 0x00, 0x01,
  0x01, 0xd8, 0x00, 0x73, 0x00, 0x01, 0x01, 0xd8, 0x00, 0xaf, 0x00, 0x01,
  0x01, 0xbe, 0xff, 0xf9, 0x00, 0x01, 0x01, 0xd7, 0x00, 0x61, 0x00, 0x01,
  0x01, 0xd7, 0x00, 0x22, 0x00, 0x01, 0x01, 0xd7, 0x00, 0x2f, 0x00, 0x01,
  0x02, 0x0a, 0xff, 0x64, 0x00, 0x01, 0x02, 0x0a, 0xff, 0xfa, 0x00, 0x01,
  0x02, 0x0a, 0xff, 0xea, 0x00, 0x02, 0x01, 0xca, 0x00, 0x1f, 0x01, 0xd8,
  0x00, 0x76, 0x00, 0x02, 0x01, 0xca, 0xff, 0xf9, 0x01, 0xd7, 0xff, 0xde,
  0x00, 0x02, 0x01, 0x76, 0xff, 0xe1, 0x02, 0x0a, 0xff, 0xfa, 0x00, 0x04,
  0x01, 0x05, 0x00, 0x07, 0x01, 0x1b, 0x00, 0x07, 0x01, 0x1e, 0x00, 0x07,
  0x02, 0x0a, 0xff, 0xd0, 0x00, 0x04, 0x01, 0xe8, 0x00, 0x13, 0x01, 0xf3,
  0x00, 0x13, 0x01, 0xf5, 0x00, 0x13, 0x01, 0xf7, 0x00, 0x13, 0x00, 0x05,
  0x01, 0xe1, 0xff, 0xd3, 0x01, 0xe2, 0xff, 0xd3, 0x01, 0xe5, 0xff, 0xd3,
  0x01, 0xea, 0xff, 0xd3, 0x01, 0xfc, 0xff, 0xd3, 0x00, 0x05, 0x01, 0x85,
  0x00, 0x07, 0x01, 0x86, 0x00, 0x07, 0x01, 0x87, 0x00, 0x07, 0x01, 0x88,
  0x00, 0x07, 0x01, 0x89, 0x00, 0x07, 0x00, 0x05, 0x01, 0xb9, 0xff, 0xe8,
  0x01, 0xbb, 0xff, 0xe8, 0x01, 0xbc, 0xff, 0xe8, 0x01, 0xbf, 0xff, 0xe8,
  0x01, 0xc1, 0xff, 0xe8, 0x00, 0x06, 0x00, 0xde, 0x00, 0x00, 0x01, 0x05,
  0x00, 0x00, 0x01, 0x09, 0x00, 0x00, 0x01, 0x1b, 0x00, 0x00, 0x01, 0x1e,
  0x00, 0x00, 0x02, 0x47, 0xff, 0xe5, 0x00, 0x06, 0x00, 0xdc, 0xff, 0x86,
  0x01, 0x05, 0x00, 0x00, 0x01, 0x09, 0x00, 0x00, 0x01, 0x1b, 0x00, 0x00,
  0x01, 0x1e, 0x00, 0x00, 0x02, 0x47, 0xff, 0xa7, 0x00, 0x08, 0x01, 0x5a,
  0xff, 0xbc, 0x01, 0x5b, 0xff, 0xbc, 0x01, 0x5c, 0xff, 0xbc, 0x01, 0x5d,
  0xff, 0xbc, 0x01, 0x5e, 0xff, 0xbc, 0x01, 0x5f, 0xff, 0xbc, 0x01, 0x8c,
  0xff, 0xbc, 0x01, 0x8d, 0xff, 0xbc, 0x00, 0x08, 0x01, 0xc3, 0xff, 0xec,
  0x01, 0xc5, 0xff, 0xec, 0x01, 0xc6, 0xff, 0xec, 0x01, 0xc8, 0xff, 0xec,
  0x01, 0xc9, 0xff, 0xec, 0x01, 0xcb, 0xff, 0xec, 0x01, 0xcc, 0xff, 0xec,
  0x01, 0xd7, 0xff, 0x98, 0x00, 0x08, 0x01, 0xb9, 0xff, 0xdb, 0x01, 0xba,
  0x00, 0x2b, 0x01, 0xbb, 0xff, 0xf1, 0x01, 0xbc, 0xff, 0xdb, 0x01, 0xbd,
  0xff, 0x40, 0x01, 0xbf, 0xff, 0xdb, 0x01, 0xc0, 0x00, 0x69, 0x01, 0xc1,
  0xff, 0xdb, 0x00, 0x0c, 0x00, 0x94, 0xff, 0x87, 0x00, 0x95, 0xff, 0x87,
  0x00, 0x96, 0xff, 0x87, 0x00, 0x97, 0xff, 0x87, 0x00, 0x98, 0xff, 0x87,
  0x00, 0x99, 0xff, 0x87, 0x00, 0xaf, 0xff, 0x86, 0x00, 0xb0, 0xff, 0x86,
  0x00, 0xb1, 0xff, 0x86, 0x00, 0xb2, 0xff, 0x86, 0x00, 0xb3, 0xff, 0x86,
  0x00, 0xb4, 0xff, 0x86, 0x00, 0x0f, 0x01, 0x76, 0x00, 0x0c, 0x01, 0x77,
  0x00, 0x0c, 0x01, 0x78, 0x00, 0x0c, 0x01, 0x79, 0x00, 0x0c, 0x01, 0x7a,
  0x00, 0x0c, 0x01, 0x7b, 0x00, 0x0c, 0x01, 0x7d, 0x00, 0x0c, 0x01, 0x7e,
  0x00, 0x0c, 0x01, 0x7f, 0x00, 0x0c, 0x01, 0x80, 0x00, 0x0c, 0x01, 0x81,
  0x00, 0x0c, 0x01, 0x82, 0x00, 0x0c, 0x01, 0x83, 0x00, 0x0c, 0x01, 0x84,
  0x00, 0x0c, 0x02, 0x0a, 0xff, 0xfa, 0x00, 0x1c, 0x00, 0xc3, 0xff, 0xed,
  0x00, 0xc4, 0xff, 0xed, 0x00, 0xc5, 0xff, 0xed, 0x00, 0xc6, 0xff, 0xed,
  0x00, 0xc7, 0xff, 0xed, 0x00, 0xc8, 0xff, 0xed, 0x00, 0xc9, 0xff, 0xed,
  0x00, 0xca, 0xff, 0xed, 0x00, 0xcb, 0xff, 0xed, 0x00, 0xcc, 0xff, 0xed,
  0x00, 0xcd, 0xff, 0xed, 0x00, 0xce, 0xff, 0xed, 0x00, 0xcf, 0xff, 0xed,
  0x00, 0xd0, 0xff, 0xed, 0x00, 0xd1, 0xff, 0xed, 0x00, 0xd2, 0xff, 0xed,
  0x00, 0xd3, 0xff, 0xed, 0x00, 0xd4, 0xff, 0xed, 0x00, 0xd5, 0xff, 0xed,
  0x00, 0xd6, 0xff, 0xed, 0x00, 0xd7, 0xff, 0xed, 0x00, 0xd8, 0xff, 0xed,
  0x00, 0xd9, 0xff, 0xed, 0x00, 0xda, 0xff, 0xed, 0x00, 0xdb, 0xff, 0xed,
  0x00, 0xdc, 0xff, 0xed, 0x00, 0xdd, 0xff, 0xed, 0x01, 0x1e, 0xff, 0xe2,
  0x00, 0x02, 0x00, 0x20, 0x00, 0x1c, 0x00, 0x1c, 0x00, 0x00, 0x00, 0x84,
  0x00, 0x84, 0x00, 0x01, 0x00, 0x94, 0x00, 0x99, 0x00, 0x02, 0x00, 0xaf,
  0x00, 0xb4, 0x00, 0x08, 0x00, 0xb6, 0x00, 0xbd, 0x00, 0x0e, 0x00, 0xdc,
  0x00, 0xe4, 0x00, 0x16, 0x00, 0xe6, 0x00, 0xe6, 0x00, 0x1f, 0x00, 0xe8,
  0x00, 0xe8, 0x00, 0x20, 0x00, 0xea, 0x00, 0xfe, 0x00, 0x21, 0x01, 0x1e,
  0x01, 0x23, 0x00, 0x36, 0x01, 0x2c, 0x01, 0x3a, 0x00, 0x3c, 0x01, 0x40,
  0x01, 0x49, 0x00, 0x4b, 0x01, 0x52, 0x01, 0x5a, 0x00, 0x55, 0x01, 0x76,
  0x01, 0x7b, 0x00, 0x5e, 0x01, 0x7d, 0x01, 0x84, 0x00, 0x64, 0x01, 0x8d,
  0x01, 0x8d, 0x00, 0x6c, 0x01, 0x91, 0x01, 0x9d, 0x00, 0x6d, 0x01, 0x9f,
  0x01, 0xa0, 0x00, 0x7a, 0x01, 0xa2, 0x01, 0xa2, 0x00, 0x7c, 0x01, 0xbd,
  0x01, 0xbd, 0x00, 0x7d, 0x01, 0xc0, 0x01, 0xc0, 0x00, 0x7e, 0x01, 0xc3,
  0x01, 0xcc, 0x00, 0x7f, 0x01, 0xd7, 0x01, 0xd7, 0x00, 0x89, 0x01, 0xd9,
  0x01, 0xe3, 0x00, 0x8a, 0x01, 0xe5, 0x01, 0xe6, 0x00, 0x95, 0x01, 0xea,
  0x01, 0xea, 0x00, 0x97, 0x01, 0xf8, 0x01, 0xfa, 0x00, 0x98, 0x01, 0xfc,
  0x01, 0xfc, 0x00, 0x9b, 0x02, 0x01, 0x02, 0x01, 0x00, 0x9c, 0x02, 0x03,
  0x02, 0x03, 0x00, 0x9d, 0x02, 0x0a, 0x02, 0x0a, 0x00, 0x9e, 0x02, 0x46,
  0x02, 0x47, 0x00, 0x9f, 0x00, 0x3f, 0x00, 0xdf, 0xff, 0xac, 0x00, 0xe0,
  0xff, 0xac, 0x00, 0xe1, 0xff, 0xac, 0x00, 0xe2, 0xff, 0xac, 0x00, 0xe3,
  0xff, 0xac, 0x00, 0xe4, 0xff, 0xac, 0x00, 0xe5, 0xff, 0xac, 0x00, 0xe6,
  0xff, 0xac, 0x00, 0xe7, 0xff, 0xac, 0x00, 0xe8, 0xff, 0xac, 0x00, 0xe9,
  0xff, 0xac, 0x00, 0xea, 0xff, 0xac, 0x00, 0xeb, 0xff, 0xac, 0x00, 0xec,
  0xff, 0xac, 0x00, 0xed, 0xff, 0xac, 0x00, 0xee, 0xff, 0xac, 0x00, 0xef,
  0xff, 0xac, 0x00, 0xf0, 0xff, 0xac, 0x00, 0xf1, 0xff, 0xac, 0x00, 0xf2,
  0xff, 0xac, 0x00, 0xf3, 0xff, 0xac, 0x00, 0xf4, 0xff, 0xac, 0x00, 0xf5,
  0xff, 0xac, 0x00, 0xf6, 0xff, 0xac, 0x00, 0xf7, 0xff, 0xac, 0x00, 0xf8,
  0xff, 0xac, 0x00, 0xf9, 0xff, 0xac, 0x00, 0xfa, 0xff, 0xac, 0x00, 0xfb,
  0xff, 0xac, 0x00, 0xfc, 0xff, 0xac, 0x00, 0xfd, 0xff, 0xac, 0x00, 0xfe,
  0xff, 0xac, 0x01, 0x2c, 0xff, 0xac, 0x01, 0x2d, 0xff, 0xac, 0x01, 0x2e,
  0xff, 0xac, 0x01, 0x2f, 0xff, 0xac, 0x01, 0x30, 0xff, 0xac, 0x01, 0x31,
  0xff, 0xac, 0x01, 0x32, 0xff, 0xac, 0x01, 0x33, 0xff, 0xac, 0x01, 0x34,
  0xff, 0xac, 0x01, 0x35, 0xff, 0xac, 0x01, 0x36, 0xff, 0xac, 0x01, 0x37,
  0xff, 0xac, 0x01, 0x38, 0xff, 0xac, 0x01, 0x39, 0xff, 0xac, 0x01, 0x3a,
  0xff, 0xac, 0x01, 0x3b, 0xff, 0xac, 0x01, 0x3c, 0xff, 0xac, 0x01, 0x3d,
  0xff, 0xac, 0x01, 0x3e, 0xff, 0xac, 0x01, 0x3f, 0xff, 0xac, 0x01, 0x40,
  0xff, 0xac, 0x01, 0x41, 0xff, 0xac, 0x01, 0x42, 0xff, 0xac, 0x01, 0x43,
  0xff, 0xac, 0x01, 0x44, 0xff, 0xac, 0x01, 0x45, 0xff, 0xac, 0x01, 0x46,
  0xff, 0xac, 0x01, 0x47, 0xff, 0xac, 0x01, 0x4a, 0xff, 0xac, 0x01, 0x8a,
  0xff, 0xac, 0x02, 0x46, 0xff, 0xac, 0x00, 0x5e, 0x00, 0xaf, 0xff, 0xe0,
  0x00, 0xb0, 0xff, 0xe0, 0x00, 0xb1, 0xff, 0xe0, 0x00, 0xb2, 0xff, 0xe0,
  0x00, 0xb3, 0xff, 0xe0, 0x00, 0xb4, 0xff, 0xe0, 0x00, 0xdf, 0xff, 0xf4,
  0x00, 0xe0, 0xff, 0xf4, 0x00, 0xe1, 0xff, 0xf4, 0x00, 0xe2, 0xff, 0xf4,
  0x00, 0xe3, 0xff, 0xf4, 0x00, 0xe4, 0xff, 0xf4, 0x00, 0xe5, 0xff, 0xf4,
  0x00, 0xe6, 0xff, 0xf4, 0x00, 0xe7, 0xff, 0xf4, 0x00, 0xe8, 0xff, 0xf4,
  0x00, 0xe9, 0xff, 0xf4, 0x00, 0xea, 0xff, 0xf4, 0x00, 0xeb, 0xff, 0xf4,
  0x00, 0xec, 0xff, 0xf4, 0x00, 0xed, 0xff, 0xf4, 0x00, 0xee, 0xff, 0xf4,
  0x00, 0xef, 0xff, 0xf4, 0x00, 0xf0, 0xff, 0xf4, 0x00, 0xf1, 0xff, 0xf4,
  0x00, 0xf2, 0xff, 0xf4, 0x00, 0xf3, 0xff, 0xf4, 0x00, 0xf4, 0xff, 0xf4,
  0x00, 0xf5, 0xff, 0xf4, 0x00, 0xf6, 0xff, 0xf4, 0x00, 0xf7, 0xff, 0xf4,
  0x00, 0xf8, 0xff, 0xf4, 0x00, 0xf9, 0xff, 0xf4, 0x00, 0xfa, 0xff, 0xf4,
  0x00, 0xfb, 0xff, 0xf4, 0x00, 0xfc, 0xff, 0xf4, 0x00, 0xfd, 0xff, 0xf4,
  0x00, 0xfe, 0xff, 0xf4, 0x01, 0x2c, 0xff, 0xf4, 0x01, 0x2d, 0xff, 0xf4,
  0x01, 0x2e, 0xff, 0xf4, 0x01, 0x2f, 0xff, 0xf4, 0x01, 0x30, 0xff, 0xf4,
  0x01, 0x31, 0xff, 0xf4, 0x01, 0x32, 0xff, 0xf4, 0x01, 0x33, 0xff, 0xf4,
  0x01, 0x34, 0xff, 0xf4, 0x01, 0x35, 0xff, 0xf4, 0x01, 0x36, 0xff, 0xf4,
  0x01, 0x37, 0xff, 0xf4, 0x01, 0x38, 0xff, 0xf4, 0x01, 0x39, 0xff, 0xf4,
  0x01, 0x3a, 0xff, 0xf4, 0x01, 0x3b, 0xff, 0xf4, 0x01, 0x3c, 0xff, 0xf4,
  0x01, 0x3d, 0xff, 0xf4, 0x01, 0x3e, 0xff, 0xf4, 0x01, 0x3f, 0xff, 0xf4,
  0x01, 0x40, 0xff, 0xf4, 0x01, 0x41, 0xff, 0xf4, 0x01, 0x42, 0xff, 0xf4,
  0x01, 0x43, 0xff, 0xf4, 0x01, 0x44, 0xff, 0xf4, 0x01, 0x45, 0xff, 0xf4,
  0x01, 0x46, 0xff, 0xf4, 0x01, 0x47, 0xff, 0xf4, 0x01, 0x4a, 0xff, 0xf4,
  0x01, 0x5a, 0x00, 0x00, 0x01, 0x5b, 0x00, 0x00, 0x01, 0x5c, 0x00, 0x00,
  0x01, 0x5d, 0x00, 0x00, 0x01, 0x5e, 0x00, 0x00, 0x01, 0x5f, 0x00, 0x00,
  0x01, 0x76, 0xff, 0xfa, 0x01, 0x77, 0xff, 0xfa, 0x01, 0x78, 0xff, 0xfa,
  0x01, 0x79, 0xff, 0xfa, 0x01, 0x7a, 0xff, 0xfa, 0x01, 0x7b, 0xff, 0xfa,
  0x01, 0x7d, 0xff, 0xfa, 0x01, 0x7e, 0xff, 0xfa, 0x01, 0x7f, 0xff, 0xfa,
  0x01, 0x80, 0xff, 0xfa, 0x01, 0x81, 0xff, 0xfa, 0x01, 0x82, 0xff, 0xfa,
  0x01, 0x83, 0xff, 0xfa, 0x01, 0x84, 0xff, 0xfa, 0x01, 0x8a, 0xff, 0xf4,
  0x01, 0x8c, 0x00, 0x00, 0x01, 0x8d, 0x00, 0x00, 0x01, 0xf8, 0xff, 0x96,
  0x01, 0xf9, 0xff, 0x96, 0x01, 0xfa, 0xff, 0x96, 0x02, 0x46, 0xff, 0xf4,
  0x00, 0x7e, 0x00, 0xde, 0xff, 0xfa, 0x00, 0xdf, 0xff, 0xfd, 0x00, 0xe0,
  0xff, 0xfd, 0x00, 0xe1, 0xff, 0xfd, 0x00, 0xe2, 0xff, 0xfd, 0x00, 0xe3,
  0xff, 0xfd, 0x00, 0xe4, 0xff, 0xfd, 0x00, 0xe5, 0xff, 0xfd, 0x00, 0xe6,
  0xff, 0xfd, 0x00, 0xe7, 0xff, 0xfd, 0x00, 0xe8, 0xff, 0xfd, 0x00, 0xe9,
  0xff, 0xfd, 0x00, 0xea, 0xff, 0xfd, 0x00, 0xeb, 0xff, 0xfd, 0x00, 0xec,
  0xff, 0xfd, 0x00, 0xed, 0xff, 0xfd, 0x00, 0xee, 0xff, 0xfd, 0x00, 0xef,
  0xff, 0xfd, 0x00, 0xf0, 0xff, 0xfd, 0x00, 0xf1, 0xff, 0xfd, 0x00, 0xf2,
  0xff, 0xfd, 0x00, 0xf3, 0xff, 0xfd, 0x00, 0xf4, 0xff, 0xfd, 0x00, 0xf5,
  0xff, 0xfd, 0x00, 0xf6, 0xff, 0xfd, 0x00, 0xf7, 0xff, 0xfd, 0x00, 0xf8,
  0xff, 0xfd, 0x00, 0xf9, 0xff, 0xfd, 0x00, 0xfa, 0xff, 0xfd, 0x00, 0xfb,
  0xff, 0xfd, 0x00, 0xfc, 0xff, 0xfd, 0x00, 0xfd, 0xff, 0xfd, 0x00, 0xfe,
  0xff, 0xfd, 0x01, 0x05, 0xff, 0xfa, 0x01, 0x06, 0xff, 0xfa, 0x01, 0x07,
  0xff, 0xfa, 0x01, 0x08, 0xff, 0xfa, 0x01, 0x09, 0xff, 0xfa, 0x01, 0x0a,
  0xff, 0xfa, 0x01, 0x0b, 0xff, 0xfa, 0x01, 0x0c, 0xff, 0xfa, 0x01, 0x0d,
  0xff, 0xfa, 0x01, 0x0e, 0xff, 0xfa, 0x01, 0x0f, 0xff, 0xfa, 0x01, 0x10,
  0xff, 0xfa, 0x01, 0x11, 0xff, 0xfa, 0x01, 0x12, 0xff, 0xfa, 0x01, 0x13,
  0xff, 0xfa, 0x01, 0x14, 0xff, 0xfa, 0x01, 0x15, 0xff, 0xfa, 0x01, 0x16,
  0xff, 0xfa, 0x01, 0x17, 0xff, 0xfa, 0x01, 0x1b, 0xff, 0xfa, 0x01, 0x1c,
  0xff, 0xfa, 0x01, 0x1d, 0xff, 0xfa, 0x01, 0x1e, 0xff, 0xfa, 0x01, 0x1f,
  0xff, 0xfa, 0x01, 0x20, 0xff, 0xfa, 0x01, 0x21, 0xff, 0xfa, 0x01, 0x22,
  0xff, 0xfa, 0x01, 0x23, 0xff, 0xfa, 0x01, 0x24, 0xff, 0xfa, 0x01, 0x25,
  0xff, 0xfa, 0x01, 0x26, 0xff, 0xfa, 0x01, 0x27, 0xff, 0xfa, 0x01, 0x28,
  0xff, 0xfa, 0x01, 0x29, 0xff, 0xfa, 0x01, 0x2a, 0xff, 0xfa, 0x01, 0x2b,
  0xff, 0xfa, 0x01, 0x2c, 0xff, 0xfd, 0x01, 0x2d, 0xff, 0xfd, 0x01, 0x2e,
  0xff, 0xfd, 0x01, 0x2f, 0xff, 0xfd, 0x01, 0x30, 0xff, 0xfd, 0x01, 0x31,
  0xff, 0xfd, 0x01, 0x32, 0xff, 0xfd, 0x01, 0x33, 0xff, 0xfd, 0x01, 0x34,
  0xff, 0xfd, 0x01, 0x35, 0xff, 0xfd, 0x01, 0x36, 0xff, 0xfd, 0x01, 0x37,
  0xff, 0xfd, 0x01, 0x38, 0xff, 0xfd, 0x01, 0x39, 0xff, 0xfd, 0x01, 0x3a,
  0xff, 0xfd, 0x01, 0x3b, 0xff, 0xfd, 0x01, 0x3c, 0xff, 0xfd, 0x01, 0x3d,
  0xff, 0xfd, 0x01, 0x3e, 0xff, 0xfd, 0x01, 0x3f, 0xff, 0xfd, 0x01, 0x40,
  0xff, 0xfd, 0x01, 0x41, 0xff, 0xfd, 0x01, 0x42, 0xff, 0xfd, 0x01, 0x43,
  0xff, 0xfd, 0x01, 0x44, 0xff, 0xfd, 0x01, 0x45, 0xff, 0xfd, 0x01, 0x46,
  0xff, 0xfd, 0x01, 0x47, 0xff, 0xfd, 0x01, 0x48, 0xff, 0xfa, 0x01, 0x49,
  0xff, 0xfa, 0x01, 0x4a, 0xff, 0xfd, 0x01, 0x4b, 0xff, 0xfa, 0x01, 0x4c,
  0xff, 0xfa, 0x01, 0x4d, 0xff, 0xfa, 0x01, 0x4e, 0xff, 0xfa, 0x01, 0x4f,
  0xff, 0xfa, 0x01, 0x50, 0xff, 0xfa, 0x01, 0x51, 0xff, 0xfa, 0x01, 0x59,
  0xff, 0xfa, 0x01, 0x76, 0xff, 0xe5, 0x01, 0x77, 0xff, 0xe5, 0x01, 0x78,
  0xff, 0xe5, 0x01, 0x79, 0xff, 0xe5, 0x01, 0x7a, 0xff, 0xe5, 0x01, 0x7b,
  0xff, 0xe5, 0x01, 0x7d, 0xff, 0xe5, 0x01, 0x7e, 0xff, 0xe5, 0x01, 0x7f,
  0xff, 0xe5, 0x01, 0x80, 0xff, 0xe5, 0x01, 0x81, 0xff, 0xe5, 0x01, 0x82,
  0xff, 0xe5, 0x01, 0x83, 0xff, 0xe5, 0x01, 0x84, 0xff, 0xe5, 0x01, 0x8a,
  0xff, 0xfd, 0x01, 0x8b, 0xff, 0xfa, 0x02, 0x0a, 0xff, 0xfa, 0x02, 0x46,
  0xff, 0xfd, 0x01, 0x7f, 0x11, 0x94, 0x00, 0x00, 0x11, 0x9a, 0x11, 0xa0,
  0x11, 0x94, 0x00, 0x00, 0x11, 0x9a, 0x11, 0xa0, 0x11, 0x94, 0x00, 0x00,
  0x11, 0x9a, 0x11, 0xa0, 0x11, 0x94, 0x00, 0x00, 0x11, 0x9a, 0x11, 0xa0,
  0x11, 0x94, 0x00, 0x00, 0x11, 0x9a, 0x11, 0xa0, 0x11, 0x94, 0x00, 0x00,
  0x11, 0x9a, 0x11, 0xa0, 0x11, 0x94, 0x00, 0x00, 0x11, 0x9a, 0x11, 0xa0,
  0x11, 0x94, 0x00, 0x00, 0x11, 0x9a, 0x11, 0xa0, 0x11, 0x94, 0x00, 0x00,
  0x11, 0x9a, 0x11, 0xa0, 0x11, 0x94, 0x00, 0x00, 0x11, 0x9a, 0x11, 0xa0,
  0x11, 0x94, 0x00, 0x00, 0x11, 0x9a, 0x11, 0xa0, 0x11, 0x94, 0x00, 0x00,
  0x11, 0x9a, 0x11, 0xa0, 0x11, 0x94, 0x00, 0x00, 0x11, 0x9a, 0x11, 0xa0,
  0x11, 0x94, 0x00, 0x00, 0x11, 0x9a, 0x11, 0xa0, 0x11, 0x94, 0x00, 0x00,
  0x11, 0x9a, 0x11, 0xa0, 0x11, 0x94, 0x00, 0x00, 0x11, 0x9a, 0x11, 0xa0,
  0x11, 0x94, 0x00, 0x00, 0x11, 0x9a, 0x11, 0xa0, 0x11, 0x94, 0x00, 0x00,
  0x11, 0x9a, 0x11, 0xa0, 0x11, 0x94, 0x00, 0x00, 0x11, 0x9a, 0x11, 0xa0,
  0x11, 0x94, 0x00, 0x00, 0x11, 0x9a, 0x11, 0xa0, 0x11, 0x94, 0x00, 0x00,
  0x11, 0x9a, 0x11, 0xa0, 0x11, 0x94, 0x00, 0x00, 0x11, 0x9a, 0x11, 0xa0,
  0x11, 0x94, 0x00, 0x00, 0x11, 0x9a, 0x11, 0xa0, 0x11, 0x94, 0x00, 0x00,
  0x11, 0x9a, 0x11, 0xa0, 0x11, 0x94, 0x00, 0x00, 0x11, 0x9a, 0x11, 0xa0,
  0x11, 0xa6, 0x00, 0x00, 0x00, 0x00, 0x00, 0x00, 0x11, 0xa6, 0x00, 0x00,
  0x00, 0x00, 0x00, 0x00, 0x14, 0x40, 0x00, 0x00, 0x14, 0x46, 0x00, 0x00,
  0x14, 0x40, 0x00, 0x00, 0x14, 0x46, 0x00, 0x00, 0x14, 0x40, 0x00, 0x00,
  0x14, 0x46, 0x00, 0x00, 0x14, 0x40, 0x00, 0x00, 0x14, 0x46, 0x00, 0x00,
  0x14, 0x40, 0x00, 0x00, 0x14, 0x46, 0x00, 0x00, 0x14, 0x40, 0x00, 0x00,
  0x14, 0x46, 0x00, 0x00, 0x11, 0xb8, 0x00, 0x00, 0x11, 0xbe, 0x00, 0x00,
  0x11, 0xac, 0x00, 0x00, 0x11, 0xb2, 0x00, 0x00, 0x11, 0xb8, 0x00, 0x00,
  0x11, 0xbe, 0x00, 0x00, 0x11, 0xac, 0x00, 0x00, 0x11, 0xb2, 0x00, 0x00,
  0x11, 0xb8, 0x00, 0x00, 0x11, 0xbe, 0x00, 0x00, 0x11, 0xc4, 0x00, 0x00,
  0x11, 0xca, 0x11, 0xd0, 0x11, 0xc4, 0x00, 0x00, 0x11, 0xca, 0x11, 0xd0,
  0x11, 0xc4, 0x00, 0x00, 0x11, 0xca, 0x11, 0xd0, 0x11, 0xc4, 0x00, 0x00,
  0x11, 0xca, 0x11, 0xd0, 0x11, 0xc4, 0x00, 0x00, 0x11, 0xca, 0x11, 0xd0,
  0x11, 0xc4, 0x00, 0x00, 0x11, 0xca, 0x11, 0xd0, 0x11, 0xc4, 0x00, 0x00,
  0x11, 0xca, 0x11, 0xd0, 0x11, 0xc4, 0x00, 0x00, 0x11, 0xca, 0x11, 0xd0,
  0x11, 0xc4, 0x00, 0x00, 0x11, 0xca, 0x11, 0xd0, 0x11, 0xc4, 0x00, 0x00,
  0x11, 0xca, 0x11, 0xd0, 0x11, 0xc4, 0x00, 0x00, 0x11, 0xca, 0x11, 0xd0,
  0x11, 0xc4, 0x00, 0x00, 0x11, 0xca, 0x11, 0xd0, 0x11, 0xc4, 0x00, 0x00,
  0x11, 0xca, 0x11, 0xd0, 0x11, 0xc4, 0x00, 0x00, 0x11, 0xca, 0x11, 0xd0,
  0x11, 0xc4, 0x00, 0x00, 0x11, 0xca, 0x11, 0xd0, 0x11, 0xc4, 0x00, 0x00,
  0x11, 0xca, 0x11, 0xd0, 0x11, 0xc4, 0x00, 0x00, 0x11, 0xca, 0x11, 0xd0,
  0x11, 0xc4, 0x00, 0x00, 0x11, 0xca, 0x11, 0xd0, 0x11, 0xc4, 0x00, 0x00,
  0x11, 0xca, 0x11, 0xd0, 0x11, 0xc4, 0x00, 0x00, 0x11, 0xca, 0x11, 0xd0,
  0x11, 0xd6, 0x00, 0x00, 0x11, 0xdc, 0x00, 0x00, 0x11, 0xd6, 0x00, 0x00,
  0x11, 0xdc, 0x00, 0x00, 0x11, 0xd6, 0x00, 0x00, 0x11, 0xdc, 0x00, 0x00,
  0x11, 0xd6, 0x00, 0x00, 0x11, 0xdc, 0x00, 0x00, 0x11, 0xd6, 0x00, 0x00,
  0x11, 0xdc, 0x00, 0x00, 0x11, 0xee, 0x00, 0x00, 0x11, 0xf4, 0x00, 0x00,
  0x11, 0xe2, 0x00, 0x00, 0x11, 0xe8, 0x00, 0x00, 0x11, 0xee, 0x00, 0x00,
  0x11, 0xf4, 0x00, 0x00, 0x11, 0xee, 0x00, 0x00, 0x11, 0xf4, 0x00, 0x00,
  0x11, 0xfa, 0x00, 0x00, 0x12, 0x00, 0x12, 0x06, 0x11, 0xfa, 0x00, 0x00,
  0x12, 0x00, 0x12, 0x06, 0x11, 0xfa, 0x00, 0x00, 0x12, 0x00, 0x12, 0x06,
  0x11, 0xfa, 0x00, 0x00, 0x12, 0x00, 0x12, 0x06, 0x11, 0xfa, 0x00, 0x00,
  0x12, 0x00, 0x12, 0x06, 0x11, 0xfa, 0x00, 0x00, 0x12, 0x00, 0x12, 0x06,
  0x11, 0xfa, 0x00, 0x00, 0x12, 0x00, 0x12, 0x06, 0x11, 0xfa, 0x00, 0x00,
  0x12, 0x00, 0x12, 0x06, 0x11, 0xfa, 0x00, 0x00, 0x12, 0x00, 0x12, 0x06,
  0x11, 0xfa, 0x00, 0x00, 0x12, 0x00, 0x12, 0x06, 0x11, 0xfa, 0x00, 0x00,
  0x12, 0x00, 0x12, 0x06, 0x11, 0xfa, 0x00, 0x00, 0x12, 0x00, 0x12, 0x06,
  0x11, 0xfa, 0x00, 0x00, 0x12, 0x00, 0x12, 0x06, 0x11, 0xfa, 0x00, 0x00,
  0x12, 0x00, 0x12, 0x06, 0x12, 0x0c, 0x00, 0x00, 0x00, 0x00, 0x00, 0x00,
  0x12, 0x0c, 0x00, 0x00, 0x00, 0x00, 0x00, 0x00, 0x12, 0x12, 0x00, 0x00,
  0x12, 0x18, 0x00, 0x00, 0x12, 0x12, 0x00, 0x00, 0x12, 0x18, 0x00, 0x00,
  0x12, 0x1e, 0x00, 0x00, 0x12, 0x24, 0x00, 0x00, 0x12, 0x1e, 0x00, 0x00,
  0x12, 0x24, 0x00, 0x00, 0x12, 0x1e, 0x00, 0x00, 0x12, 0x24, 0x00, 0x00,
  0x12, 0x1e, 0x00, 0x00, 0x12, 0x24, 0x00, 0x00, 0x12, 0x1e, 0x00, 0x00,
  0x12, 0x24, 0x00, 0x00, 0x12, 0x2a, 0x00, 0x00, 0x12, 0x30, 0x00, 0x00,
  0x14, 0x82, 0x00, 0x00, 0x14, 0x88, 0x00, 0x00, 0x14, 0x82, 0x00, 0x00,
  0x14, 0x88, 0x00, 0x00, 0x14, 0x82, 0x00, 0x00, 0x14, 0x88, 0x00, 0x00,
  0x14, 0x82, 0x00, 0x00, 0x14, 0x88, 0x00, 0x00, 0x14, 0x82, 0x00, 0x00,
  0x14, 0x88, 0x00, 0x00, 0x14, 0x82, 0x00, 0x00, 0x14, 0x88, 0x00, 0x00,
  0x14, 0x82, 0x00, 0x00, 0x14, 0x88, 0x00, 0x00, 0x12, 0x3c, 0x12, 0x42,
  0x12, 0x48, 0x12, 0x4e, 0x12, 0x3c, 0x12, 0x42, 0x12, 0x48, 0x12, 0x4e,
  0x12, 0x3c, 0x12, 0x42, 0x12, 0x48, 0x12, 0x4e, 0x12, 0x3c, 0x12, 0x42,
  0x12, 0x48, 0x12, 0x4e, 0x12, 0x3c, 0x12, 0x42, 0x12, 0x48, 0x12, 0x4e,
  0x12, 0x3c, 0x12, 0x42, 0x12, 0x48, 0x12, 0x4e, 0x12, 0x3c, 0x12, 0x42,
  0x12, 0x48, 0x12, 0x4e, 0x12, 0x3c, 0x12, 0x42, 0x12, 0x48, 0x12, 0x4e,
  0x12, 0x3c, 0x12, 0x42, 0x12, 0x48, 0x12, 0x4e, 0x12, 0x3c, 0x12, 0x42,
  0x12, 0x48, 0x12, 0x4e, 0x12, 0x3c, 0x12, 0x42, 0x12, 0x48, 0x12, 0x4e,
  0x12, 0x3c, 0x12, 0x42, 0x12, 0x48, 0x12, 0x4e, 0x12, 0x3c, 0x12, 0x42,
  0x12, 0x48, 0x12, 0x4e, 0x12, 0x3c, 0x12, 0x42, 0x12, 0x48, 0x12, 0x4e,
  0x12, 0x3c, 0x12, 0x42, 0x12, 0x48, 0x12, 0x4e, 0x12, 0x3c, 0x12, 0x42,
  0x12, 0x48, 0x12, 0x4e, 0x12, 0x3c, 0x12, 0x42, 0x12, 0x48, 0x12, 0x4e,
  0x12, 0x3c, 0x12, 0x42, 0x12, 0x48, 0x12, 0x4e, 0x12, 0x3c, 0x12, 0x42,
  0x12, 0x48, 0x12, 0x4e, 0x12, 0x3c, 0x12, 0x42, 0x12, 0x48, 0x12, 0x4e,
  0x12, 0x3c, 0x12, 0x42, 0x12, 0x48, 0x12, 0x4e, 0x12, 0x3c, 0x12, 0x42,
  0x12, 0x48, 0x12, 0x4e, 0x12, 0x3c, 0x12, 0x42, 0x12, 0x48, 0x12, 0x4e,
  0x12, 0x3c, 0x12, 0x42, 0x12, 0x48, 0x12, 0x4e, 0x12, 0x36, 0x00, 0x00,
  0x00, 0x00, 0x00, 0x00, 0x12, 0x36, 0x00, 0x00, 0x00, 0x00, 0x00, 0x00,
  0x12, 0x3c, 0x12, 0x42, 0x12, 0x48, 0x12, 0x4e, 0x12, 0x54, 0x00, 0x00,
  0x00, 0x00, 0x00, 0x00, 0x12, 0x5a, 0x00, 0x00, 0x12, 0x60, 0x00, 0x00,
  0x12, 0x5a, 0x00, 0x00, 0x12, 0x60, 0x00, 0x00, 0x12, 0x5a, 0x00, 0x00,
  0x12, 0x60, 0x00, 0x00, 0x12, 0x5a, 0x00, 0x00, 0x12, 0x60, 0x00, 0x00,
  0x12, 0x5a, 0x00, 0x00, 0x12, 0x60, 0x00, 0x00, 0x12, 0x5a, 0x00, 0x00,
  0x12, 0x60, 0x00, 0x00, 0x12, 0x5a, 0x00, 0x00, 0x12, 0x60, 0x00, 0x00,
  0x12, 0x66, 0x00, 0x00, 0x12, 0x6c, 0x00, 0x00, 0x12, 0x66, 0x00, 0x00,
  0x12, 0x6c, 0x00, 0x00, 0x12, 0x66, 0x00, 0x00, 0x12, 0x6c, 0x00, 0x00,
  0x12, 0x66, 0x00, 0x00, 0x12, 0x6c, 0x00, 0x00, 0x12, 0x66, 0x00, 0x00,
  0x12, 0x6c, 0x00, 0x00, 0x12, 0x66, 0x00, 0x00, 0x12, 0x6c, 0x00, 0x00,
  0x12, 0x66, 0x00, 0x00, 0x12, 0x6c, 0x00, 0x00, 0x12, 0x72, 0x00, 0x00,
  0x12, 0x78, 0x00, 0x00, 0x12, 0x72, 0x00, 0x00, 0x12, 0x78, 0x00, 0x00,
  0x12, 0x72, 0x00, 0x00, 0x12, 0x78, 0x00, 0x00, 0x12, 0x72, 0x00, 0x00,
  0x12, 0x78, 0x00, 0x00, 0x12, 0x72, 0x00, 0x00, 0x12, 0x78, 0x00, 0x00,
  0x12, 0x72, 0x00, 0x00, 0x12, 0x78, 0x00, 0x00, 0x12, 0x7e, 0x12, 0x84,
  0x12, 0x8a, 0x12, 0x90, 0x12, 0x7e, 0x12, 0x84, 0x12, 0x8a, 0x12, 0x90,
  0x12, 0x7e, 0x12, 0x84, 0x12, 0x8a, 0x12, 0x90, 0x12, 0x7e, 0x12, 0x84,
  0x12, 0x8a, 0x12, 0x90, 0x12, 0x7e, 0x12, 0x84, 0x12, 0x8a, 0x12, 0x90,
  0x12, 0x7e, 0x12, 0x84, 0x12, 0x8a, 0x12, 0x90, 0x12, 0x7e, 0x12, 0x84,
  0x12, 0x8a, 0x12, 0x90, 0x12, 0x7e, 0x12, 0x84, 0x12, 0x8a, 0x12, 0x90,
  0x12, 0x7e, 0x12, 0x84, 0x12, 0x8a, 0x12, 0x90, 0x12, 0x7e, 0x12, 0x84,
  0x12, 0x8a, 0x12, 0x90, 0x12, 0x7e, 0x12, 0x84, 0x12, 0x8a, 0x12, 0x90,
  0x12, 0x7e, 0x12, 0x84, 0x12, 0x8a, 0x12, 0x90, 0x12, 0x7e, 0x12, 0x84,
  0x12, 0x8a, 0x12, 0x90, 0x12, 0x7e, 0x12, 0x84, 0x12, 0x8a, 0x12, 0x90,
  0x12, 0x7e, 0x12, 0x84, 0x12, 0x8a, 0x12, 0x90, 0x12, 0x7e, 0x12, 0x84,
  0x12, 0x8a, 0x12, 0x90, 0x12, 0x7e, 0x12, 0x84, 0x12, 0x8a, 0x12, 0x90,
  0x12, 0x7e, 0x12, 0x84, 0x12, 0x8a, 0x12, 0x90, 0x12, 0x7e, 0x12, 0x84,
  0x12, 0x8a, 0x12, 0x90, 0x12, 0x7e, 0x12, 0x84, 0x12, 0x8a, 0x12, 0x90,
  0x12, 0x7e, 0x12, 0x84, 0x12, 0x8a, 0x12, 0x90, 0x12, 0x96, 0x00, 0x00,
  0x00, 0x00, 0x00, 0x00, 0x12, 0x96, 0x00, 0x00, 0x00, 0x00, 0x00, 0x00,
  0x12, 0x96, 0x00, 0x00, 0x00, 0x00, 0x00, 0x00, 0x12, 0x96, 0x00, 0x00,
  0x00, 0x00, 0x00, 0x00, 0x12, 0x96, 0x00, 0x00, 0x00, 0x00, 0x00, 0x00,
  0x12, 0x9c, 0x00, 0x00, 0x12, 0xa2, 0x00, 0x00, 0x12, 0x9c, 0x00, 0x00,
  0x12, 0xa2, 0x00, 0x00, 0x12, 0x9c, 0x00, 0x00, 0x12, 0xa2, 0x00, 0x00,
  0x12, 0x9c, 0x00, 0x00, 0x12, 0xa2, 0x00, 0x00, 0x12, 0x9c, 0x00, 0x00,
  0x12, 0xa2, 0x00, 0x00, 0x12, 0x9c, 0x00, 0x00, 0x12, 0xa2, 0x00, 0x00,
  0x12, 0x9c, 0x00, 0x00, 0x12, 0xa2, 0x00, 0x00, 0x12, 0x9c, 0x00, 0x00,
  0x12, 0xa2, 0x00, 0x00, 0x12, 0xa8, 0x00, 0x00, 0x12, 0xae, 0x00, 0x00,
  0x12, 0xa8, 0x00, 0x00, 0x12, 0xae, 0x00, 0x00, 0x12, 0xa8, 0x00, 0x00,
  0x12, 0xae, 0x00, 0x00, 0x12, 0xa8, 0x00, 0x00, 0x12, 0xae, 0x00, 0x00,
  0x12, 0xa8, 0x00, 0x00, 0x12, 0xae, 0x00, 0x00, 0x12, 0xb4, 0x00, 0x00,
  0x12, 0xc0, 0x12, 0xc6, 0x12, 0xb4, 0x00, 0x00, 0x12, 0xc0, 0x12, 0xc6,
  0x12, 0xb4, 0x00, 0x00, 0x12, 0xc0, 0x12, 0xc6, 0x12, 0xb4, 0x00, 0x00,
  0x12, 0xc0, 0x12, 0xc6, 0x12, 0xb4, 0x00, 0x00, 0x12, 0xc0, 0x12, 0xc6,
  0x12, 0xb4, 0x00, 0x00, 0x12, 0xc0, 0x12, 0xc6, 0x12, 0xb4, 0x00, 0x00,
  0x12, 0xc0, 0x12, 0xc6, 0x12, 0xb4, 0x00, 0x00, 0x12, 0xc0, 0x12, 0xc6,
  0x12, 0xb4, 0x00, 0x00, 0x12, 0xc0, 0x12, 0xc6, 0x12, 0xb4, 0x00, 0x00,
  0x12, 0xc0, 0x12, 0xc6, 0x12, 0xb4, 0x00, 0x00, 0x12, 0xc0, 0x12, 0xc6,
  0x12, 0xb4, 0x00, 0x00, 0x12, 0xc0, 0x12, 0xc6, 0x12, 0xb4, 0x00, 0x00,
  0x12, 0xc0, 0x12, 0xc6, 0x12, 0xb4, 0x00, 0x00, 0x12, 0xc0, 0x12, 0xc6,
  0x12, 0xb4, 0x00, 0x00, 0x12, 0xc0, 0x12, 0xc6, 0x12, 0xb4, 0x00, 0x00,
  0x12, 0xc0, 0x12, 0xc6, 0x12, 0xb4, 0x00, 0x00, 0x12, 0xc0, 0x12, 0xc6,
  0x12, 0xb4, 0x00, 0x00, 0x12, 0xc0, 0x12, 0xc6, 0x12, 0xb4, 0x00, 0x00,
  0x12, 0xc0, 0x12, 0xc6, 0x12, 0xb4, 0x00, 0x00, 0x12, 0xc0, 0x12, 0xc6,
  0x12, 0xb4, 0x00, 0x00, 0x12, 0xc0, 0x12, 0xc6, 0x12, 0xb4, 0x00, 0x00,
  0x12, 0xc0, 0x12, 0xc6, 0x12, 0xb4, 0x00, 0x00, 0x12, 0xc0, 0x12, 0xc6,
  0x12, 0xb4, 0x00, 0x00, 0x12, 0xc0, 0x12, 0xc6, 0x12, 0xb4, 0x00, 0x00,
  0x12, 0xc0, 0x12, 0xc6, 0x12, 0xba, 0x00, 0x00, 0x12, 0xc0, 0x12, 0xc6,
  0x12, 0xba, 0x00, 0x00, 0x12, 0xc0, 0x12, 0xc6, 0x00, 0x00, 0x00, 0x00,
  0x12, 0xcc, 0x00, 0x00, 0x12, 0xd2, 0x00, 0x00, 0x12, 0xd8, 0x00, 0x00,
  0x12, 0xd2, 0x00, 0x00, 0x12, 0xd8, 0x00, 0x00, 0x12, 0xd2, 0x00, 0x00,
  0x12, 0xd8, 0x00, 0x00, 0x12, 0xd2, 0x00, 0x00, 0x12, 0xd8, 0x00, 0x00,
  0x12, 0xd2, 0x00, 0x00, 0x12, 0xd8, 0x00, 0x00, 0x12, 0xd2, 0x00, 0x00,
  0x12, 0xd8, 0x00, 0x00, 0x00, 0x00, 0x00, 0x00, 0x12, 0xde, 0x00, 0x00,
  0x00, 0x00, 0x00, 0x00, 0x12, 0xde, 0x00, 0x00, 0x00, 0x00, 0x00, 0x00,
  0x12, 0xde, 0x00, 0x00, 0x00, 0x00, 0x00, 0x00, 0x12, 0xde, 0x00, 0x00,
  0x12, 0xe4, 0x00, 0x00, 0x12, 0xea, 0x12, 0xf0, 0x12, 0xe4, 0x00, 0x00,
  0x12, 0xea, 0x12, 0xf0, 0x12, 0xe4, 0x00, 0x00, 0x12, 0xea, 0x12, 0xf0,
  0x12, 0xe4, 0x00, 0x00, 0x12, 0xea, 0x12, 0xf0, 0x12, 0xe4, 0x00, 0x00,
  0x12, 0xea, 0x12, 0xf0, 0x12, 0xe4, 0x00, 0x00, 0x12, 0xea, 0x12, 0xf0,
  0x12, 0xe4, 0x00, 0x00, 0x12, 0xea, 0x12, 0xf0, 0x12, 0xe4, 0x00, 0x00,
  0x12, 0xea, 0x12, 0xf0, 0x12, 0xe4, 0x00, 0x00, 0x12, 0xea, 0x12, 0xf0,
  0x12, 0xe4, 0x00, 0x00, 0x12, 0xea, 0x12, 0xf0, 0x12, 0xe4, 0x00, 0x00,
  0x12, 0xea, 0x12, 0xf0, 0x12, 0xe4, 0x00, 0x00, 0x12, 0xea, 0x12, 0xf0,
  0x12, 0xe4, 0x00, 0x00, 0x12, 0xea, 0x12, 0xf0, 0x12, 0xe4, 0x00, 0x00,
  0x12, 0xea, 0x12, 0xf0, 0x12, 0xe4, 0x00, 0x00, 0x12, 0xea, 0x12, 0xf0,
  0x12, 0xe4, 0x00, 0x00, 0x12, 0xea, 0x12, 0xf0, 0x12, 0xe4, 0x00, 0x00,
  0x12, 0xea, 0x12, 0xf0, 0x12, 0xe4, 0x00, 0x00, 0x12, 0xea, 0x12, 0xf0,
  0x12, 0xe4, 0x00, 0x00, 0x12, 0xea, 0x12, 0xf0, 0x12, 0xe4, 0x00, 0x00,
  0x12, 0xea, 0x12, 0xf0, 0x12, 0xf6, 0x00, 0x00, 0x12, 0xfc, 0x13, 0x02,
  0x13, 0x08, 0x00, 0x00, 0x00, 0x00, 0x00, 0x00, 0x13, 0x08, 0x00, 0x00,
  0x00, 0x00, 0x00, 0x00, 0x13, 0x08, 0x00, 0x00, 0x00, 0x00, 0x00, 0x00,
  0x13, 0x08, 0x00, 0x00, 0x00, 0x00, 0x00, 0x00, 0x13, 0x08, 0x00, 0x00,
  0x00, 0x00, 0x00, 0x00, 0x13, 0x1a, 0x00, 0x00, 0x13, 0x20, 0x00, 0x00,
  0x13, 0x0e, 0x00, 0x00, 0x13, 0x14, 0x00, 0x00, 0x13, 0x1a, 0x00, 0x00,
  0x13, 0x20, 0x00, 0x00, 0x13, 0x1a, 0x00, 0x00, 0x13, 0x20, 0x00, 0x00,
  0x00, 0x00, 0x00, 0x00, 0x13, 0x32, 0x00, 0x00, 0x13, 0x50, 0x00, 0x00,
  0x00, 0x00, 0x13, 0x56, 0x13, 0x50, 0x00, 0x00, 0x00, 0x00, 0x13, 0x56,
  0x13, 0x50, 0x00, 0x00, 0x00, 0x00, 0x13, 0x56, 0x13, 0x50, 0x00, 0x00,
  0x00, 0x00, 0x13, 0x56, 0x13, 0x50, 0x00, 0x00, 0x00, 0x00, 0x13, 0x56,
  0x13, 0x26, 0x00, 0x00, 0x00, 0x00, 0x13, 0x2c, 0x13, 0x50, 0x00, 0x00,
  0x00, 0x00, 0x13, 0x56, 0x00, 0x00, 0x00, 0x00, 0x13, 0x32, 0x00, 0x00,
  0x13, 0x50, 0x00, 0x00, 0x00, 0x00, 0x13, 0x56, 0x13, 0x50, 0x00, 0x00,
  0x00, 0x00, 0x13, 0x56, 0x13, 0x38, 0x00, 0x00, 0x00, 0x00, 0x13, 0x3e,
  0x13, 0x44, 0x00, 0x00, 0x00, 0x00, 0x13, 0x4a, 0x13, 0x50, 0x00, 0x00,
  0x00, 0x00, 0x13, 0x56, 0x13, 0x5c, 0x00, 0x00, 0x00, 0x00, 0x13, 0x62,
  0x13, 0x68, 0x00, 0x00, 0x00, 0x00, 0x00, 0x00, 0x13, 0x68, 0x00, 0x00,
  0x00, 0x00, 0x00, 0x00, 0x00, 0x00, 0x00, 0x00, 0x13, 0x6e, 0x00, 0x00,
  0x00, 0x00, 0x00, 0x00, 0x13, 0x6e, 0x00, 0x00, 0x13, 0x74, 0x00, 0x00,
  0x13, 0x7a, 0x00, 0x00, 0x13, 0x74, 0x00, 0x00, 0x13, 0x7a, 0x00, 0x00,
  0x13, 0x74, 0x00, 0x00, 0x13, 0x7a, 0x00, 0x00, 0x13, 0x74, 0x00, 0x00,
  0x13, 0x7a, 0x00, 0x00, 0x13, 0x74, 0x00, 0x00, 0x13, 0x7a, 0x00, 0x00,
  0x13, 0x80, 0x00, 0x00, 0x13, 0x86, 0x00, 0x00, 0x13, 0x8c, 0x00, 0x00,
  0x13, 0x92, 0x00, 0x00, 0x13, 0x8c, 0x00, 0x00, 0x13, 0x92, 0x00, 0x00,
  0x13, 0x8c, 0x00, 0x00, 0x13, 0x92, 0x00, 0x00, 0x13, 0x8c, 0x00, 0x00,
  0x13, 0x92, 0x00, 0x00, 0x13, 0x8c, 0x00, 0x00, 0x13, 0x92, 0x00, 0x00,
  0x13, 0x8c, 0x00, 0x00, 0x13, 0x92, 0x00, 0x00, 0x13, 0xb6, 0x13, 0xbc,
  0x13, 0xc2, 0x13, 0xc8, 0x13, 0xb6, 0x13, 0xbc, 0x13, 0xc2, 0x13, 0xc8,
  0x13, 0xb6, 0x13, 0xbc, 0x13, 0xc2, 0x13, 0xc8, 0x13, 0xb6, 0x13, 0xbc,
  0x13, 0xc2, 0x13, 0xc8, 0x13, 0xb6, 0x13, 0xbc, 0x13, 0xc2, 0x13, 0xc8,
  0x13, 0xb6, 0x13, 0xbc, 0x13, 0xc2, 0x13, 0xc8, 0x13, 0xb6, 0x13, 0xbc,
  0x13, 0xc2, 0x13, 0xc8, 0x13, 0xb6, 0x13, 0xbc, 0x13, 0xc2, 0x13, 0xc8,
  0x13, 0xb6, 0x13, 0xbc, 0x13, 0xc2, 0x13, 0xc8, 0x13, 0xb6, 0x13, 0xbc,
  0x13, 0xc2, 0x13, 0xc8, 0x13, 0xb6, 0x13, 0xbc, 0x13, 0xc2, 0x13, 0xc8,
  0x13, 0xb6, 0x13, 0xbc, 0x13, 0xc2, 0x13, 0xc8, 0x13, 0xb6, 0x13, 0xbc,
  0x13, 0xc2, 0x13, 0xc8, 0x13, 0xb6, 0x13, 0xbc, 0x13, 0xc2, 0x13, 0xc8,
  0x13, 0xb6, 0x13, 0xbc, 0x13, 0xc2, 0x13, 0x98, 0x13, 0xb6, 0x13, 0xbc,
  0x13, 0xc2, 0x13, 0x98, 0x13, 0xb6, 0x13, 0xbc, 0x13, 0xc2, 0x13, 0x98,
  0x13, 0xb6, 0x13, 0xbc, 0x13, 0xc2, 0x13, 0x98, 0x13, 0xb6, 0x13, 0xbc,
  0x13, 0xc2, 0x13, 0x98, 0x13, 0xb6, 0x13, 0xbc, 0x13, 0xc2, 0x13, 0x98,
  0x13, 0xb6, 0x13, 0xbc, 0x13, 0xc2, 0x13, 0xc8, 0x13, 0xb6, 0x13, 0xbc,
  0x13, 0xc2, 0x13, 0xc8, 0x13, 0xb6, 0x13, 0xbc, 0x13, 0xc2, 0x13, 0xc8,
  0x13, 0xb6, 0x13, 0xbc, 0x13, 0xc2, 0x13, 0xc8, 0x13, 0x9e, 0x13, 0xa4,
  0x13, 0xaa, 0x13, 0xb0, 0x13, 0x9e, 0x13, 0xa4, 0x13, 0xaa, 0x13, 0xb0,
  0x13, 0xb6, 0x13, 0xbc, 0x13, 0xc2, 0x13, 0xc8, 0x13, 0xce, 0x00, 0x00,
  0x00, 0x00, 0x00, 0x00, 0x13, 0xd4, 0x00, 0x00, 0x13, 0xda, 0x00, 0x00,
  0x13, 0xd4, 0x00, 0x00, 0x13, 0xda, 0x00, 0x00, 0x13, 0xd4, 0x00, 0x00,
  0x13, 0xda, 0x00, 0x00, 0x13, 0xd4, 0x00, 0x00, 0x13, 0xda, 0x00, 0x00,
  0x13, 0xd4, 0x00, 0x00, 0x13, 0xda, 0x00, 0x00, 0x13, 0xd4, 0x00, 0x00,
  0x13, 0xda, 0x00, 0x00, 0x13, 0xd4, 0x00, 0x00, 0x13, 0xda, 0x00, 0x00,
  0x13, 0xe0, 0x00, 0x00, 0x13, 0xe6, 0x00, 0x00, 0x13, 0xe0, 0x00, 0x00,
  0x13, 0xe6, 0x00, 0x00, 0x13, 0xe0, 0x00, 0x00, 0x13, 0xe6, 0x00, 0x00,
  0x13, 0xe0, 0x00, 0x00, 0x13, 0xe6, 0x00, 0x00, 0x13, 0xe0, 0x00, 0x00,
  0x13, 0xe6, 0x00, 0x00, 0x13, 0xe0, 0x00, 0x00, 0x13, 0xe6, 0x00, 0x00,
  0x13, 0xe0, 0x00, 0x00, 0x13, 0xe6, 0x00, 0x00, 0x00, 0x00, 0x00, 0x00,
  0x13, 0xec, 0x00, 0x00, 0x00, 0x00, 0x00, 0x00, 0x13, 0xec, 0x00, 0x00,
  0x00, 0x00, 0x00, 0x00, 0x13, 0xec, 0x00, 0x00, 0x00, 0x00, 0x00, 0x00,
  0x13, 0xec, 0x00, 0x00, 0x00, 0x00, 0x00, 0x00, 0x13, 0xec, 0x00, 0x00,
  0x00, 0x00, 0x00, 0x00, 0x13, 0xec, 0x00, 0x00, 0x13, 0xf2, 0x13, 0xf8,
  0x13, 0xfe, 0x14, 0x04, 0x13, 0xf2, 0x13, 0xf8, 0x13, 0xfe, 0x14, 0x04,
  0x13, 0xf2, 0x13, 0xf8, 0x13, 0xfe, 0x14, 0x04, 0x13, 0xf2, 0x13, 0xf8,
  0x13, 0xfe, 0x14, 0x04, 0x13, 0xf2, 0x13, 0xf8, 0x13, 0xfe, 0x14, 0x04,
  0x13, 0xf2, 0x13, 0xf8, 0x13, 0xfe, 0x14, 0x04, 0x13, 0xf2, 0x13, 0xf8,
  0x13, 0xfe, 0x14, 0x04, 0x13, 0xf2, 0x13, 0xf8, 0x13, 0xfe, 0x14, 0x04,
  0x13, 0xf2, 0x13, 0xf8, 0x13, 0xfe, 0x14, 0x04, 0x13, 0xf2, 0x13, 0xf8,
  0x13, 0xfe, 0x14, 0x04, 0x13, 0xf2, 0x13, 0xf8, 0x13, 0xfe, 0x14, 0x04,
  0x13, 0xf2, 0x13, 0xf8, 0x13, 0xfe, 0x14, 0x04, 0x13, 0xf2, 0x13, 0xf8,
  0x13, 0xfe, 0x14, 0x04, 0x13, 0xf2, 0x13, 0xf8, 0x13, 0xfe, 0x14, 0x04,
  0x13, 0xf2, 0x13, 0xf8, 0x13, 0xfe, 0x14, 0x04, 0x13, 0xf2, 0x13, 0xf8,
  0x13, 0xfe, 0x14, 0x04, 0x13, 0xf2, 0x13, 0xf8, 0x13, 0xfe, 0x14, 0x04,
  0x13, 0xf2, 0x13, 0xf8, 0x13, 0xfe, 0x14, 0x04, 0x13, 0xf2, 0x13, 0xf8,
  0x13, 0xfe, 0x14, 0x04, 0x13, 0xf2, 0x13, 0xf8, 0x13, 0xfe, 0x14, 0x04,
  0x13, 0xf2, 0x13, 0xf8, 0x13, 0xfe, 0x14, 0x04, 0x13, 0xf2, 0x13, 0xf8,
  0x13, 0xfe, 0x14, 0x04, 0x14, 0x0a, 0x00, 0x00, 0x00, 0x00, 0x00, 0x00,
  0x14, 0x0a, 0x00, 0x00, 0x00, 0x00, 0x00, 0x00, 0x14, 0x0a, 0x00, 0x00,
  0x00, 0x00, 0x00, 0x00, 0x14, 0x0a, 0x00, 0x00, 0x00, 0x00, 0x00, 0x00,
  0x14, 0x0a, 0x00, 0x00, 0x00, 0x00, 0x00, 0x00, 0x14, 0x10, 0x00, 0x00,
  0x00, 0x00, 0x00, 0x00, 0x14, 0x10, 0x00, 0x00, 0x00, 0x00, 0x00, 0x00,
  0x14, 0x10, 0x00, 0x00, 0x00, 0x00, 0x00, 0x00, 0x14, 0x10, 0x00, 0x00,
  0x00, 0x00, 0x00, 0x00, 0x14, 0x10, 0x00, 0x00, 0x00, 0x00, 0x00, 0x00,
  0x14, 0x10, 0x00, 0x00, 0x00, 0x00, 0x00, 0x00, 0x14, 0x10, 0x00, 0x00,
  0x00, 0x00, 0x00, 0x00, 0x14, 0x10, 0x00, 0x00, 0x00, 0x00, 0x00, 0x00,
  0x14, 0x16, 0x00, 0x00, 0x14, 0x1c, 0x00, 0x00, 0x14, 0x16, 0x00, 0x00,
  0x14, 0x1c, 0x00, 0x00, 0x14, 0x16, 0x00, 0x00, 0x14, 0x1c, 0x00, 0x00,
  0x14, 0x16, 0x00, 0x00, 0x14, 0x1c, 0x00, 0x00, 0x14, 0x16, 0x00, 0x00,
  0x14, 0x1c, 0x00, 0x00, 0x14, 0x22, 0x00, 0x00, 0x00, 0x00, 0x00, 0x00,
  0x14, 0x28, 0x00, 0x00, 0x14, 0x2e, 0x00, 0x00, 0x14, 0x34, 0x00, 0x00,
  0x14, 0x3a, 0x00, 0x00, 0x14, 0x40, 0x00, 0x00, 0x14, 0x46, 0x00, 0x00,
  0x14, 0x4c, 0x00, 0x00, 0x14, 0x52, 0x00, 0x00, 0x14, 0x58, 0x00, 0x00,
  0x00, 0x00, 0x00, 0x00, 0x14, 0x5e, 0x00, 0x00, 0x14, 0x64, 0x00, 0x00,
  0x14, 0x6a, 0x00, 0x00, 0x14, 0x70, 0x00, 0x00, 0x14, 0x76, 0x00, 0x00,
  0x14, 0x7c, 0x00, 0x00, 0x14, 0x82, 0x00, 0x00, 0x14, 0x88, 0x00, 0x00,
  0x14, 0x8e, 0x00, 0x00, 0x14, 0x94, 0x00, 0x00, 0x00, 0x02, 0x00, 0x14,
  0x00, 0x01, 0x00, 0xe7, 0x00, 0x00, 0x00, 0xe9, 0x01, 0x62, 0x00, 0xe7,
  0x01, 0x64, 0x01, 0x89, 0x01, 0x61, 0x01, 0x8b, 0x01, 0x8d, 0x01, 0x87,
  0x01, 0x91, 0x01, 0xa4, 0x01, 0x8a, 0x01, 0xc7, 0x01, 0xc7, 0x01, 0x9e,
  0x01, 0xe1, 0x01, 0xe3, 0x01, 0x9f, 0x01, 0xe5, 0x01, 0xe5, 0x01, 0xa2,
  0x01, 0xea, 0x01, 0xea, 0x01, 0xa3, 0x01, 0xf8, 0x01, 0xfe, 0x01, 0xa4,
  0x02, 0x00, 0x02, 0x04, 0x01, 0xab, 0x02, 0x08, 0x02, 0x09, 0x01, 0xb0,
  0x02, 0x0e, 0x02, 0x0e, 0x01, 0xb2, 0x02, 0x14, 0x02, 0x14, 0x01, 0xb3,
  0x02, 0x1a, 0x02, 0x1b, 0x01, 0xb4, 0x02, 0x1d, 0x02, 0x1d, 0x01, 0xb6,
  0x02, 0x22, 0x02, 0x22, 0x01, 0xb7, 0x02, 0x27, 0x02, 0x27, 0x01, 0xb8,
  0x02, 0x42, 0x02, 0x42, 0x01, 0xb9, 0x02, 0x46, 0x02, 0x46, 0x01, 0xba,
  0x00, 0x02, 0x00, 0x5c, 0x00, 0x01, 0x00, 0x19, 0x00, 0x06, 0x00, 0x1a,
  0x00, 0x1b, 0x00, 0x1a, 0x00, 0x1c, 0x00, 0x1c, 0x00, 0x01, 0x00, 0x1d,
  0x00, 0x22, 0x00, 0x04, 0x00, 0x23, 0x00, 0x3c, 0x00, 0x01, 0x00, 0x3d,
  0x00, 0x41, 0x00, 0x04, 0x00, 0x42, 0x00, 0x53, 0x00, 0x01, 0x00, 0x54,
  0x00, 0x55, 0x00, 0x1b, 0x00, 0x56, 0x00, 0x65, 0x00, 0x01, 0x00, 0x66,
  0x00, 0x7d, 0x00, 0x04, 0x00, 0x7e, 0x00, 0x7f, 0x00, 0x1c, 0x00, 0x80,
  0x00, 0x81, 0x00, 0x04, 0x00, 0x82, 0x00, 0x83, 0x00, 0x01, 0x00, 0x84,
  0x00, 0x84, 0x00, 0x04, 0x00, 0x85, 0x00, 0x8b, 0x00, 0x01, 0x00, 0x8c,
  0x00, 0x92, 0x00, 0x0d, 0x00, 0x93, 0x00, 0x93, 0x00, 0x04, 0x00, 0x94,
  0x00, 0x99, 0x00, 0x10, 0x00, 0x9a, 0x00, 0xae, 0x00, 0x08, 0x00, 0xaf,
  0x00, 0xb4, 0x00, 0x11, 0x00, 0xb5, 0x00, 0xb5, 0x00, 0x26, 0x00, 0xb6,
  0x00, 0xbd, 0x00, 0x0b, 0x00, 0xbe, 0x00, 0xc2, 0x00, 0x13, 0x00, 0xc3,
  0x00, 0xdd, 0x00, 0x05, 0x00, 0xde, 0x00, 0xde, 0x00, 0x03, 0x00, 0xdf,
  0x00, 0xfe, 0x00, 0x02, 0x00, 0xff, 0x00, 0xff, 0x00, 0x28, 0x01, 0x00,
  0x01, 0x04, 0x00, 0x15, 0x01, 0x05, 0x01, 0x17, 0x00, 0x03, 0x01, 0x18,
  0x01, 0x1a, 0x00, 0x19, 0x01, 0x1b, 0x01, 0x2b, 0x00, 0x03, 0x01, 0x2c,
  0x01, 0x47, 0x00, 0x02, 0x01, 0x48, 0x01, 0x49, 0x00, 0x03, 0x01, 0x4a,
  0x01, 0x4a, 0x00, 0x02, 0x01, 0x4b, 0x01, 0x51, 0x00, 0x03, 0x01, 0x52,
  0x01, 0x58, 0x00, 0x0f, 0x01, 0x59, 0x01, 0x59, 0x00, 0x03, 0x01, 0x5a,
  0x01, 0x5f, 0x00, 0x0c, 0x01, 0x60, 0x01, 0x62, 0x00, 0x07, 0x01, 0x64,
  0x01, 0x75, 0x00, 0x07, 0x01, 0x76, 0x01, 0x7b, 0x00, 0x09, 0x01, 0x7c,
  0x01, 0x7c, 0x00, 0x2d, 0x01, 0x7d, 0x01, 0x84, 0x00, 0x09, 0x01, 0x85,
  0x01, 0x89, 0x00, 0x16, 0x01, 0x8a, 0x01, 0x8a, 0x00, 0x02, 0x01, 0x8b,
  0x01, 0x8b, 0x00, 0x03, 0x01, 0x8c, 0x01, 0x8d, 0x00, 0x0c, 0x01, 0x91,
  0x01, 0x91, 0x00, 0x12, 0x01, 0x92, 0x01, 0x92, 0x00, 0x21, 0x01, 0x93,
  0x01, 0x93, 0x00, 0x25, 0x01, 0x94, 0x01, 0x94, 0x00, 0x12, 0x01, 0x95,
  0x01, 0x95, 0x00, 0x20, 0x01, 0x96, 0x01, 0x96, 0x00, 0x1f, 0x01, 0x97,
  0x01, 0x97, 0x00, 0x12, 0x01, 0x98, 0x01, 0x98, 0x00, 0x24, 0x01, 0x99,
  0x01, 0x9b, 0x00, 0x12, 0x01, 0x9c, 0x01, 0x9c, 0x00, 0x21, 0x01, 0x9d,
  0x01, 0x9d, 0x00, 0x25, 0x01, 0x9f, 0x01, 0x9f, 0x00, 0x20, 0x01, 0xa0,
  0x01, 0xa0, 0x00, 0x1f, 0x01, 0xa2, 0x01, 0xa2, 0x00, 0x24, 0x01, 0xa3,
  0x01, 0xa3, 0x00, 0x27, 0x01, 0xa4, 0x01, 0xa4, 0x00, 0x2b, 0x01, 0xc3,
  0x01, 0xc3, 0x00, 0x0e, 0x01, 0xc4, 0x01, 0xc4, 0x00, 0x0a, 0x01, 0xc5,
  0x01, 0xc6, 0x00, 0x0e, 0x01, 0xc7, 0x01, 0xc7, 0x00, 0x29, 0x01, 0xc8,
  0x01, 0xc9, 0x00, 0x0e, 0x01, 0xcb, 0x01, 0xcc, 0x00, 0x0e, 0x01, 0xd9,
  0x01, 0xe0, 0x00, 0x0a, 0x01, 0xe1, 0x01, 0xe2, 0x00, 0x14, 0x01, 0xe5,
  0x01, 0xe5, 0x00, 0x14, 0x01, 0xe8, 0x01, 0xe8, 0x00, 0x17, 0x01, 0xea,
  0x01, 0xea, 0x00, 0x14, 0x01, 0xf3, 0x01, 0xf3, 0x00, 0x17, 0x01, 0xf5,
  0x01, 0xf5, 0x00, 0x17, 0x01, 0xf7, 0x01, 0xf7, 0x00, 0x17, 0x01, 0xf8,
  0x01, 0xfa, 0x00, 0x18, 0x01, 0xfb, 0x01, 0xfb, 0x00, 0x1e, 0x01, 0xfc,
  0x01, 0xfc, 0x00, 0x14, 0x01, 0xfd, 0x01, 0xfd, 0x00, 0x1e, 0x01, 0xfe,
  0x01, 0xfe, 0x00, 0x2c, 0x02, 0x01, 0x02, 0x01, 0x00, 0x23, 0x02, 0x03,
  0x02, 0x03, 0x00, 0x23, 0x02, 0x05, 0x02, 0x05, 0x00, 0x2a, 0x02, 0x08,
  0x02, 0x09, 0x00, 0x22, 0x02, 0x1a, 0x02, 0x1b, 0x00, 0x01, 0x02, 0x27,
  0x02, 0x27, 0x00, 0x01, 0x02, 0x42, 0x02, 0x42, 0x00, 0x07, 0x02, 0x46,
  0x02, 0x46, 0x00, 0x02, 0x02, 0x4f, 0x02, 0x50, 0x00, 0x1d, 0x02, 0x54,
  0x02, 0x54, 0x00, 0x01, 0x00, 0x02, 0x00, 0x62, 0x00, 0x01, 0x00, 0x19,
  0x00, 0x04, 0x00, 0x1a, 0x00, 0x1b, 0x00, 0x05, 0x00, 0x1c, 0x00, 0x1c,
  0x00, 0x2e, 0x00, 0x1d, 0x00, 0x22, 0x00, 0x09, 0x00, 0x23, 0x00, 0x27,
  0x00, 0x1a, 0x00, 0x28, 0x00, 0x3b, 0x00, 0x05, 0x00, 0x3c, 0x00, 0x3c,
  0x00, 0x1f, 0x00, 0x3d, 0x00, 0x41, 0x00, 0x1b, 0x00, 0x42, 0x00, 0x53,
  0x00, 0x03, 0x00, 0x54, 0x00, 0x55, 0x00, 0x07, 0x00, 0x56, 0x00, 0x57,
  0x00, 0x22, 0x00, 0x58, 0x00, 0x5d, 0x00, 0x10, 0x00, 0x5e, 0x00, 0x65,
  0x00, 0x03, 0x00, 0x66, 0x00, 0x73, 0x00, 0x06, 0x00, 0x74, 0x00, 0x79,
  0x00, 0x11, 0x00, 0x7a, 0x00, 0x7d, 0x00, 0x06, 0x00, 0x7e, 0x00, 0x7f,
  0x00, 0x23, 0x00, 0x80, 0x00, 0x80, 0x00, 0x06, 0x00, 0x81, 0x00, 0x81,
  0x00, 0x05, 0x00, 0x82, 0x00, 0x83, 0x00, 0x24, 0x00, 0x84, 0x00, 0x84,
  0x00, 0x06, 0x00, 0x85, 0x00, 0x8b, 0x00, 0x0c, 0x00, 0x8c, 0x00, 0x92,
  0x00, 0x0d, 0x00, 0x93, 0x00, 0x93, 0x00, 0x06, 0x00, 0x94, 0x00, 0x99,
  0x00, 0x12, 0x00, 0x9a, 0x00, 0xa2, 0x00, 0x07, 0x00, 0xa3, 0x00, 0xa8,
  0x00, 0x13, 0x00, 0xa9, 0x00, 0xae, 0x00, 0x07, 0x00, 0xaf, 0x00, 0xb4,
  0x00, 0x14, 0x00, 0xb5, 0x00, 0xb5, 0x00, 0x2f, 0x00, 0xb6, 0x00, 0xbd,
  0x00, 0x0a, 0x00, 0xbe, 0x00, 0xc2, 0x00, 0x1c, 0x00, 0xc3, 0x00, 0xdb,
  0x00, 0x02, 0x00, 0xe5, 0x00, 0xe5, 0x00, 0x01, 0x00, 0xe7, 0x00, 0xe7,
  0x00, 0x01, 0x00, 0xe9, 0x00, 0xe9, 0x00, 0x01, 0x00, 0xff, 0x00, 0xff,
  0x00, 0x31, 0x01, 0x00, 0x01, 0x04, 0x00, 0x1d, 0x01, 0x05, 0x01, 0x08,
  0x00, 0x02, 0x01, 0x09, 0x01, 0x1a, 0x00, 0x01, 0x01, 0x1b, 0x01, 0x1d,
  0x00, 0x21, 0x01, 0x1e, 0x01, 0x23, 0x00, 0x0e, 0x01, 0x24, 0x01, 0x2b,
  0x00, 0x02, 0x01, 0x3a, 0x01, 0x3f, 0x00, 0x17, 0x01, 0x4a, 0x01, 0x4a,
  0x00, 0x01, 0x01, 0x4b, 0x01, 0x51, 0x00, 0x0f, 0x01, 0x52, 0x01, 0x59,
  0x00, 0x0b, 0x01, 0x5a, 0x01, 0x5f, 0x00, 0x18, 0x01, 0x60, 0x01, 0x62,
  0x00, 0x01, 0x01, 0x64, 0x01, 0x69, 0x00, 0x01, 0x01, 0x6a, 0x01, 0x6f,
  0x00, 0x19, 0x01, 0x70, 0x01, 0x75, 0x00, 0x01, 0x01, 0x76, 0x01, 0x7b,
  0x00, 0x08, 0x01, 0x7c, 0x01, 0x7c, 0x00, 0x38, 0x01, 0x7d, 0x01, 0x84,
  0x00, 0x08, 0x01, 0x85, 0x01, 0x89, 0x00, 0x1e, 0x01, 0x8b, 0x01, 0x8c,
  0x00, 0x01, 0x01, 0x8d, 0x01, 0x8d, 0x00, 0x0e, 0x01, 0x91, 0x01, 0x91,
  0x00, 0x16, 0x01, 0x92, 0x01, 0x92, 0x00, 0x28, 0x01, 0x93, 0x01, 0x93,
  0x00, 0x2d, 0x01, 0x94, 0x01, 0x94, 0x00, 0x16, 0x01, 0x95, 0x01, 0x95,
  0x00, 0x27, 0x01, 0x96, 0x01, 0x96, 0x00, 0x26, 0x01, 0x97, 0x01, 0x97,
  0x00, 0x16, 0x01, 0x98, 0x01, 0x98, 0x00, 0x2c, 0x01, 0x99, 0x01, 0x9b,
  0x00, 0x16, 0x01, 0x9c, 0x01, 0x9c, 0x00, 0x28, 0x01, 0x9d, 0x01, 0x9d,
  0x00, 0x2d, 0x01, 0x9e, 0x01, 0x9e, 0x00, 0x37, 0x01, 0x9f, 0x01, 0x9f,
  0x00, 0x27, 0x01, 0xa0, 0x01, 0xa0, 0x00, 0x26, 0x01, 0xa1, 0x01, 0xa1,
  0x00, 0x36, 0x01, 0xa2, 0x01, 0xa2, 0x00, 0x2c, 0x01, 0xa3, 0x01, 0xa3,
  0x00, 0x30, 0x01, 0xa4, 0x01, 0xa4, 0x00, 0x34, 0x01, 0xc7, 0x01, 0xc7,
  0x00, 0x32, 0x01, 0xe1, 0x01, 0xe3, 0x00, 0x15, 0x01, 0xe5, 0x01, 0xe5,
  0x00, 0x15, 0x01, 0xea, 0x01, 0xea, 0x00, 0x15, 0x01, 0xf8, 0x01, 0xfa,
  0x00, 0x20, 0x01, 0xfb, 0x01, 0xfb, 0x00, 0x25, 0x01, 0xfc, 0x01, 0xfc,
  0x00, 0x15, 0x01, 0xfd, 0x01, 0xfd, 0x00, 0x25, 0x01, 0xfe, 0x01, 0xfe,
  0x00, 0x35, 0x02, 0x00, 0x02, 0x00, 0x00, 0x2a, 0x02, 0x01, 0x02, 0x01,
  0x00, 0x2b, 0x02, 0x02, 0x02, 0x02, 0x00, 0x2a, 0x02, 0x03, 0x02, 0x03,
  0x00, 0x2b, 0x02, 0x04, 0x02, 0x04, 0x00, 0x33, 0x02, 0x08, 0x02, 0x09,
  0x00, 0x29, 0x02, 0x0e, 0x02, 0x0e, 0x00, 0x09, 0x02, 0x14, 0x02, 0x14,
  0x00, 0x1f, 0x02, 0x1a, 0x02, 0x1b, 0x00, 0x03, 0x02, 0x1d, 0x02, 0x1d,
  0x00, 0x09, 0x02, 0x22, 0x02, 0x22, 0x00, 0x1f, 0x02, 0x27, 0x02, 0x27,
  0x00, 0x03, 0x02, 0x42, 0x02, 0x42, 0x00, 0x01, 0x00, 0x01, 0x00, 0xb9,
  0x04, 0x24, 0x00, 0x01, 0x05, 0x83, 0x05, 0x00, 0x00, 0x01, 0x05, 0xa7,
  0x05, 0x00, 0x00, 0x01, 0x04, 0x3e, 0x03, 0x8b, 0x00, 0x01, 0x04, 0xb7,
  0x03, 0x8b, 0x00, 0x01, 0x02, 0xd7, 0x05, 0xee, 0x00, 0x01, 0x00, 0x96,
  0x04, 0x0a, 0x00, 0x01, 0x01, 0x9f, 0x04, 0x0a, 0x00, 0x01, 0x00, 0x77,
  0x04, 0x0a, 0x00, 0x01, 0x01, 0x23, 0x04, 0x0a, 0x00, 0x01, 0x01, 0x7e,
  0x04, 0x0b, 0x00, 0x01, 0x00, 0xfc, 0x03, 0xfb, 0x00, 0x01, 0x01, 0x97,
  0x04, 0x0a, 0x00, 0x01, 0x01, 0x82, 0x04, 0x0a, 0x00, 0x01, 0x02, 0x47,
  0x04, 0x12, 0x00, 0x01, 0x02, 0x5f, 0x04, 0x0a, 0x00, 0x01, 0x01, 0x75,
  0x04, 0x0a, 0x00, 0x01, 0x00, 0xee, 0x04, 0x0a, 0x00, 0x01, 0x00, 0x00,
  0x03, 0x8f, 0x00, 0x01, 0x00, 0x95, 0x00, 0x00, 0x00, 0x01, 0x00, 0x8d,
  0x00, 0x00, 0x00, 0x01, 0x01, 0x0d, 0x00, 0x00, 0x00, 0x01, 0x01, 0x8d,
  0x00, 0x15, 0x00, 0x01, 0x01, 0x7c, 0x04, 0x0b, 0x00, 0x01, 0x01, 0x7d,
  0x04, 0x0a, 0x00, 0x01, 0x01, 0x77, 0x04, 0x0a, 0x00, 0x01, 0x01, 0x7b,
  0x04, 0x0a, 0x00, 0x01, 0x02, 0xd7, 0x05, 0xa6, 0x00, 0x01, 0x02, 0xd7,
  0x00, 0x00, 0x00, 0x01, 0x05, 0x55, 0x00, 0x0e, 0x00, 0x01, 0x05, 0x38,
  0x05, 0xa6, 0x00, 0x01, 0x03, 0x04, 0x05, 0xa6, 0x00, 0x01, 0x02, 0xfe,
  0x00, 0x00, 0x00, 0x01, 0x02, 0xca, 0x05, 0xa6, 0x00, 0x01, 0x02, 0xc4,
  0x00, 0x00, 0x00, 0x01, 0x02, 0x94, 0x05, 0xa6, 0x00, 0x01, 0x02, 0xa5,
  0x00, 0x00, 0x00, 0x01, 0x04, 0x89, 0x00, 0x14, 0x00, 0x01, 0x02, 0xf3,
  0x05, 0xa6, 0x00, 0x01, 0x02, 0xed, 0x00, 0x00, 0x00, 0x01, 0x03, 0x41,
  0x05, 0xaa, 0x00, 0x01, 0x03, 0x48, 0x00, 0x00, 0x00, 0x01, 0x03, 0x03,
  0x05, 0xaa, 0x00, 0x01, 0x03, 0x09, 0x00, 0x00, 0x00, 0x01, 0x01, 0x35,
  0x05, 0xa6, 0x00, 0x01, 0x01, 0x43, 0x00, 0x00, 0x00, 0x01, 0x01, 0xa2,
  0x00, 0x0c, 0x00, 0x01, 0x02, 0x0a, 0x05, 0xa6, 0x00, 0x01, 0x02, 0xda,
  0x05, 0xa6, 0x00, 0x01, 0x02, 0xbe, 0x00, 0x00, 0x00, 0x01, 0x01, 0x30,
  0x05, 0xa6, 0x00, 0x01, 0x02, 0x67, 0x00, 0x00, 0x00, 0x01, 0x01, 0x48,
  0x05, 0xa6, 0x00, 0x01, 0x02, 0x80, 0x00, 0x00, 0x00, 0x01, 0x03, 0x01,
  0x05, 0xa6, 0x00, 0x01, 0x02, 0xfa, 0x05, 0xa6, 0x00, 0x01, 0x04, 0xc1,
  0x04, 0x6b, 0x00, 0x01, 0x02, 0xfd, 0x00, 0x00, 0x00, 0x01, 0x03, 0xa3,
  0x00, 0x13, 0x00, 0x01, 0x04, 0x5b, 0x05, 0xa6, 0x00, 0x01, 0x02, 0xa8,
  0x05, 0xa6, 0x00, 0x01, 0x02, 0xba, 0x00, 0x00, 0x00, 0x01, 0x02, 0xb6,
  0x05, 0xa6, 0x00, 0x01, 0x02, 0xb2, 0x00, 0x00, 0x00, 0x01, 0x02, 0x7b,
  0x05, 0xa6, 0x00, 0x01, 0x02, 0x7b, 0x00, 0x01, 0x00, 0x01, 0x02, 0xe5,
  0x05, 0xa6, 0x00, 0x01, 0x04, 0xee, 0x04, 0x6b, 0x00, 0x01, 0x02, 0xe3,
  0x00, 0x01, 0x00, 0x01, 0x03, 0x7c, 0x00, 0x16, 0x00, 0x01, 0x03, 0xc8,
  0x05, 0xa6, 0x00, 0x01, 0x02, 0xbd, 0x05, 0xa7, 0x00, 0x01, 0x02, 0x9c,
  0x00, 0x00, 0x00, 0x01, 0x02, 0xd2, 0x05, 0xa6, 0x00, 0x01, 0x02, 0xb6,
  0x00, 0x00, 0x00, 0x01, 0x02, 0x4b, 0x04, 0x0a, 0x00, 0x01, 0x03, 0x67,
  0x04, 0x0a, 0x00, 0x01, 0x02, 0x46, 0x00, 0x00, 0x00, 0x01, 0x03, 0xd3,
  0x00, 0x17, 0x00, 0x01, 0x02, 0xb7, 0x00, 0x00, 0x00, 0x01, 0x02, 0x3e,
  0x04, 0x0a, 0x00, 0x01, 0x02, 0x3e, 0x00, 0x00, 0x00, 0x01, 0x02, 0x20,
  0x00, 0x00, 0x00, 0x01, 0x02, 0x4a, 0x04, 0x0a, 0x00, 0x01, 0x02, 0x4e,
  0x00, 0x00, 0x00, 0x01, 0x03, 0x34, 0x00, 0x2e, 0x00, 0x01, 0x02, 0x33,
  0x04, 0x0a, 0x00, 0x01, 0x02, 0x36, 0x00, 0x00, 0x00, 0x01, 0x01, 0x4c,
  0x03, 0xdc, 0x00, 0x01, 0x02, 0x61, 0x04, 0x0a, 0x00, 0x01, 0x01, 0x40,
  0x05, 0xa6, 0x00, 0x01, 0x02, 0x93, 0x00, 0x00, 0x00, 0x01, 0x01, 0x0c,
  0x05, 0xa6, 0x00, 0x01, 0x02, 0x5e, 0x00, 0x00, 0x00, 0x01, 0x01, 0x7c,
  0x04, 0x0a, 0x00, 0x01, 0x01, 0xe6, 0x00, 0x15, 0x00, 0x01, 0x01, 0x0b,
  0x00, 0x00, 0x00, 0x01, 0x01, 0x5a, 0x04, 0x0a, 0x00, 0x01, 0x01, 0xc3,
  0x00, 0x15, 0x00, 0x01, 0x01, 0x5e, 0x04, 0x0a, 0x00, 0x01, 0x01, 0xc7,
  0x00, 0x15, 0x00, 0x01, 0x01, 0x0d, 0x04, 0x0a, 0x00, 0x01, 0x01, 0x76,
  0x00, 0x15, 0x00, 0x01, 0x01, 0x4f, 0x04, 0x0a, 0x00, 0x01, 0x01, 0xb8,
  0x00, 0x15, 0x00, 0x01, 0x01, 0x2f, 0x04, 0x0a, 0x00, 0x01, 0x02, 0x47,
  0x00, 0x00, 0x00, 0x01, 0x01, 0x0c, 0x05, 0xf8, 0x00, 0x01, 0x01, 0x08,
  0x00, 0x01, 0x00, 0x01, 0x01, 0x54, 0x05, 0xf8, 0x00, 0x01, 0x01, 0x51,
  0x00, 0x01, 0x00, 0x01, 0x02, 0x5d, 0x04, 0x0a, 0x00, 0x01, 0x02, 0x57,
  0x00, 0x00, 0x00, 0x01, 0x02, 0xd0, 0x00, 0x14, 0x00, 0x01, 0x02, 0x5e,
  0x04, 0x0a, 0x00, 0x01, 0x03, 0xc9, 0x02, 0xf6, 0x00, 0x01, 0x02, 0x6e,
  0x00, 0x00, 0x00, 0x01, 0x03, 0x0b, 0x00, 0x16, 0x00, 0x01, 0x02, 0x41,
  0x04, 0x0a, 0x00, 0x01, 0x03, 0x98, 0x02, 0xf6, 0x00, 0x01, 0x02, 0x3d,
  0x00, 0x00, 0x00, 0x01, 0x02, 0xda, 0x00, 0x16, 0x00, 0x01, 0x03, 0xb4,
  0x04, 0x0a, 0x00, 0x01, 0x01, 0xc1, 0x04, 0x0a, 0x00, 0x01, 0x01, 0x0e,
  0x00, 0x00, 0x00, 0x01, 0x02, 0x20, 0x04, 0x0a, 0x00, 0x01, 0x02, 0x17,
  0x00, 0x00, 0x00, 0x01, 0x01, 0xe6, 0x00, 0x0c, 0x00, 0x01, 0x02, 0x50,
  0x04, 0x0a, 0x00, 0x01, 0x03, 0xfa, 0x02, 0xf6, 0x00, 0x01, 0x02, 0x54,
  0x00, 0x00, 0x00, 0x01, 0x03, 0xff, 0x00, 0x15, 0x00, 0x01, 0x03, 0x1d,
  0x04, 0x0a, 0x00, 0x01, 0x02, 0x34, 0x04, 0x0a, 0x00, 0x01, 0x01, 0xf4,
  0x04, 0x0a, 0x00, 0x01, 0x01, 0xf4, 0x00, 0x00, 0x00, 0x01, 0x02, 0xb7,
  0x04, 0x08, 0x00, 0x01, 0x01, 0x3d, 0x05, 0xd2, 0x00, 0x01, 0x01, 0x30,
  0x00, 0x00, 0x00, 0x01, 0x02, 0x59, 0x04, 0xe8, 0x00, 0x01, 0x02, 0x5a,
  0x00, 0xde, 0x00, 0x01, 0x02, 0xed, 0x05, 0xa6, 0x00, 0x01, 0x02, 0xf1,
  0x00, 0x00, 0x00, 0x01, 0x03, 0x4e, 0x05, 0xa6, 0x00, 0x01, 0x03, 0x3f,
  0x00, 0x00, 0x00, 0x01, 0x04, 0x4e, 0x05, 0xa6, 0x00, 0x01, 0x02, 0xe1,
  0x04, 0xe8, 0x00, 0x01, 0x02, 0xe2, 0x00, 0xde, 0x00, 0x01, 0x02, 0xd1,
  0x05, 0xa6, 0x00, 0x01, 0x02, 0xd6, 0x00, 0x00, 0x00, 0x01, 0x01, 0x8b,
  0x03, 0x88, 0x00, 0x01, 0x01, 0x8b, 0x00, 0x01, 0x00, 0x01, 0x03, 0x0e,
  0x05, 0xa6, 0x00, 0x01, 0x02, 0xff, 0x00, 0x00, 0x00, 0x01, 0x01, 0xb0,
  0x03, 0x88, 0x00, 0x01, 0x01, 0xad, 0x00, 0x00, 0x00, 0x01, 0x00, 0x00,
  0x00, 0x0a, 0x00, 0x5e, 0x00, 0x18, 0x00, 0x02, 0x44, 0x46, 0x4c, 0x54,
  0x00, 0xd4, 0x6c, 0x61, 0x74, 0x6e, 0x00, 0xd8, 0x00, 0x22, 0x00, 0xfe,
  0x01, 0x06, 0x01, 0xc6, 0x01, 0x0e, 0x01, 0x0e, 0x01, 0x16, 0x01, 0x1e,
  0x01, 0x26, 0x01, 0x2e, 0x01, 0x36, 0x01, 0x3e, 0x01, 0x46, 0x01, 0x46,
  0x01, 0x4e, 0x01, 0x66, 0x01, 0x56, 0x01, 0x5e, 0x01, 0x66, 0x01, 0xd0,
  0x01, 0x6e, 0x01, 0x6e, 0x01, 0xda, 0x01, 0x76, 0x01, 0x7e, 0x01, 0x86,
  0x01, 0x8e, 0x01, 0xbe, 0x01, 0x96, 0x01, 0x9e, 0x01, 0xa6, 0x01, 0xa6,
  0x01, 0xae, 0x01, 0xb6, 0x01, 0xbe, 0x00, 0x15, 0x61, 0x61, 0x6c, 0x74,
  0x01, 0xf8, 0x63, 0x61, 0x6c, 0x74, 0x01, 0x9e, 0x63, 0x63, 0x6d, 0x70,
  0x02, 0x00, 0x63, 0x63, 0x6d, 0x70, 0x02, 0x18, 0x64, 0x6e, 0x6f, 0x6d,
  0x01, 0xa4, 0x66, 0x72, 0x61, 0x63, 0x02, 0x22, 0x6c, 0x69, 0x67, 0x61,
  0x01, 0xaa, 0x6c, 0x6e, 0x75, 0x6d, 0x01, 0xb0, 0x6c, 0x6f, 0x63, 0x6c,
  0x01, 0xb6, 0x6c, 0x6f, 0x63, 0x6c, 0x01, 0xbc, 0x6c, 0x6f, 0x63, 0x6c,
  0x01, 0xc2, 0x6e, 0x75, 0x6d, 0x72, 0x01, 0xc8, 0x6f, 0x6e, 0x75, 0x6d,
  0x01, 0xce, 0x6f, 0x72, 0x64, 0x6e, 0x02, 0x08, 0x70, 0x6e, 0x75, 0x6d,
  0x01, 0xd4, 0x73, 0x61, 0x6c, 0x74, 0x01, 0xda, 0x73, 0x69, 0x6e, 0x66,
  0x01, 0xe0, 0x73, 0x73, 0x30, 0x31, 0x01, 0xe6, 0x73, 0x75, 0x62, 0x73,
  0x01, 0xec, 0x73, 0x75, 0x70, 0x73, 0x01, 0xf2, 0x74, 0x6e, 0x75, 0x6d,
  0x02, 0x10, 0x01, 0xac, 0x00, 0x00, 0x03, 0x08, 0x00, 0x08, 0x41, 0x5a,
  0x45, 0x20, 0x01, 0xa8, 0x43, 0x41, 0x54, 0x20, 0x03, 0x30, 0x43, 0x52,
  0x54, 0x20, 0x01, 0xa8, 0x4b, 0x41, 0x5a, 0x20, 0x01, 0xa8, 0x4d, 0x4f,
  0x4c, 0x20, 0x03, 0x5a, 0x52, 0x4f, 0x4d, 0x20, 0x01, 0xa8, 0x54, 0x41,
  0x54, 0x20, 0x01, 0xa8, 0x54, 0x52, 0x4b, 0x20, 0x03, 0x84, 0x00, 0x01,
  0x00, 0x00, 0x00, 0x01, 0x03, 0xe6, 0x00, 0x03, 0x00, 0x00, 0x00, 0x01,
  0x02, 0xb2, 0x00, 0x01, 0x00, 0x00, 0x00, 0x01, 0x01, 0x8c, 0x00, 0x04,
  0x00, 0x00, 0x00, 0x01, 0x01, 0xe6, 0x00, 0x01, 0x00, 0x00, 0x00, 0x01,
  0x01, 0x82, 0x00, 0x01, 0x00, 0x00, 0x00, 0x01, 0x01, 0xf4, 0x00, 0x06,
  0x00, 0x00, 0x00, 0x01, 0x01, 0xd8, 0x00, 0x04, 0x00, 0x00, 0x00, 0x01,
  0x01, 0xa6, 0x00, 0x04, 0x00, 0x00, 0x00, 0x01, 0x01, 0xa6, 0x00, 0x01,
  0x00, 0x00, 0x00, 0x01, 0x01, 0x60, 0x00, 0x01, 0x00, 0x00, 0x00, 0x01,
  0x01, 0x5e, 0x00, 0x01, 0x00, 0x00, 0x00, 0x01, 0x01, 0x5c, 0x00, 0x01,
  0x00, 0x00, 0x00, 0x01, 0x01, 0x5a, 0x00, 0x01, 0x00, 0x00, 0x00, 0x01,
  0x01, 0x58, 0x00, 0x01, 0x00, 0x00, 0x00, 0x01, 0x01, 0x56, 0x00, 0x01,
  0x00, 0x00, 0x00, 0x01, 0x01, 0xb2, 0x00, 0x04, 0x00, 0x00, 0x00, 0x01,
  0x01, 0x6e, 0x00, 0x01, 0x00, 0x00, 0x00, 0x01, 0x01, 0x44, 0x00, 0x01,
  0x00, 0x00, 0x00, 0x01, 0x02, 0xea, 0x00, 0x01, 0x00, 0x00, 0x00, 0x01,
  0x01, 0x3a, 0x00, 0x04, 0x00, 0x08, 0x00, 0x01, 0x01, 0x56, 0x00, 0x01,
  0x00, 0x00, 0x00, 0x01, 0x01, 0x6a, 0x00, 0x06, 0x00, 0x00, 0x00, 0x01,
  0x01, 0x88, 0x00, 0x01, 0x00, 0x00, 0x00, 0x01, 0x01, 0x20, 0x00, 0x01,
  0x00, 0x00, 0x00, 0x01, 0x02, 0xf0, 0x00, 0x06, 0x00, 0x00, 0x00, 0x02,
  0x01, 0x84, 0x01, 0xde, 0x00, 0x06, 0x00, 0x00, 0x00, 0x02, 0x01, 0x8c,
  0x01, 0x9e, 0x00, 0x06, 0x00, 0x00, 0x00, 0x02, 0x01, 0xa6, 0x01, 0xb8,
  0x00, 0x00, 0x00, 0x01, 0x00, 0x1f, 0x00, 0x00, 0x00, 0x01, 0x00, 0x0f,
  0x00, 0x00, 0x00, 0x01, 0x00, 0x1c, 0x00, 0x00, 0x00, 0x01, 0x00, 0x18,
  0x00, 0x00, 0x00, 0x01, 0x00, 0x08, 0x00, 0x00, 0x00, 0x01, 0x00, 0x07,
  0x00, 0x00, 0x00, 0x01, 0x00, 0x06, 0x00, 0x00, 0x00, 0x01, 0x00, 0x0e,
  0x00, 0x00, 0x00, 0x01, 0x00, 0x1b, 0x00, 0x00, 0x00, 0x01, 0x00, 0x19,
  0x00, 0x00, 0x00, 0x01, 0x00, 0x1d, 0x00, 0x00, 0x00, 0x01, 0x00, 0x0c,
  0x00, 0x00, 0x00, 0x01, 0x00, 0x1e, 0x00, 0x00, 0x00, 0x01, 0x00, 0x0b,
  0x00, 0x00, 0x00, 0x01, 0x00, 0x0d, 0x00, 0x00, 0x00, 0x02, 0x00, 0x00,
  0x00, 0x01, 0x00, 0x00, 0x00, 0x02, 0x00, 0x02, 0x00, 0x05, 0x00, 0x00,
  0x00, 0x02, 0x00, 0x15, 0x00, 0x17, 0x00, 0x00, 0x00, 0x02, 0x00, 0x1a,
  0x00, 0x21, 0x00, 0x00, 0x00, 0x03, 0x00, 0x02, 0x00, 0x05, 0x00, 0x05,
  0x00, 0x00, 0x00, 0x03, 0x00, 0x10, 0x00, 0x11, 0x00, 0x12, 0x00, 0x00,
  0xff, 0xff, 0x00, 0x11, 0x00, 0x00, 0x00, 0x01, 0x00, 0x02, 0x00, 0x04,
  0x00, 0x05, 0x00, 0x06, 0x00, 0x07, 0x00, 0x0b, 0x00, 0x0c, 0x00, 0x0d,
  0x00, 0x0e, 0x00, 0x0f, 0x00, 0x10, 0x00, 0x11, 0x00, 0x12, 0x00, 0x13,
  0x00, 0x14, 0x00, 0x01, 0x03, 0x0a, 0x00, 0x01, 0x00, 0x01, 0x02, 0xd8,
  0x00, 0x07, 0x00, 0x01, 0x04, 0x24, 0x00, 0x1e, 0x00, 0x01, 0x04, 0x1e,
  0x00, 0x3c, 0x00, 0x01, 0x04, 0x18, 0x00, 0x28, 0x00, 0x01, 0x02, 0xc6,
  0xff, 0xe9, 0x00, 0x01, 0x04, 0x0c, 0x00, 0x32, 0x00, 0x01, 0x02, 0xf2,
  0xff, 0xf6, 0x00, 0x01, 0x02, 0xe2, 0xff, 0xf6, 0x00, 0x01, 0x03, 0xfa,
  0x00, 0x0a, 0x00, 0x01, 0x02, 0xba, 0x00, 0x02, 0x00, 0x01, 0x04, 0xbe,
  0x00, 0x01, 0x02, 0xa8, 0x00, 0x01, 0x04, 0xc2, 0x00, 0x01, 0x02, 0xa4,
  0x00, 0x01, 0x04, 0xc8, 0x00, 0x01, 0x02, 0xa0, 0x00, 0x01, 0x04, 0xd2,
  0x00, 0x01, 0x02, 0xa2, 0x00, 0x01, 0x05, 0x00, 0x00, 0x02, 0x02, 0xd4,
  0x02, 0xde, 0x00, 0x01, 0x02, 0xba, 0x00, 0x02, 0x02, 0x96, 0x02, 0x9a,
  0x00, 0x02, 0x02, 0xb8, 0x00, 0x02, 0x01, 0x8a, 0x01, 0x8b, 0x00, 0x02,
  0x02, 0xca, 0x00, 0x04, 0x00, 0x91, 0x00, 0x98, 0x01, 0x57, 0x01, 0x5e,
  0x00, 0x02, 0x02, 0xc8, 0x00, 0x04, 0x01, 0x8e, 0x01, 0x8f, 0x01, 0x8e,
  0x01, 0x8f, 0x00, 0x03, 0x00, 0x01, 0x02, 0xc6, 0x00, 0x01, 0x02, 0x5a,
  0x00, 0x01, 0x02, 0xc6, 0x00, 0x01, 0x00, 0x00, 0x00, 0x20, 0x00, 0x03,
  0x00, 0x00, 0x00, 0x01, 0x02, 0x5a, 0x00, 0x01, 0x02, 0xe4, 0x00, 0x01,
  0x00, 0x00, 0x00, 0x03, 0x00, 0x03, 0x00, 0x01, 0x02, 0xa6, 0x00, 0x01,
  0x02, 0x5a, 0x00, 0x00, 0x00, 0x01, 0x00, 0x00, 0x00, 0x13, 0x00, 0x03,
  0x00, 0x01, 0x02, 0xaa, 0x00, 0x01, 0x02, 0x48, 0x00, 0x00, 0x00, 0x01,
  0x00, 0x00, 0x00, 0x14, 0x00, 0x03, 0x00, 0x01, 0x03, 0x4a, 0x00, 0x01,
  0x02, 0x88, 0x00, 0x00, 0x00, 0x01, 0x00, 0x00, 0x00, 0x16, 0x00, 0x03,
  0x00, 0x01, 0x03, 0x38, 0x00, 0x01, 0x02, 0x7e, 0x00, 0x00, 0x00, 0x01,
  0x00, 0x00, 0x00, 0x16, 0x00, 0x03, 0x00, 0x00, 0x00, 0x01, 0x02, 0x00,
  0x00, 0x02, 0x02, 0x7e, 0x02, 0x8a, 0x00, 0x01, 0x00, 0x00, 0x00, 0x04,
  0x00, 0x01, 0x03, 0x12, 0x00, 0x0a, 0x02, 0x86, 0x02, 0x94, 0x02, 0xa2,
  0x02, 0xb0, 0x02, 0xbe, 0x02, 0xcc, 0x02, 0xda, 0x02, 0xe8, 0x02, 0xf6,
  0x03, 0x04, 0x00, 0x00, 0xff, 0xff, 0x00, 0x11, 0x00, 0x00, 0x00, 0x01,
  0x00, 0x03, 0x00, 0x04, 0x00, 0x05, 0x00, 0x06, 0x00, 0x07, 0x00, 0x0b,
  0x00, 0x0c, 0x00, 0x0d, 0x00, 0x0e, 0x00, 0x0f, 0x00, 0x10, 0x00, 0x11,
  0x00, 0x12, 0x00, 0x13, 0x00, 0x14, 0x00, 0x00, 0xff, 0xff, 0x00, 0x12,
  0x00, 0x00, 0x00, 0x01, 0x00, 0x02, 0x00, 0x04, 0x00, 0x05, 0x00, 0x06,
  0x00, 0x07, 0x00, 0x08, 0x00, 0x0b, 0x00, 0x0c, 0x00, 0x0d, 0x00, 0x0e,
  0x00, 0x0f, 0x00, 0x10, 0x00, 0x11, 0x00, 0x12, 0x00, 0x13, 0x00, 0x14,
  0x00, 0x00, 0xff, 0xff, 0x00, 0x12, 0x00, 0x00, 0x00, 0x01, 0x00, 0x02,
  0x00, 0x04, 0x00, 0x05, 0x00, 0x06, 0x00, 0x07, 0x00, 0x09, 0x00, 0x0b,
  0x00, 0x0c, 0x00, 0x0d, 0x00, 0x0e, 0x00, 0x0f, 0x00, 0x10, 0x00, 0x11,
  0x00, 0x12, 0x00, 0x13, 0x00, 0x14, 0x00, 0x00, 0xff, 0xff, 0x00, 0x12,
  0x00, 0x00, 0x00, 0x01, 0x00, 0x02, 0x00, 0x04, 0x00, 0x05, 0x00, 0x06,
  0x00, 0x07, 0x00, 0x0a, 0x00, 0x0b, 0x00, 0x0c, 0x00, 0x0d, 0x00, 0x0e,
  0x00, 0x0f, 0x00, 0x10, 0x00, 0x11, 0x00, 0x12, 0x00, 0x13, 0x00, 0x14,
  0x00, 0x02, 0x02, 0x5c, 0x00, 0x18, 0x01, 0x91, 0x01, 0x92, 0x01, 0x93,
  0x01, 0x94, 0x01, 0x95, 0x01, 0x96, 0x01, 0x97, 0x01, 0x98, 0x01, 0x99,
  0x01, 0x9a, 0x01, 0xe1, 0x01, 0xe2, 0x02, 0x0d, 0x02, 0x0e, 0x02, 0x10,
  0x02, 0x11, 0x02, 0x12, 0x02, 0x13, 0x02, 0x14, 0x02, 0x15, 0x02, 0x16,
  0x02, 0x18, 0x02, 0x19, 0x02, 0x1b, 0x00, 0x02, 0x02, 0x3c, 0x00, 0x18,
  0x01, 0xa5, 0x01, 0xa6, 0x01, 0xa7, 0x01, 0xa8, 0x01, 0xa9, 0x01, 0xaa,
  0x01, 0xab, 0x01, 0xac, 0x01, 0xad, 0x01, 0xae, 0x01, 0xf0, 0x01, 0xf1,
  0x02, 0x1c, 0x02, 0x1d, 0x02, 0x1e, 0x02, 0x1f, 0x02, 0x20, 0x02, 0x21,
  0x02, 0x22, 0x02, 0x23, 0x02, 0x24, 0x02, 0x25, 0x02, 0x26, 0x02, 0x27,
  0x00, 0x02, 0x02, 0x2e, 0x00, 0x47, 0x01, 0x8e, 0x01, 0x8f, 0x00, 0x91,
  0x00, 0x98, 0x01, 0x8e, 0x01, 0x8a, 0x01, 0x10, 0x01, 0x8b, 0x01, 0x8f,
  0x01, 0x57, 0x01, 0x5e, 0x01, 0x91, 0x01, 0x92, 0x01, 0x93, 0x01, 0x94,
  0x01, 0x95, 0x01, 0x96, 0x01, 0x97, 0x01, 0x98, 0x01, 0x99, 0x01, 0x9a,
  0x01, 0x91, 0x01, 0x92, 0x01, 0x93, 0x01, 0x94, 0x01, 0x95, 0x01, 0x96,
  0x01, 0x97, 0x01, 0x98, 0x01, 0x99, 0x01, 0x9a, 0x01, 0xb9, 0x01, 0xba,
  0x01, 0xbb, 0x01, 0xbc, 0x01, 0xbd, 0x01, 0xbe, 0x01, 0xbf, 0x01, 0xc0,
  0x01, 0xc1, 0x01, 0xc2, 0x01, 0xf0, 0x01, 0xf1, 0x01, 0xd7, 0x01, 0xe1,
  0x01, 0xe2, 0x01, 0xfd, 0x02, 0x1c, 0x02, 0x1d, 0x02, 0x1e, 0x02, 0x1f,
  0x02, 0x20, 0x02, 0x21, 0x02, 0x22, 0x02, 0x23, 0x02, 0x24, 0x02, 0x25,
  0x02, 0x26, 0x02, 0x27, 0x02, 0x0d, 0x02, 0x0e, 0x02, 0x10, 0x02, 0x11,
  0x02, 0x12, 0x02, 0x13, 0x02, 0x14, 0x02, 0x15, 0x02, 0x16, 0x02, 0x18,
  0x02, 0x19, 0x02, 0x1b, 0x00, 0x01, 0x00, 0x01, 0x01, 0x09, 0x00, 0x01,
  0x00, 0x01, 0x01, 0xee, 0x00, 0x01, 0x02, 0x10, 0x00, 0x01, 0x02, 0x18,
  0x00, 0x01, 0x02, 0x20, 0x00, 0x01, 0x00, 0x01, 0x01, 0xfb, 0x00, 0x02,
  0x02, 0x24, 0x02, 0x2a, 0x00, 0x01, 0x02, 0x68, 0x00, 0x01, 0x02, 0x74,
  0x00, 0x01, 0x00, 0x02, 0x01, 0x09, 0x01, 0x18, 0x00, 0x02, 0x00, 0x01,
  0x01, 0x9b, 0x01, 0xa4, 0x00, 0x00, 0x00, 0x02, 0x00, 0x01, 0x01, 0xc3,
  0x01, 0xcc, 0x00, 0x00, 0x00, 0x01, 0x00, 0x02, 0x00, 0x58, 0x01, 0x1e,
  0x00, 0x01, 0x00, 0x02, 0x01, 0x00, 0x01, 0x1e, 0x00, 0x04, 0x01, 0xfc,
  0x02, 0x02, 0x02, 0x08, 0x02, 0x0e, 0x00, 0x04, 0x02, 0x0a, 0x02, 0x10,
  0x02, 0x16, 0x02, 0x1c, 0x00, 0x01, 0x00, 0x04, 0x00, 0x8f, 0x00, 0x97,
  0x01, 0x55, 0x01, 0x5d, 0x00, 0x01, 0x00, 0x04, 0x00, 0x01, 0x00, 0x66,
  0x00, 0xc3, 0x01, 0x2c, 0x00, 0x01, 0x00, 0x01, 0x02, 0x0a, 0x00, 0x01,
  0x00, 0x01, 0x01, 0xd7, 0x00, 0x01, 0x00, 0x02, 0x00, 0x01, 0x00, 0xc3,
  0x00, 0x01, 0x00, 0x02, 0x00, 0x66, 0x01, 0x2c, 0x00, 0x02, 0x00, 0x01,
  0x01, 0xb9, 0x01, 0xc2, 0x00, 0x00, 0x00, 0x01, 0x00, 0x04, 0x02, 0x68,
  0x02, 0x69, 0x02, 0x6b, 0x02, 0x6c, 0x00, 0x02, 0x00, 0x02, 0x02, 0x58,
  0x02, 0x5c, 0x00, 0x00, 0x02, 0x5e, 0x02, 0x67, 0x00, 0x05, 0x00, 0x06,
  0x01, 0x9b, 0x01, 0xa5, 0x01, 0xaf, 0x01, 0xb9, 0x01, 0xc3, 0x01, 0xcd,
  0x00, 0x06, 0x01, 0x9c, 0x01, 0xa6, 0x01, 0xb0, 0x01, 0xba, 0x01, 0xc4,
  0x01, 0xce, 0x00, 0x06, 0x01, 0x9d, 0x01, 0xa7, 0x01, 0xb1, 0x01, 0xbb,
  0x01, 0xc5, 0x01, 0xcf, 0x00, 0x06, 0x01, 0x9e, 0x01, 0xa8, 0x01, 0xb2,
  0x01, 0xbc, 0x01, 0xc6, 0x01, 0xd0, 0x00, 0x06, 0x01, 0x9f, 0x01, 0xa9,
  0x01, 0xb3, 0x01, 0xbd, 0x01, 0xc7, 0x01, 0xd1, 0x00, 0x06, 0x01, 0xa0,
  0x01, 0xaa, 0x01, 0xb4, 0x01, 0xbe, 0x01, 0xc8, 0x01, 0xd2, 0x00, 0x06,
  0x01, 0xa1, 0x01, 0xab, 0x01, 0xb5, 0x01, 0xbf, 0x01, 0xc9, 0x01, 0xd3,
  0x00, 0x06, 0x01, 0xa2, 0x01, 0xac, 0x01, 0xb6, 0x01, 0xc0, 0x01, 0xca,
  0x01, 0xd4, 0x00, 0x06, 0x01, 0xa3, 0x01, 0xad, 0x01, 0xb7, 0x01, 0xc1,
  0x01, 0xcb, 0x01, 0xd5, 0x00, 0x06, 0x01, 0xa4, 0x01, 0xae, 0x01, 0xb8,
  0x01, 0xc2, 0x01, 0xcc, 0x01, 0xd6, 0x00, 0x02, 0x00, 0x01, 0x01, 0x91,
  0x01, 0x9a, 0x00, 0x00, 0x00, 0x02, 0x00, 0x03, 0x01, 0xa5, 0x01, 0xae,
  0x00, 0x00, 0x01, 0xf0, 0x01, 0xf1, 0x00, 0x0a, 0x02, 0x1c, 0x02, 0x27,
  0x00, 0x0c, 0x00, 0x02, 0x00, 0x06, 0x01, 0x91, 0x01, 0x9a, 0x00, 0x00,
  0x01, 0xe1, 0x01, 0xe2, 0x00, 0x0a, 0x02, 0x0d, 0x02, 0x0e, 0x00, 0x0c,
  0x02, 0x10, 0x02, 0x16, 0x00, 0x0e, 0x02, 0x18, 0x02, 0x19, 0x00, 0x15,
  0x02, 0x1b, 0x02, 0x1b, 0x00, 0x17, 0x00, 0x02, 0x00, 0x15, 0x00, 0x01,
  0x00, 0x01, 0x00, 0x00, 0x00, 0x66, 0x00, 0x66, 0x00, 0x01, 0x00, 0x8f,
  0x00, 0x8f, 0x00, 0x02, 0x00, 0x97, 0x00, 0x97, 0x00, 0x03, 0x00, 0xc3,
  0x00, 0xc3, 0x00, 0x04, 0x01, 0x00, 0x01, 0x00, 0x00, 0x05, 0x01, 0x09,
  0x01, 0x09, 0x00, 0x06, 0x01, 0x1e, 0x01, 0x1e, 0x00, 0x07, 0x01, 0x2c,
  0x01, 0x2c, 0x00, 0x08, 0x01, 0x55, 0x01, 0x55, 0x00, 0x09, 0x01, 0x5d,
  0x01, 0x5d, 0x00, 0x0a, 0x01, 0x9b, 0x01, 0xae, 0x00, 0x0b, 0x01, 0xc3,
  0x01, 0xcc, 0x00, 0x1f, 0x01, 0xe1, 0x01, 0xe2, 0x00, 0x29, 0x01, 0xee,
  0x01, 0xee, 0x00, 0x2b, 0x01, 0xf0, 0x01, 0xf1, 0x00, 0x2c, 0x01, 0xfb,
  0x01, 0xfb, 0x00, 0x2e, 0x02, 0x0d, 0x02, 0x0e, 0x00, 0x2f, 0x02, 0x10,
  0x02, 0x16, 0x00, 0x31, 0x02, 0x18, 0x02, 0x19, 0x00, 0x38, 0x02, 0x1b,
  0x02, 0x27, 0x00, 0x3a, 0x01, 0x22, 0x00, 0x02, 0x01, 0xea, 0x00, 0x01,
  0x00, 0x01, 0x01, 0x1e, 0x00, 0x5c, 0x00, 0x02, 0x01, 0xea, 0x00, 0x01,
  0x00, 0x01, 0x00, 0x58, 0x02, 0x54, 0x00, 0x03, 0x01, 0x2c, 0x01, 0xe1,
  0x00, 0x01, 0x00, 0x01, 0x00, 0x5f, 0x01, 0x8c, 0x00, 0x02, 0x01, 0x09,
  0x01, 0x8d, 0x00, 0x02, 0x01, 0x1e, 0x00, 0x01, 0x00, 0x01, 0x00, 0xff,
  0x02, 0x80, 0x00, 0x02, 0x02, 0x5b, 0x02, 0x81, 0x00, 0x02, 0x02, 0x5a,
  0x02, 0x82, 0x00, 0x02, 0x02, 0x64, 0x02, 0x83, 0x00, 0x02, 0x02, 0x62,
  0x02, 0x7c, 0x00, 0x02, 0x02, 0x5b, 0x02, 0x7d, 0x00, 0x02, 0x02, 0x5a,
  0x02, 0x7e, 0x00, 0x02, 0x02, 0x64, 0x02, 0x7f, 0x00, 0x02, 0x02, 0x62,
  0x00, 0x01, 0x00, 0x02, 0x02, 0x5e, 0x02, 0x60, 0x00, 0x00, 0x00, 0x02,
  0x01, 0xea, 0x00, 0x01, 0x00, 0x58, 0x00, 0x01, 0x00, 0x00, 0x00, 0x0a,
  0x00, 0x00, 0x00, 0x02, 0x01, 0xea, 0x00, 0x01, 0x01, 0x1e, 0x00, 0x01,
  0x00, 0x00, 0x00, 0x09, 0x00, 0x01, 0x00, 0x01, 0x00, 0x08, 0x00, 0x02,
  0x00, 0x00, 0x00, 0x14, 0x00, 0x02, 0x00, 0x00, 0x00, 0x24, 0x00, 0x02,
  0x77, 0x67, 0x68, 0x74, 0x01, 0x00, 0x00, 0x00, 0x69, 0x74, 0x61, 0x6c,
  0x01, 0x13, 0x00, 0x01, 0x00, 0x04, 0x00, 0x10, 0x00, 0x01, 0x00, 0x00,
  0x00, 0x00, 0x01, 0x07, 0x02, 0xbc, 0x00, 0x00, 0x00, 0x03, 0x00, 0x01,
  0x00, 0x02, 0x01, 0x14, 0x00, 0x00, 0x00, 0x00, 0x00, 0x01, 0x00, 0x00
};
unsigned int assets_fonts_PublicSans_Bold_ttf_len = 60264;
