unsigned char assets_soundeffect_move_check_wav[] = {
  0x52, 0x49, 0x46, 0x46, 0xa0, 0xf9, 0x00, 0x00, 0x57, 0x41, 0x56, 0x45,
  0x66, 0x6d, 0x74, 0x20, 0x10, 0x00, 0x00, 0x00, 0x01, 0x00, 0x02, 0x00,
  0x80, 0xbb, 0x00, 0x00, 0x00, 0xee, 0x02, 0x00, 0x04, 0x00, 0x10, 0x00,
  0x4c, 0x49, 0x53, 0x54, 0x40, 0x00, 0x00, 0x00, 0x49, 0x4e, 0x46, 0x4f,
  0x49, 0x43, 0x52, 0x44, 0x0b, 0x00, 0x00, 0x00, 0x32, 0x30, 0x31, 0x39,
  0x2d, 0x30, 0x34, 0x2d, 0x32, 0x31, 0x00, 0x00, 0x49, 0x53, 0x46, 0x54,
  0x0d, 0x00, 0x00, 0x00, 0x4c, 0x61, 0x76, 0x66, 0x36, 0x31, 0x2e, 0x31,
  0x2e, 0x31, 0x30, 0x30, 0x00, 0x00, 0x49, 0x54, 0x43, 0x48, 0x0a, 0x00,
  0x00, 0x00, 0x50, 0x72, 0x6f, 0x20, 0x54, 0x6f, 0x6f, 0x6c, 0x73, 0x00,
  0x64, 0x61, 0x74, 0x61, 0x34, 0xf9, 0x00, 0x00, 0x01, 0x00, 0x01, 0x00,
  0x0b, 0x00, 0x0b, 0x00, 0x13, 0x00, 0x13, 0x00, 0x16, 0x00, 0x16, 0x00,
  0x13, 0x00, 0x12, 0x00, 0x0c, 0x00, 0x0c, 0x00, 0x07, 0x00, 0x07, 0x00,
  0x02, 0x00, 0x02, 0x00, 0xf9, 0xff, 0xf9, 0xff, 0xf1, 0xff, 0xf1, 0xff,
  0xf2, 0xff, 0xf2, 0xff, 0xf2, 0xff, 0xf2, 0xff, 0xe7, 0xff, 0xe7, 0xff,
  0xdf, 0xff, 0xde, 0xff, 0xee, 0xff, 0xee, 0xff, 0x10, 0x00, 0x11, 0x00,
  0x25, 0x00, 0x25, 0x00, 0x11, 0x00, 0x11, 0x00, 0xe4, 0xff, 0xe4, 0xff,
  0xd1, 0xff, 0xd1, 0xff, 0xf0, 0xff, 0xf0, 0xff, 0x1d, 0x00, 0x1d, 0x00,
  0x20, 0x00, 0x20, 0x00, 0xfc, 0xff, 0xfb, 0xff, 0xe1, 0xff, 0xe0, 0xff,
  0xec, 0xff, 0xec, 0xff, 0x09, 0x00, 0x09, 0x00, 0x16, 0x00, 0x16, 0x00,
  0x06, 0x00, 0x06, 0x00, 0xe6, 0xff, 0xe6, 0xff, 0xd0, 0xff, 0xd0, 0xff,
  0xd5, 0xff, 0xd5, 0xff, 0xec, 0xff, 0xec, 0xff, 0x00, 0x00, 0x01, 0x00,
  0x06, 0x00, 0x06, 0x00, 0xf9, 0xff, 0xf9, 0xff, 0xe7, 0xff, 0xe7, 0xff,
  0xe6, 0xff, 0xe6, 0xff, 0xf2, 0xff, 0xf2, 0xff, 0xed, 0xff, 0xed, 0xff,
  0xcd, 0xff, 0xcd, 0xff, 0xbb, 0xff, 0xbb, 0xff, 0xd9, 0xff, 0xd9, 0xff,
  0x1f, 0x00, 0x1f, 0x00, 0x69, 0x00, 0x6a, 0x00, 0x8a, 0x00, 0x8b, 0x00,
  0x67, 0x00, 0x67, 0x00, 0x23, 0x00, 0x23, 0x00, 0x07, 0x00, 0x07, 0x00,
  0x2d, 0x00, 0x2d, 0x00, 0x62, 0x00, 0x62, 0x00, 0x5d, 0x00, 0x5d, 0x00,
  0x04, 0x00, 0x04, 0x00, 0x94, 0xff, 0x94, 0xff, 0x6e, 0xff, 0x6e, 0xff,
  0xa1, 0xff, 0xa1, 0xff, 0xd6, 0xff, 0xd6, 0xff, 0xd4, 0xff, 0xd4, 0xff,
  0xc3, 0xff, 0xc3, 0xff, 0xd7, 0xff, 0xd7, 0xff, 0x01, 0x00, 0x00, 0x00,
  0x12, 0x00, 0x12, 0x00, 0xff, 0xff, 0xff, 0xff, 0xe5, 0xff, 0xe5, 0xff,
  0xe8, 0xff, 0xe8, 0xff, 0x00, 0x00, 0x00, 0x00, 0x01, 0x00, 0x01, 0x00,
  0xeb, 0xff, 0xea, 0xff, 0xee, 0xff, 0xee, 0xff, 0x1c, 0x00, 0x1c, 0x00,
  0x4b, 0x00, 0x4c, 0x00, 0x57, 0x00, 0x57, 0x00, 0x3e, 0x00, 0x3e, 0x00,
  0x0c, 0x00, 0x0c, 0x00, 0xdd, 0xff, 0xdd, 0xff, 0xdd, 0xff, 0xde, 0xff,
  0x0f, 0x00, 0x10, 0x00, 0x45, 0x00, 0x45, 0x00, 0x5e, 0x00, 0x5e, 0x00,
  0x5a, 0x00, 0x5a, 0x00, 0x40, 0x00, 0x40, 0x00, 0x19, 0x00, 0x19, 0x00,
  0xf5, 0xff, 0xf5, 0xff, 0xd6, 0xff, 0xd6, 0xff, 0xc9, 0xff, 0xc9, 0xff,
  0xe2, 0xff, 0xe2, 0xff, 0xfb, 0xff, 0xfb, 0xff, 0xd7, 0xff, 0xd7, 0xff,
  0x97, 0xff, 0x97, 0xff, 0x9c, 0xff, 0x9c, 0xff, 0xf2, 0xff, 0xf2, 0xff,
  0x41, 0x00, 0x42, 0x00, 0x45, 0x00, 0x46, 0x00, 0x08, 0x00, 0x09, 0x00,
  0xc7, 0xff, 0xc7, 0xff, 0xc6, 0xff, 0xc6, 0xff, 0x11, 0x00, 0x11, 0x00,
  0x68, 0x00, 0x68, 0x00, 0x88, 0x00, 0x88, 0x00, 0x6f, 0x00, 0x6f, 0x00,
  0x3d, 0x00, 0x3c, 0x00, 0x21, 0x00, 0x20, 0x00, 0x37, 0x00, 0x37, 0x00,
  0x48, 0x00, 0x48, 0x00, 0xf2, 0xff, 0xf1, 0xff, 0x53, 0xff, 0x53, 0xff,
  0x0f, 0xff, 0x0f, 0xff, 0x6f, 0xff, 0x6e, 0xff, 0x03, 0x00, 0x03, 0x00,
  0x3b, 0x00, 0x3b, 0x00, 0xfa, 0xff, 0xfa, 0xff, 0xa6, 0xff, 0xa6, 0xff,
  0xb9, 0xff, 0xb9, 0xff, 0x3b, 0x00, 0x3b, 0x00, 0xb7, 0x00, 0xb7, 0x00,
  0xc0, 0x00, 0xc0, 0x00, 0x56, 0x00, 0x56, 0x00, 0xdc, 0xff, 0xdc, 0xff,
  0xb8, 0xff, 0xb8, 0xff, 0xfe, 0xff, 0xff, 0xff, 0x66, 0x00, 0x66, 0x00,
  0x8c, 0x00, 0x8c, 0x00, 0x43, 0x00, 0x43, 0x00, 0xc9, 0xff, 0xc9, 0xff,
  0x95, 0xff, 0x95, 0xff, 0xb5, 0xff, 0xb5, 0xff, 0xc7, 0xff, 0xc8, 0xff,
  0xa4, 0xff, 0xa4, 0xff, 0x88, 0xff, 0x87, 0xff, 0xa2, 0xff, 0xa2, 0xff,
  0xf3, 0xff, 0xf2, 0xff, 0x4e, 0x00, 0x4e, 0x00, 0x5a, 0x00, 0x5a, 0x00,
  0xf2, 0xff, 0xf2, 0xff, 0x6e, 0xff, 0x6f, 0xff, 0x42, 0xff, 0x42, 0xff,
  0x87, 0xff, 0x87, 0xff, 0xff, 0xff, 0x00, 0x00, 0x34, 0x00, 0x35, 0x00,
  0xe4, 0xff, 0xe5, 0xff, 0x7f, 0xff, 0x7f, 0xff, 0xb2, 0xff, 0xb2, 0xff,
  0x82, 0x00, 0x82, 0x00, 0x38, 0x01, 0x39, 0x01, 0x40, 0x01, 0x40, 0x01,
  0xbe, 0x00, 0xbe, 0x00, 0x43, 0x00, 0x43, 0x00, 0x0f, 0x00, 0x0f, 0x00,
  0xfc, 0xff, 0xfc, 0xff, 0xed, 0xff, 0xec, 0xff, 0xee, 0xff, 0xed, 0xff,
  0x10, 0x00, 0x10, 0x00, 0x42, 0x00, 0x42, 0x00, 0x3f, 0x00, 0x3f, 0x00,
  0xd4, 0xff, 0xd4, 0xff, 0x54, 0xff, 0x54, 0xff, 0x5a, 0xff, 0x5a, 0xff,
  0xfa, 0xff, 0xfa, 0xff, 0xaa, 0x00, 0xaa, 0x00, 0xcf, 0x00, 0xce, 0x00,
  0x3b, 0x00, 0x3a, 0x00, 0x5f, 0xff, 0x5f, 0xff, 0xf7, 0xfe, 0xf7, 0xfe,
  0x48, 0xff, 0x48, 0xff, 0xe5, 0xff, 0xe5, 0xff, 0x43, 0x00, 0x43, 0x00,
  0x3b, 0x00, 0x3c, 0x00, 0x00, 0x00, 0x01, 0x00, 0xcf, 0xff, 0xcf, 0xff,
  0xc1, 0xff, 0xc1, 0xff, 0xd7, 0xff, 0xd7, 0xff, 0x21, 0x00, 0x20, 0x00,
  0x99, 0x00, 0x99, 0x00, 0xf1, 0x00, 0xf1, 0x00, 0xc9, 0x00, 0xc9, 0x00,
  0x36, 0x00, 0x36, 0x00, 0xaa, 0xff, 0xaa, 0xff, 0x72, 0xff, 0x72, 0xff,
  0x78, 0xff, 0x77, 0xff, 0x88, 0xff, 0x87, 0xff, 0x85, 0xff, 0x84, 0xff,
  0x67, 0xff, 0x66, 0xff, 0x3b, 0xff, 0x3b, 0xff, 0x1b, 0xff, 0x1c, 0xff,
  0x22, 0xff, 0x23, 0xff, 0x64, 0xff, 0x64, 0xff, 0xdd, 0xff, 0xdd, 0xff,
  0x63, 0x00, 0x63, 0x00, 0xb1, 0x00, 0xb2, 0x00, 0xa4, 0x00, 0xa4, 0x00,
  0x57, 0x00, 0x57, 0x00, 0x09, 0x00, 0x0a, 0x00, 0xdc, 0xff, 0xdb, 0xff,
  0xcc, 0xff, 0xcc, 0xff, 0xe2, 0xff, 0xe2, 0xff, 0x17, 0x00, 0x18, 0x00,
  0x3c, 0x00, 0x3d, 0x00, 0x25, 0x00, 0x26, 0x00, 0xda, 0xff, 0xda, 0xff,
  0x86, 0xff, 0x86, 0xff, 0x7c, 0xff, 0x7c, 0xff, 0xfc, 0xff, 0xfc, 0xff,
  0xb6, 0x00, 0xb6, 0x00, 0xe7, 0x00, 0xe6, 0x00, 0x4e, 0x00, 0x4d, 0x00,
  0x97, 0xff, 0x96, 0xff, 0x7d, 0xff, 0x7c, 0xff, 0xed, 0xff, 0xed, 0xff,
  0x4f, 0x00, 0x4f, 0x00, 0x35, 0x00, 0x35, 0x00, 0xb9, 0xff, 0xb9, 0xff,
  0x64, 0xff, 0x64, 0xff, 0xa1, 0xff, 0xa1, 0xff, 0x19, 0x00, 0x1a, 0x00,
  0x2b, 0x00, 0x2b, 0x00, 0xec, 0xff, 0xec, 0xff, 0xf2, 0xff, 0xf2, 0xff,
  0x53, 0x00, 0x53, 0x00, 0xae, 0x00, 0xaf, 0x00, 0xc8, 0x00, 0xc8, 0x00,
  0x9e, 0x00, 0x9e, 0x00, 0x6c, 0x00, 0x6c, 0x00, 0x95, 0x00, 0x94, 0x00,
  0x0f, 0x01, 0x0e, 0x01, 0x3f, 0x01, 0x3e, 0x01, 0xc0, 0x00, 0xc1, 0x00,
  0xdf, 0xff, 0xe0, 0xff, 0x3b, 0xff, 0x3c, 0xff, 0x34, 0xff, 0x34, 0xff,
  0x98, 0xff, 0x98, 0xff, 0xf2, 0xff, 0xf3, 0xff, 0x19, 0x00, 0x1a, 0x00,
  0x2d, 0x00, 0x2d, 0x00, 0x24, 0x00, 0x25, 0x00, 0xda, 0xff, 0xda, 0xff,
  0x64, 0xff, 0x64, 0xff, 0x1e, 0xff, 0x1d, 0xff, 0x39, 0xff, 0x39, 0xff,
  0x81, 0xff, 0x81, 0xff, 0xb8, 0xff, 0xb8, 0xff, 0xe8, 0xff, 0xe9, 0xff,
  0x19, 0x00, 0x19, 0x00, 0x3c, 0x00, 0x3c, 0x00, 0x63, 0x00, 0x63, 0x00,
  0x74, 0x00, 0x74, 0x00, 0x39, 0x00, 0x3a, 0x00, 0xfa, 0xff, 0xfa, 0xff,
  0x1b, 0x00, 0x1b, 0x00, 0x75, 0x00, 0x74, 0x00, 0xd1, 0x00, 0xd0, 0x00,
  0x18, 0x01, 0x17, 0x01, 0xdb, 0x00, 0xda, 0x00, 0x07, 0x00, 0x07, 0x00,
  0x6f, 0xff, 0x6e, 0xff, 0x80, 0xff, 0x7f, 0xff, 0xd5, 0xff, 0xd4, 0xff,
  0x34, 0x00, 0x33, 0x00, 0x73, 0x00, 0x73, 0x00, 0x2d, 0x00, 0x2d, 0x00,
  0x99, 0xff, 0x99, 0xff, 0x69, 0xff, 0x69, 0xff, 0xaa, 0xff, 0xa9, 0xff,
  0x11, 0x00, 0x11, 0x00, 0x7f, 0x00, 0x7f, 0x00, 0x85, 0x00, 0x85, 0x00,
  0xd2, 0xff, 0xd2, 0xff, 0x12, 0xff, 0x11, 0xff, 0x0d, 0xff, 0x0d, 0xff,
  0x8a, 0xff, 0x8a, 0xff, 0xdd, 0xff, 0xdd, 0xff, 0xdb, 0xff, 0xdb, 0xff,
  0xb7, 0xff, 0xb7, 0xff, 0x8f, 0xff, 0x8f, 0xff, 0x7f, 0xff, 0x80, 0xff,
  0xc5, 0xff, 0xc6, 0xff, 0x4a, 0x00, 0x4a, 0x00, 0x7d, 0x00, 0x7d, 0x00,
  0x29, 0x00, 0x29, 0x00, 0xd3, 0xff, 0xd3, 0xff, 0xd9, 0xff, 0xd9, 0xff,
  0x10, 0x00, 0x10, 0x00, 0x3d, 0x00, 0x3d, 0x00, 0x44, 0x00, 0x45, 0x00,
  0x24, 0x00, 0x25, 0x00, 0x07, 0x00, 0x07, 0x00, 0xed, 0xff, 0xec, 0xff,
  0xa9, 0xff, 0xa8, 0xff, 0x70, 0xff, 0x70, 0xff, 0xa1, 0xff, 0xa1, 0xff,
  0x11, 0x00, 0x11, 0x00, 0x51, 0x00, 0x51, 0x00, 0x34, 0x00, 0x34, 0x00,
  0xe9, 0xff, 0xe9, 0xff, 0xcc, 0xff, 0xcd, 0xff, 0xfb, 0xff, 0xfc, 0xff,
  0x0c, 0x00, 0x0d, 0x00, 0xb5, 0xff, 0xb6, 0xff, 0x5c, 0xff, 0x5b, 0xff,
  0x7e, 0xff, 0x7e, 0xff, 0xfd, 0xff, 0xfd, 0xff, 0x59, 0x00, 0x59, 0x00,
  0x57, 0x00, 0x58, 0x00, 0x03, 0x00, 0x03, 0x00, 0x5c, 0xff, 0x5d, 0xff,
  0xc7, 0xfe, 0xc8, 0xfe, 0x16, 0xff, 0x16, 0xff, 0x29, 0x00, 0x29, 0x00,
  0xcc, 0x00, 0xcd, 0x00, 0xa2, 0x00, 0xa2, 0x00, 0x57, 0x00, 0x57, 0x00,
  0x1b, 0x00, 0x1b, 0x00, 0xe2, 0xff, 0xe1, 0xff, 0x00, 0x00, 0xff, 0xff,
  0x40, 0x00, 0x3f, 0x00, 0x3c, 0x00, 0x3c, 0x00, 0x58, 0x00, 0x58, 0x00,
  0x90, 0x00, 0x8f, 0x00, 0x2c, 0x00, 0x2a, 0x00, 0xb2, 0xff, 0xb1, 0xff,
  0x3a, 0x00, 0x3a, 0x00, 0x0e, 0x01, 0x0f, 0x01, 0xe8, 0x00, 0xe9, 0x00,
  0x2f, 0x00, 0x2f, 0x00, 0xcb, 0xff, 0xca, 0xff, 0xb7, 0xff, 0xb6, 0xff,
  0xba, 0xff, 0xb9, 0xff, 0xd0, 0xff, 0xd0, 0xff, 0xd6, 0xff, 0xd6, 0xff,
  0xde, 0xff, 0xdd, 0xff, 0x34, 0x00, 0x33, 0x00, 0x99, 0x00, 0x99, 0x00,
  0x99, 0x00, 0x99, 0x00, 0x7e, 0x00, 0x7f, 0x00, 0xab, 0x00, 0xac, 0x00,
  0xa0, 0x00, 0xa1, 0x00, 0x11, 0x00, 0x12, 0x00, 0xac, 0xff, 0xac, 0xff,
  0x97, 0xff, 0x98, 0xff, 0x21, 0xff, 0x22, 0xff, 0x7c, 0xfe, 0x7d, 0xfe,
  0xb0, 0xfe, 0xb0, 0xfe, 0xc1, 0xff, 0xc0, 0xff, 0xa6, 0x00, 0xa6, 0x00,
  0x94, 0x00, 0x94, 0x00, 0xb2, 0xff, 0xb2, 0xff, 0x1d, 0xff, 0x1c, 0xff,
  0xa7, 0xff, 0xa7, 0xff, 0xa7, 0x00, 0xa7, 0x00, 0x1d, 0x01, 0x1e, 0x01,
  0x0d, 0x01, 0x0d, 0x01, 0x87, 0x00, 0x87, 0x00, 0x60, 0xff, 0x60, 0xff,
  0x64, 0xfe, 0x65, 0xfe, 0xb6, 0xfe, 0xb7, 0xfe, 0x03, 0x00, 0x03, 0x00,
  0xe1, 0x00, 0xe0, 0x00, 0xa0, 0x00, 0x9f, 0x00, 0xde, 0xff, 0xdd, 0xff,
  0x7f, 0xff, 0x7f, 0xff, 0xac, 0xff, 0xac, 0xff, 0x0a, 0x00, 0x09, 0x00,
  0x63, 0x00, 0x62, 0x00, 0xa5, 0x00, 0xa5, 0x00, 0xb1, 0x00, 0xb1, 0x00,
  0x5d, 0x00, 0x5e, 0x00, 0x92, 0xff, 0x93, 0xff, 0xe3, 0xfe, 0xe4, 0xfe,
  0x4c, 0xff, 0x4d, 0xff, 0x68, 0x00, 0x68, 0x00, 0xc3, 0x00, 0xc4, 0x00,
  0x68, 0x00, 0x68, 0x00, 0x65, 0x00, 0x65, 0x00, 0x84, 0x00, 0x84, 0x00,
  0x34, 0x00, 0x34, 0x00, 0x0a, 0x00, 0x0a, 0x00, 0x7a, 0x00, 0x7a, 0x00,
  0x0c, 0x01, 0x0c, 0x01, 0x2c, 0x01, 0x2c, 0x01, 0x6a, 0x00, 0x69, 0x00,
  0x0c, 0xff, 0x0b, 0xff, 0x71, 0xfe, 0x71, 0xfe, 0x2b, 0xff, 0x2b, 0xff,
  0xe6, 0xff, 0xe7, 0xff, 0xb4, 0xff, 0xb4, 0xff, 0x51, 0xff, 0x51, 0xff,
  0x5b, 0xff, 0x5b, 0xff, 0x55, 0xff, 0x55, 0xff, 0xe5, 0xfe, 0xe6, 0xfe,
  0xa9, 0xfe, 0xaa, 0xfe, 0x34, 0xff, 0x33, 0xff, 0xf9, 0xff, 0xf7, 0xff,
  0x34, 0x00, 0x32, 0x00, 0x40, 0x00, 0x3f, 0x00, 0xa0, 0x00, 0x9f, 0x00,
  0xbe, 0x00, 0xbe, 0x00, 0x19, 0x00, 0x1a, 0x00, 0x4d, 0xff, 0x4e, 0xff,
  0x2e, 0xff, 0x2f, 0xff, 0xe8, 0xff, 0xe8, 0xff, 0xcb, 0x00, 0xcc, 0x00,
  0xc1, 0x00, 0xc2, 0x00, 0xd9, 0xff, 0xdb, 0xff, 0x61, 0xff, 0x62, 0xff,
  0xa6, 0xff, 0xa6, 0xff, 0xf5, 0xff, 0xf5, 0xff, 0x86, 0x00, 0x85, 0x00,
  0x93, 0x01, 0x93, 0x01, 0xea, 0x01, 0xea, 0x01, 0xb5, 0x00, 0xb6, 0x00,
  0xec, 0xfe, 0xec, 0xfe, 0x1b, 0xfe, 0x1b, 0xfe, 0x36, 0xff, 0x35, 0xff,
  0x97, 0x01, 0x96, 0x01, 0xa7, 0x02, 0xa7, 0x02, 0xe3, 0x00, 0xe3, 0x00,
  0x46, 0xfe, 0x47, 0xfe, 0x5b, 0xfd, 0x5b, 0xfd, 0xfd, 0xfd, 0xfc, 0xfd,
  0xeb, 0xfe, 0xeb, 0xfe, 0xc9, 0xff, 0xc8, 0xff, 0x75, 0x00, 0x74, 0x00,
  0x9a, 0x00, 0x99, 0x00, 0x41, 0x00, 0x3f, 0x00, 0xcf, 0xff, 0xcd, 0xff,
  0xad, 0xff, 0xac, 0xff, 0xf1, 0xff, 0xf2, 0xff, 0x2c, 0x00, 0x2d, 0x00,
  0xfe, 0xff, 0xff, 0xff, 0xb6, 0xff, 0xb6, 0xff, 0x9c, 0xff, 0x9b, 0xff,
  0x75, 0xff, 0x75, 0xff, 0x42, 0xff, 0x43, 0xff, 0x6d, 0xff, 0x6d, 0xff,
  0xca, 0xff, 0xc9, 0xff, 0x9e, 0xff, 0x9d, 0xff, 0x21, 0xff, 0x20, 0xff,
  0x96, 0xff, 0x96, 0xff, 0x14, 0x01, 0x15, 0x01, 0xd3, 0x01, 0xd4, 0x01,
  0xe5, 0x00, 0xe6, 0x00, 0xbe, 0xff, 0xbf, 0xff, 0xbc, 0xff, 0xbc, 0xff,
  0x65, 0x00, 0x65, 0x00, 0xde, 0x00, 0xde, 0x00, 0xee, 0x00, 0xee, 0x00,
  0x87, 0x00, 0x88, 0x00, 0xff, 0xff, 0x00, 0x00, 0xdb, 0xff, 0xdd, 0xff,
  0xbf, 0xff, 0xc0, 0xff, 0x14, 0xff, 0x12, 0xff, 0x64, 0xfe, 0x62, 0xfe,
  0x73, 0xfe, 0x73, 0xfe, 0xf8, 0xfe, 0xf9, 0xfe, 0x4a, 0xff, 0x4b, 0xff,
  0x4d, 0xff, 0x4d, 0xff, 0x68, 0xff, 0x67, 0xff, 0x1f, 0x00, 0x1e, 0x00,
  0x3e, 0x01, 0x3e, 0x01, 0xcf, 0x01, 0xd0, 0x01, 0x87, 0x01, 0x88, 0x01,
  0x23, 0x01, 0x24, 0x01, 0xfe, 0x00, 0xff, 0x00, 0xc6, 0x00, 0xc6, 0x00,
  0x6c, 0x00, 0x6d, 0x00, 0x25, 0x00, 0x25, 0x00, 0xee, 0xff, 0xee, 0xff,
  0xbc, 0xff, 0xbb, 0xff, 0xa1, 0xff, 0xa0, 0xff, 0x9e, 0xff, 0x9d, 0xff,
  0xba, 0xff, 0xb9, 0xff, 0x08, 0x00, 0x07, 0x00, 0x64, 0x00, 0x63, 0x00,
  0x79, 0x00, 0x77, 0x00, 0x43, 0x00, 0x42, 0x00, 0x1c, 0x00, 0x1c, 0x00,
  0x0a, 0x00, 0x0b, 0x00, 0xbc, 0xff, 0xbc, 0xff, 0x55, 0xff, 0x54, 0xff,
  0x2f, 0xff, 0x2e, 0xff, 0x45, 0xff, 0x44, 0xff, 0xd0, 0xff, 0xd0, 0xff,
  0x12, 0x01, 0x12, 0x01, 0xf6, 0x01, 0xf6, 0x01, 0x4f, 0x01, 0x4f, 0x01,
  0x11, 0x00, 0x12, 0x00, 0xbd, 0xff, 0xbe, 0xff, 0xf7, 0xff, 0xf7, 0xff,
  0xc1, 0xff, 0xc2, 0xff, 0x4f, 0xff, 0x4f, 0xff, 0x3e, 0xff, 0x3f, 0xff,
  0x9a, 0xff, 0x9a, 0xff, 0xfa, 0xff, 0xfb, 0xff, 0xe2, 0xff, 0xe3, 0xff,
  0x35, 0xff, 0x35, 0xff, 0x90, 0xfe, 0x90, 0xfe, 0xf9, 0xfe, 0xf9, 0xfe,
  0x9f, 0x00, 0xa0, 0x00, 0xeb, 0x01, 0xec, 0x01, 0x4d, 0x01, 0x4d, 0x01,
  0xf3, 0xff, 0xf2, 0xff, 0x16, 0x00, 0x16, 0x00, 0x29, 0x01, 0x29, 0x01,
  0x29, 0x01, 0x29, 0x01, 0x51, 0x00, 0x51, 0x00, 0x0f, 0x00, 0x0f, 0x00,
  0x3f, 0x00, 0x3f, 0x00, 0xf8, 0xff, 0xf9, 0xff, 0x6e, 0xff, 0x6f, 0xff,
  0x50, 0xff, 0x51, 0xff, 0x6b, 0xff, 0x6c, 0xff, 0x5c, 0xff, 0x5d, 0xff,
  0xe8, 0xff, 0xe9, 0xff, 0x43, 0x01, 0x45, 0x01, 0x67, 0x01, 0x69, 0x01,
  0x9a, 0xff, 0x9b, 0xff, 0x9a, 0xfe, 0x9a, 0xfe, 0xa0, 0xff, 0xa0, 0xff,
  0x6c, 0x00, 0x6c, 0x00, 0x4b, 0x00, 0x4c, 0x00, 0x66, 0x00, 0x66, 0x00,
  0xf1, 0xff, 0xf1, 0xff, 0xa0, 0xfe, 0x9f, 0xfe, 0xaf, 0xfe, 0xae, 0xfe,
  0x28, 0x00, 0x27, 0x00, 0x66, 0x00, 0x65, 0x00, 0x63, 0xff, 0x62, 0xff,
  0x44, 0xff, 0x43, 0xff, 0x37, 0x00, 0x34, 0x00, 0xd7, 0x00, 0xd3, 0x00,
  0x42, 0x00, 0x40, 0x00, 0xf4, 0xfe, 0xf3, 0xfe, 0xb7, 0xfe, 0xb6, 0xfe,
  0x2f, 0x00, 0x2e, 0x00, 0x6d, 0x01, 0x6c, 0x01, 0x10, 0x01, 0x10, 0x01,
  0x16, 0x00, 0x18, 0x00, 0x98, 0xff, 0x9b, 0xff, 0xd5, 0xff, 0xd8, 0xff,
  0x92, 0x00, 0x96, 0x00, 0xd6, 0x00, 0xda, 0x00, 0x37, 0x00, 0x3b, 0x00,
  0xc2, 0xff, 0xc5, 0xff, 0xfe, 0xff, 0xff, 0xff, 0x21, 0x00, 0x22, 0x00,
  0x9f, 0xff, 0xa0, 0xff, 0x9d, 0xfe, 0x9e, 0xfe, 0xdc, 0xfd, 0xdb, 0xfd,
  0x6a, 0xfe, 0x69, 0xfe, 0x31, 0x00, 0x30, 0x00, 0x01, 0x02, 0x01, 0x02,
  0x09, 0x03, 0x09, 0x03, 0xa2, 0x02, 0xa3, 0x02, 0xd1, 0x00, 0xd2, 0x00,
  0x85, 0xff, 0x84, 0xff, 0x18, 0x00, 0x16, 0x00, 0x22, 0x01, 0x1f, 0x01,
  0x20, 0x01, 0x1d, 0x01, 0x31, 0x00, 0x2e, 0x00, 0xed, 0xfe, 0xec, 0xfe,
  0xa4, 0xfe, 0xa3, 0xfe, 0x40, 0x00, 0x3f, 0x00, 0x0d, 0x02, 0x0d, 0x02,
  0x5f, 0x02, 0x5f, 0x02, 0x05, 0x02, 0x06, 0x02, 0x24, 0x01, 0x26, 0x01,
  0xe9, 0xfe, 0xeb, 0xfe, 0x0f, 0xfd, 0x10, 0xfd, 0xd0, 0xfd, 0xd1, 0xfd,
  0x2a, 0x00, 0x29, 0x00, 0xd0, 0x01, 0xcf, 0x01, 0x9a, 0x01, 0x9a, 0x01,
  0xb4, 0xff, 0xb4, 0xff, 0x22, 0xfe, 0x21, 0xfe, 0x8a, 0xfe, 0x88, 0xfe,
  0x75, 0xff, 0x73, 0xff, 0x71, 0xff, 0x6f, 0xff, 0x9a, 0xff, 0x98, 0xff,
  0x4a, 0x00, 0x48, 0x00, 0x5e, 0x00, 0x5d, 0x00, 0x62, 0x00, 0x61, 0x00,
  0x82, 0x01, 0x80, 0x01, 0xda, 0x02, 0xd8, 0x02, 0x13, 0x03, 0x12, 0x03,
  0x87, 0x02, 0x87, 0x02, 0x72, 0x02, 0x72, 0x02, 0xe6, 0x02, 0xe6, 0x02,
  0x59, 0x02, 0x5a, 0x02, 0xab, 0x00, 0xad, 0x00, 0x6e, 0x00, 0x71, 0x00,
  0x21, 0x02, 0x23, 0x02, 0x86, 0x02, 0x88, 0x02, 0xeb, 0x00, 0xec, 0x00,
  0x66, 0x00, 0x67, 0x00, 0x80, 0x01, 0x81, 0x01, 0xc6, 0x01, 0xc7, 0x01,
  0xf7, 0x00, 0xf8, 0x00, 0xfe, 0x00, 0xff, 0x00, 0x56, 0x02, 0x57, 0x02,
  0xf4, 0x02, 0xf5, 0x02, 0x7b, 0x00, 0x7b, 0x00, 0x19, 0xfc, 0x19, 0xfc,
  0x9c, 0xf9, 0x9c, 0xf9, 0x62, 0xf8, 0x62, 0xf8, 0x4f, 0xf3, 0x4e, 0xf3,
  0x93, 0xea, 0x92, 0xea, 0x0d, 0xe7, 0x0c, 0xe7, 0xb1, 0xf1, 0xb0, 0xf1,
  0xd6, 0x09, 0xd4, 0x09, 0x58, 0x22, 0x57, 0x22, 0x65, 0x2a, 0x64, 0x2a,
  0x86, 0x1d, 0x86, 0x1d, 0xa3, 0x08, 0xa3, 0x08, 0x29, 0xfd, 0x2b, 0xfd,
  0x9c, 0x01, 0x9e, 0x01, 0xf5, 0x0b, 0xf8, 0x0b, 0x88, 0x0a, 0x8a, 0x0a,
  0xd8, 0xf7, 0xda, 0xf7, 0xf6, 0xe1, 0xf8, 0xe1, 0x7b, 0xd8, 0x7b, 0xd8,
  0x81, 0xdc, 0x81, 0xdc, 0x19, 0xe7, 0x17, 0xe7, 0x67, 0xf2, 0x64, 0xf2,
  0x4b, 0xf8, 0x47, 0xf8, 0x8d, 0xf4, 0x8a, 0xf4, 0xf0, 0xec, 0xed, 0xec,
  0xae, 0xee, 0xac, 0xee, 0x7e, 0xfe, 0x7c, 0xfe, 0x68, 0x10, 0x66, 0x10,
  0xf0, 0x16, 0xef, 0x16, 0x98, 0x13, 0x97, 0x13, 0xd5, 0x0d, 0xd5, 0x0d,
  0x4c, 0x06, 0x4c, 0x06, 0xc2, 0x00, 0xc3, 0x00, 0x59, 0x07, 0x5a, 0x07,
  0x4c, 0x15, 0x4e, 0x15, 0x1e, 0x16, 0x20, 0x16, 0x24, 0x06, 0x26, 0x06,
  0xed, 0xfb, 0xef, 0xfb, 0xd6, 0x07, 0xd9, 0x07, 0x7f, 0x1d, 0x81, 0x1d,
  0xdd, 0x25, 0xdf, 0x25, 0xb1, 0x1c, 0xb2, 0x1c, 0x90, 0x11, 0x91, 0x11,
  0x0f, 0x0e, 0x10, 0x0e, 0x29, 0x09, 0x2a, 0x09, 0xa5, 0xf9, 0xa6, 0xf9,
  0x05, 0xe6, 0x06, 0xe6, 0xea, 0xda, 0xea, 0xda, 0x57, 0xdd, 0x56, 0xdd,
  0xbf, 0xe9, 0xbd, 0xe9, 0x43, 0xf8, 0x40, 0xf8, 0x05, 0x02, 0x03, 0x02,
  0x34, 0x06, 0x31, 0x06, 0x95, 0x08, 0x91, 0x08, 0xda, 0x0a, 0xd6, 0x0a,
  0x14, 0x08, 0x11, 0x08, 0x57, 0xf9, 0x56, 0xf9, 0x65, 0xe3, 0x67, 0xe3,
  0x37, 0xda, 0x3b, 0xda, 0x93, 0xeb, 0x96, 0xeb, 0x0c, 0x0a, 0x0f, 0x0a,
  0x29, 0x19, 0x2b, 0x19, 0xaf, 0x0d, 0xb1, 0x0d, 0xff, 0xf8, 0x02, 0xf9,
  0xe0, 0xf0, 0xe1, 0xf0, 0xd3, 0xf4, 0xd3, 0xf4, 0xea, 0xf6, 0xe8, 0xf6,
  0x8a, 0xf4, 0x87, 0xf4, 0x96, 0xf3, 0x95, 0xf3, 0x89, 0xf3, 0x8a, 0xf3,
  0x1e, 0xf4, 0x20, 0xf4, 0xc3, 0xfa, 0xc6, 0xfa, 0xf2, 0x05, 0xf4, 0x05,
  0xee, 0x0d, 0xef, 0x0d, 0xd8, 0x12, 0xd7, 0x12, 0xca, 0x17, 0xc8, 0x17,
  0xff, 0x17, 0xfe, 0x17, 0x04, 0x0e, 0x04, 0x0e, 0xa8, 0xfc, 0xaa, 0xfc,
  0x43, 0xed, 0x43, 0xed, 0xc5, 0xe9, 0xc4, 0xe9, 0xea, 0xf2, 0xe8, 0xf2,
  0xcd, 0xfd, 0xcb, 0xfd, 0x93, 0x02, 0x92, 0x02, 0x01, 0x04, 0x01, 0x04,
  0x7a, 0x04, 0x7a, 0x04, 0x43, 0x02, 0x41, 0x02, 0x2a, 0xff, 0x27, 0xff,
  0x1d, 0xff, 0x1c, 0xff, 0x5f, 0x01, 0x62, 0x01, 0x93, 0x01, 0x98, 0x01,
  0xc4, 0xfc, 0xc8, 0xfc, 0xa5, 0xf4, 0xa6, 0xf4, 0xd8, 0xed, 0xd7, 0xed,
  0xfc, 0xea, 0xfa, 0xea, 0xa5, 0xed, 0xa3, 0xed, 0xac, 0xf8, 0xaa, 0xf8,
  0x4a, 0x09, 0x48, 0x09, 0xe2, 0x14, 0xe0, 0x14, 0x1c, 0x15, 0x1a, 0x15,
  0x34, 0x0e, 0x33, 0x0e, 0x13, 0x07, 0x14, 0x07, 0x00, 0x03, 0x03, 0x03,
  0x1a, 0x02, 0x1d, 0x02, 0xac, 0x03, 0xaf, 0x03, 0xd3, 0x06, 0xd4, 0x06,
  0x3a, 0x07, 0x3a, 0x07, 0xa4, 0xff, 0xa4, 0xff, 0xa8, 0xf4, 0xa8, 0xf4,
  0x05, 0xf1, 0x08, 0xf1, 0x41, 0xf5, 0x43, 0xf5, 0x8d, 0xfa, 0x8d, 0xfa,
  0x93, 0x00, 0x90, 0x00, 0x19, 0x08, 0x16, 0x08, 0xfe, 0x0b, 0xfe, 0x0b,
  0x1d, 0x0b, 0x20, 0x0b, 0x4a, 0x0b, 0x4d, 0x0b, 0x43, 0x0f, 0x42, 0x0f,
  0xe8, 0x14, 0xe2, 0x14, 0x76, 0x19, 0x6f, 0x19, 0x01, 0x1a, 0xfd, 0x19,
  0xba, 0x15, 0xba, 0x15, 0xf9, 0x0e, 0xfd, 0x0e, 0x6f, 0x07, 0x75, 0x07,
  0x97, 0x00, 0x9d, 0x00, 0x87, 0xfd, 0x89, 0xfd, 0x4f, 0xfe, 0x4e, 0xfe,
  0x1a, 0xff, 0x17, 0xff, 0x62, 0xfe, 0x5d, 0xfe, 0xf9, 0xfd, 0xf6, 0xfd,
  0x7a, 0xfe, 0x7a, 0xfe, 0x1d, 0xfe, 0x1f, 0xfe, 0x9f, 0xfb, 0xa2, 0xfb,
  0xde, 0xf8, 0xe0, 0xf8, 0x75, 0xf8, 0x76, 0xf8, 0x52, 0xf9, 0x55, 0xf9,
  0x60, 0xf9, 0x65, 0xf9, 0x73, 0xf9, 0x77, 0xf9, 0xe5, 0xf8, 0xe6, 0xf8,
  0xfd, 0xf4, 0xfc, 0xf4, 0xc7, 0xef, 0xc4, 0xef, 0x86, 0xec, 0x81, 0xec,
  0x56, 0xe8, 0x4f, 0xe8, 0x9d, 0xe1, 0x97, 0xe1, 0xa9, 0xdd, 0xa5, 0xdd,
  0xf5, 0xde, 0xf4, 0xde, 0xc4, 0xe1, 0xc5, 0xe1, 0xec, 0xe3, 0xeb, 0xe3,
  0x97, 0xe5, 0x93, 0xe5, 0xa0, 0xe6, 0x9a, 0xe6, 0x98, 0xe8, 0x92, 0xe8,
  0xb8, 0xec, 0xb7, 0xec, 0x9d, 0xf0, 0xa2, 0xf0, 0x8a, 0xf2, 0x91, 0xf2,
  0x27, 0xf4, 0x2d, 0xf4, 0x36, 0xf7, 0x3c, 0xf7, 0x66, 0xfc, 0x6c, 0xfc,
  0x48, 0x03, 0x50, 0x03, 0xce, 0x09, 0xd7, 0x09, 0x88, 0x0f, 0x91, 0x0f,
  0x95, 0x16, 0x9c, 0x16, 0x2f, 0x1e, 0x33, 0x1e, 0x52, 0x22, 0x51, 0x22,
  0x22, 0x22, 0x1b, 0x22, 0x83, 0x20, 0x79, 0x20, 0x76, 0x1f, 0x6e, 0x1f,
  0x18, 0x1f, 0x16, 0x1f, 0x42, 0x1f, 0x45, 0x1f, 0xea, 0x1f, 0xed, 0x1f,
  0xb4, 0x20, 0xb3, 0x20, 0xa2, 0x20, 0x9a, 0x20, 0x3d, 0x1f, 0x2f, 0x1f,
  0xd2, 0x1d, 0xc3, 0x1d, 0x6f, 0x1d, 0x62, 0x1d, 0xb4, 0x1c, 0xaa, 0x1c,
  0xa4, 0x19, 0x9d, 0x19, 0xdb, 0x13, 0xd8, 0x13, 0x90, 0x0c, 0x93, 0x0c,
  0xf5, 0x05, 0xfa, 0x05, 0x50, 0x01, 0x53, 0x01, 0x69, 0xfd, 0x6b, 0xfd,
  0x00, 0xf9, 0x05, 0xf9, 0xf2, 0xf4, 0xfd, 0xf4, 0xa9, 0xf1, 0xb6, 0xf1,
  0x87, 0xed, 0x91, 0xed, 0xb3, 0xe7, 0xb7, 0xe7, 0xac, 0xe1, 0xad, 0xe1,
  0x92, 0xdd, 0x93, 0xdd, 0x39, 0xdc, 0x3c, 0xdc, 0x82, 0xdc, 0x89, 0xdc,
  0xb4, 0xdc, 0xbd, 0xdc, 0xe8, 0xdc, 0xf0, 0xdc, 0x8a, 0xde, 0x8e, 0xde,
  0x6b, 0xe1, 0x6c, 0xe1, 0xee, 0xe3, 0xeb, 0xe3, 0xc2, 0xe5, 0xba, 0xe5,
  0x20, 0xe8, 0x14, 0xe8, 0xa5, 0xeb, 0x9a, 0xeb, 0xaf, 0xef, 0xa9, 0xef,
  0x7e, 0xf3, 0x7a, 0xf3, 0x00, 0xf7, 0xf9, 0xf6, 0x7c, 0xfa, 0x73, 0xfa,
  0xe4, 0xfd, 0xe0, 0xfd, 0x87, 0x00, 0x90, 0x00, 0x59, 0x01, 0x6b, 0x01,
  0xa0, 0xff, 0xb1, 0xff, 0x99, 0xfb, 0xa1, 0xfb, 0x47, 0xf6, 0x44, 0xf6,
  0x25, 0xf1, 0x1a, 0xf1, 0x7f, 0xee, 0x72, 0xee, 0x41, 0xf0, 0x38, 0xf0,
  0xf7, 0xf4, 0xf6, 0xf4, 0xce, 0xf8, 0xd3, 0xf8, 0xc8, 0xfa, 0xd1, 0xfa,
  0x14, 0xfd, 0x1e, 0xfd, 0xf5, 0xff, 0xfd, 0xff, 0xc7, 0x01, 0xca, 0x01,
  0x75, 0x03, 0x74, 0x03, 0x1a, 0x07, 0x1c, 0x07, 0x80, 0x0b, 0x8a, 0x0b,
  0xd1, 0x0d, 0xde, 0x0d, 0xd8, 0x0d, 0xdc, 0x0d, 0x9a, 0x0d, 0x8f, 0x0d,
  0xbf, 0x0e, 0xad, 0x0e, 0xb9, 0x11, 0xa9, 0x11, 0xc0, 0x15, 0xb6, 0x15,
  0x21, 0x19, 0x18, 0x19, 0x0f, 0x1a, 0x04, 0x1a, 0xf9, 0x17, 0xf0, 0x17,
  0xc0, 0x14, 0xbd, 0x14, 0x25, 0x13, 0x28, 0x13, 0x65, 0x13, 0x6c, 0x13,
  0xa4, 0x13, 0xaa, 0x13, 0x5e, 0x13, 0x5f, 0x13, 0x2a, 0x13, 0x26, 0x13,
  0x41, 0x12, 0x3c, 0x12, 0x55, 0x0f, 0x53, 0x0f, 0xa0, 0x0a, 0x9e, 0x0a,
  0xad, 0x05, 0xa4, 0x05, 0xe5, 0x01, 0xd6, 0x01, 0x3b, 0xff, 0x2f, 0xff,
  0x59, 0xfc, 0x52, 0xfc, 0xcb, 0xf8, 0xc7, 0xf8, 0x9e, 0xf5, 0x9b, 0xf5,
  0x5f, 0xf3, 0x5f, 0xf3, 0xe6, 0xf1, 0xee, 0xf1, 0x6f, 0xf1, 0x7e, 0xf1,
  0xa1, 0xf1, 0xaf, 0xf1, 0x35, 0xf1, 0x41, 0xf1, 0xf0, 0xef, 0xff, 0xef,
  0xb1, 0xee, 0xc3, 0xee, 0xb5, 0xed, 0xc1, 0xed, 0xbe, 0xec, 0xba, 0xec,
  0x52, 0xec, 0x38, 0xec, 0xb2, 0xed, 0x8a, 0xed, 0xb7, 0xf1, 0x91, 0xf1,
  0xac, 0xf7, 0x98, 0xf7, 0xa7, 0xfd, 0xa9, 0xfd, 0x48, 0x02, 0x52, 0x02,
  0x73, 0x05, 0x74, 0x05, 0xc7, 0x07, 0xbb, 0x07, 0x49, 0x0a, 0x3f, 0x0a,
  0x64, 0x0d, 0x6e, 0x0d, 0x35, 0x10, 0x54, 0x10, 0x07, 0x12, 0x31, 0x12,
  0x31, 0x13, 0x5d, 0x13, 0x9f, 0x13, 0xca, 0x13, 0x1d, 0x13, 0x43, 0x13,
  0xba, 0x12, 0xd5, 0x12, 0xf6, 0x12, 0x07, 0x13, 0x4d, 0x12, 0x59, 0x12,
  0xc3, 0x0f, 0xcb, 0x0f, 0x51, 0x0c, 0x4f, 0x0c, 0x92, 0x08, 0x82, 0x08,
  0x24, 0x04, 0x0a, 0x04, 0x95, 0xff, 0x7b, 0xff, 0x21, 0xfc, 0x12, 0xfc,
  0xae, 0xf9, 0xad, 0xf9, 0x05, 0xf7, 0x0f, 0xf7, 0xc4, 0xf3, 0xcd, 0xf3,
  0x7c, 0xf0, 0x7b, 0xf0, 0x72, 0xed, 0x6a, 0xed, 0xb5, 0xea, 0xb3, 0xea,
  0x03, 0xe9, 0x07, 0xe9, 0xf4, 0xe8, 0xf1, 0xe8, 0xae, 0xe9, 0x90, 0xe9,
  0xdb, 0xe9, 0xa7, 0xe9, 0xa8, 0xe9, 0x70, 0xe9, 0x61, 0xea, 0x36, 0xea,
  0x75, 0xec, 0x58, 0xec, 0x10, 0xef, 0xf8, 0xee, 0xa7, 0xf1, 0x93, 0xf1,
  0x8d, 0xf4, 0x86, 0xf4, 0xaa, 0xf7, 0xb8, 0xf7, 0x2b, 0xfa, 0x50, 0xfa,
  0x08, 0xfc, 0x3b, 0xfc, 0x37, 0xfe, 0x66, 0xfe, 0x0d, 0x01, 0x27, 0x01,
  0x09, 0x04, 0x0a, 0x04, 0x02, 0x07, 0xf9, 0x06, 0x31, 0x0a, 0x2c, 0x0a,
  0x35, 0x0d, 0x3c, 0x0d, 0x17, 0x0f, 0x2b, 0x0f, 0x88, 0x0f, 0xa4, 0x0f,
  0x9f, 0x0f, 0xb8, 0x0f, 0x73, 0x10, 0x79, 0x10, 0x7a, 0x11, 0x62, 0x11,
  0xac, 0x11, 0x83, 0x11, 0x3d, 0x11, 0x1a, 0x11, 0xb5, 0x10, 0xa6, 0x10,
  0xfc, 0x0f, 0xfc, 0x0f, 0x24, 0x0f, 0x23, 0x0f, 0x5b, 0x0e, 0x53, 0x0e,
  0x34, 0x0d, 0x2f, 0x0d, 0x66, 0x0b, 0x74, 0x0b, 0x65, 0x09, 0x8a, 0x09,
  0x97, 0x07, 0xca, 0x07, 0xf7, 0x05, 0x23, 0x06, 0x72, 0x04, 0x86, 0x04,
  0x19, 0x03, 0x15, 0x03, 0x2d, 0x02, 0x1c, 0x02, 0xaa, 0x01, 0x97, 0x01,
  0x0e, 0x01, 0xfd, 0x00, 0x26, 0x00, 0x16, 0x00, 0x3c, 0xff, 0x32, 0xff,
  0x6e, 0xfe, 0x76, 0xfe, 0xf7, 0xfd, 0x16, 0xfe, 0x32, 0xfe, 0x62, 0xfe,
  0x7a, 0xfe, 0xae, 0xfe, 0xe6, 0xfd, 0x14, 0xfe, 0xfb, 0xfc, 0x1e, 0xfd,
  0xa3, 0xfc, 0xb3, 0xfc, 0xc9, 0xfc, 0xc1, 0xfc, 0x37, 0xfd, 0x1a, 0xfd,
  0xce, 0xfd, 0xa9, 0xfd, 0x01, 0xfe, 0xe0, 0xfd, 0xa1, 0xfd, 0x8b, 0xfd,
  0xf9, 0xfc, 0xeb, 0xfc, 0xeb, 0xfb, 0xe4, 0xfb, 0xaf, 0xfa, 0xb3, 0xfa,
  0x0c, 0xfa, 0x1e, 0xfa, 0xe1, 0xf9, 0xfc, 0xf9, 0x95, 0xf9, 0xa8, 0xf9,
  0x76, 0xf9, 0x6d, 0xf9, 0xb0, 0xf9, 0x82, 0xf9, 0xa8, 0xf9, 0x69, 0xf9,
  0x5e, 0xf9, 0x2f, 0xf9, 0x4f, 0xf9, 0x47, 0xf9, 0x85, 0xf9, 0x9a, 0xf9,
  0xf5, 0xf9, 0x0b, 0xfa, 0x5f, 0xfa, 0x5f, 0xfa, 0x08, 0xfa, 0xf8, 0xf9,
  0x16, 0xf9, 0x0a, 0xf9, 0xa1, 0xf8, 0xa6, 0xf8, 0xe7, 0xf8, 0xfa, 0xf8,
  0x65, 0xf9, 0x7a, 0xf9, 0x15, 0xfa, 0x22, 0xfa, 0x02, 0xfb, 0x03, 0xfb,
  0xd6, 0xfb, 0xcd, 0xfb, 0x71, 0xfc, 0x65, 0xfc, 0xf5, 0xfc, 0xf0, 0xfc,
  0x96, 0xfd, 0x9a, 0xfd, 0x7f, 0xfe, 0x88, 0xfe, 0x7e, 0xff, 0x86, 0xff,
  0x66, 0x00, 0x67, 0x00, 0x63, 0x01, 0x56, 0x01, 0x25, 0x02, 0x06, 0x02,
  0x07, 0x02, 0xdd, 0x01, 0x70, 0x01, 0x48, 0x01, 0x3c, 0x01, 0x1c, 0x01,
  0x68, 0x01, 0x4a, 0x01, 0xac, 0x01, 0x8c, 0x01, 0xf6, 0x01, 0xde, 0x01,
  0x07, 0x02, 0xff, 0x01, 0xee, 0x01, 0xf1, 0x01, 0x19, 0x02, 0x1c, 0x02,
  0x5d, 0x02, 0x5b, 0x02, 0x70, 0x02, 0x6e, 0x02, 0xbb, 0x02, 0xbb, 0x02,
  0x45, 0x03, 0x46, 0x03, 0x75, 0x03, 0x71, 0x03, 0x53, 0x03, 0x48, 0x03,
  0x40, 0x03, 0x2f, 0x03, 0x26, 0x03, 0x15, 0x03, 0x05, 0x03, 0x00, 0x03,
  0x18, 0x03, 0x2a, 0x03, 0x52, 0x03, 0x77, 0x03, 0xa9, 0x03, 0xd1, 0x03,
  0x1d, 0x04, 0x3f, 0x04, 0x47, 0x04, 0x65, 0x04, 0x01, 0x04, 0x22, 0x04,
  0xd1, 0x03, 0xf6, 0x03, 0xef, 0x03, 0x15, 0x04, 0x0b, 0x04, 0x35, 0x04,
  0x11, 0x04, 0x37, 0x04, 0x10, 0x04, 0x20, 0x04, 0xee, 0x03, 0xdd, 0x03,
  0xaa, 0x03, 0x82, 0x03, 0x61, 0x03, 0x41, 0x03, 0x21, 0x03, 0x20, 0x03,
  0xe9, 0x02, 0x0a, 0x03, 0xaf, 0x02, 0xe5, 0x02, 0x7c, 0x02, 0xb7, 0x02,
  0x73, 0x02, 0xa1, 0x02, 0x61, 0x02, 0x7c, 0x02, 0xef, 0x01, 0xff, 0x01,
  0x4d, 0x01, 0x5b, 0x01, 0xdc, 0x00, 0xe5, 0x00, 0x8d, 0x00, 0x83, 0x00,
  0x4c, 0x00, 0x27, 0x00, 0x32, 0x00, 0xfa, 0xff, 0x19, 0x00, 0xd7, 0xff,
  0xd0, 0xff, 0x89, 0xff, 0x8b, 0xff, 0x45, 0xff, 0x6b, 0xff, 0x30, 0xff,
  0x3e, 0xff, 0x13, 0xff, 0xe9, 0xfe, 0xc7, 0xfe, 0x88, 0xfe, 0x69, 0xfe,
  0x3a, 0xfe, 0x20, 0xfe, 0x12, 0xfe, 0x05, 0xfe, 0x0d, 0xfe, 0x09, 0xfe,
  0x1e, 0xfe, 0x18, 0xfe, 0x48, 0xfe, 0x3d, 0xfe, 0x78, 0xfe, 0x73, 0xfe,
  0x88, 0xfe, 0x90, 0xfe, 0x7e, 0xfe, 0x90, 0xfe, 0x7c, 0xfe, 0x8d, 0xfe,
  0x77, 0xfe, 0x7e, 0xfe, 0x5a, 0xfe, 0x53, 0xfe, 0x39, 0xfe, 0x33, 0xfe,
  0x39, 0xfe, 0x49, 0xfe, 0x5d, 0xfe, 0x8f, 0xfe, 0x8b, 0xfe, 0xcb, 0xfe,
  0xb1, 0xfe, 0xdd, 0xfe, 0xea, 0xfe, 0xf5, 0xfe, 0x4f, 0xff, 0x4e, 0xff,
  0xc0, 0xff, 0xcb, 0xff, 0x16, 0x00, 0x2e, 0x00, 0x53, 0x00, 0x63, 0x00,
  0x72, 0x00, 0x6b, 0x00, 0x68, 0x00, 0x4a, 0x00, 0x56, 0x00, 0x32, 0x00,
  0x73, 0x00, 0x59, 0x00, 0xbb, 0x00, 0xb6, 0x00, 0x0b, 0x01, 0x18, 0x01,
  0x60, 0x01, 0x75, 0x01, 0xc5, 0x01, 0xdc, 0x01, 0x16, 0x02, 0x32, 0x02,
  0x24, 0x02, 0x43, 0x02, 0xfd, 0x01, 0x14, 0x02, 0xd6, 0x01, 0xe0, 0x01,
  0xbb, 0x01, 0xc5, 0x01, 0xa0, 0x01, 0xbf, 0x01, 0x93, 0x01, 0xca, 0x01,
  0x8d, 0x01, 0xcc, 0x01, 0x6f, 0x01, 0xa3, 0x01, 0x35, 0x01, 0x5a, 0x01,
  0xfc, 0x00, 0x15, 0x01, 0xc8, 0x00, 0xda, 0x00, 0x8f, 0x00, 0x9e, 0x00,
  0x50, 0x00, 0x5f, 0x00, 0x01, 0x00, 0x14, 0x00, 0xac, 0xff, 0xc3, 0xff,
  0x72, 0xff, 0x8c, 0xff, 0x57, 0xff, 0x71, 0xff, 0x3d, 0xff, 0x50, 0xff,
  0x1b, 0xff, 0x20, 0xff, 0x02, 0xff, 0xfb, 0xfe, 0xeb, 0xfe, 0xe1, 0xfe,
  0xbc, 0xfe, 0xb5, 0xfe, 0x77, 0xfe, 0x69, 0xfe, 0x34, 0xfe, 0x13, 0xfe,
  0x01, 0xfe, 0xc8, 0xfd, 0xd7, 0xfd, 0x90, 0xfd, 0xb6, 0xfd, 0x6d, 0xfd,
  0xa3, 0xfd, 0x5d, 0xfd, 0x91, 0xfd, 0x54, 0xfd, 0x79, 0xfd, 0x47, 0xfd,
  0x69, 0xfd, 0x3b, 0xfd, 0x70, 0xfd, 0x3c, 0xfd, 0x86, 0xfd, 0x4f, 0xfd,
  0x9a, 0xfd, 0x70, 0xfd, 0xae, 0xfd, 0x9a, 0xfd, 0xd1, 0xfd, 0xcb, 0xfd,
  0x06, 0xfe, 0xfc, 0xfd, 0x3e, 0xfe, 0x21, 0xfe, 0x71, 0xfe, 0x3f, 0xfe,
  0xae, 0xfe, 0x72, 0xfe, 0xf0, 0xfe, 0xc3, 0xfe, 0x26, 0xff, 0x1c, 0xff,
  0x4d, 0xff, 0x66, 0xff, 0x74, 0xff, 0x9e, 0xff, 0xa0, 0xff, 0xc6, 0xff,
  0xd3, 0xff, 0xf0, 0xff, 0x0e, 0x00, 0x27, 0x00, 0x49, 0x00, 0x62, 0x00,
  0x7c, 0x00, 0x93, 0x00, 0x9e, 0x00, 0xb2, 0x00, 0xb1, 0x00, 0xc6, 0x00,
  0xc5, 0x00, 0xde, 0x00, 0xdd, 0x00, 0xf7, 0x00, 0xea, 0x00, 0x02, 0x01,
  0xf0, 0x00, 0x07, 0x01, 0xff, 0x00, 0x12, 0x01, 0x03, 0x01, 0x10, 0x01,
  0xe0, 0x00, 0xea, 0x00, 0xa0, 0x00, 0xaf, 0x00, 0x64, 0x00, 0x7a, 0x00,
  0x3f, 0x00, 0x55, 0x00, 0x33, 0x00, 0x40, 0x00, 0x2e, 0x00, 0x2f, 0x00,
  0x16, 0x00, 0x0e, 0x00, 0xe7, 0xff, 0xdd, 0xff, 0xb7, 0xff, 0xb6, 0xff,
  0x9d, 0xff, 0xab, 0xff, 0xa3, 0xff, 0xb7, 0xff, 0xbf, 0xff, 0xc9, 0xff,
  0xdb, 0xff, 0xd3, 0xff, 0xe9, 0xff, 0xdc, 0xff, 0xe7, 0xff, 0xe8, 0xff,
  0xcc, 0xff, 0xe2, 0xff, 0x8f, 0xff, 0xb5, 0xff, 0x47, 0xff, 0x72, 0xff,
  0x19, 0xff, 0x44, 0xff, 0x1b, 0xff, 0x43, 0xff, 0x47, 0xff, 0x6a, 0xff,
  0x80, 0xff, 0x9d, 0xff, 0xb0, 0xff, 0xc6, 0xff, 0xdc, 0xff, 0xe7, 0xff,
  0x13, 0x00, 0x17, 0x00, 0x59, 0x00, 0x60, 0x00, 0xb1, 0x00, 0xc1, 0x00,
  0x0e, 0x01, 0x23, 0x01, 0x4d, 0x01, 0x5a, 0x01, 0x66, 0x01, 0x6d, 0x01,
  0x8f, 0x01, 0x95, 0x01, 0xe4, 0x01, 0xe5, 0x01, 0x42, 0x02, 0x27, 0x02,
  0x75, 0x02, 0x2d, 0x02, 0x6e, 0x02, 0x03, 0x02, 0x51, 0x02, 0xe0, 0x01,
  0x4d, 0x02, 0xf2, 0x01, 0x65, 0x02, 0x28, 0x02, 0x6e, 0x02, 0x4b, 0x02,
  0x4d, 0x02, 0x3a, 0x02, 0x0a, 0x02, 0xfd, 0x01, 0xc7, 0x01, 0xb5, 0x01,
  0xaa, 0x01, 0x8f, 0x01, 0xb9, 0x01, 0x94, 0x01, 0xca, 0x01, 0x9e, 0x01,
  0xba, 0x01, 0x97, 0x01, 0x8a, 0x01, 0x8e, 0x01, 0x50, 0x01, 0x89, 0x01,
  0x18, 0x01, 0x74, 0x01, 0xd4, 0x00, 0x2a, 0x01, 0x70, 0x00, 0xa6, 0x00,
  0x00, 0x00, 0x21, 0x00, 0xb0, 0xff, 0xd7, 0xff, 0x8f, 0xff, 0xc4, 0xff,
  0x8e, 0xff, 0xc2, 0xff, 0x84, 0xff, 0xa4, 0xff, 0x52, 0xff, 0x56, 0xff,
  0x10, 0xff, 0x01, 0xff, 0x04, 0xff, 0xf1, 0xfe, 0x40, 0xff, 0x38, 0xff,
  0x9a, 0xff, 0xa2, 0xff, 0xd5, 0xff, 0xe7, 0xff, 0xd7, 0xff, 0xe8, 0xff,
  0xcf, 0xff, 0xd7, 0xff, 0x00, 0x00, 0xfb, 0xff, 0x5a, 0x00, 0x48, 0x00,
  0x9d, 0x00, 0x85, 0x00, 0xbf, 0x00, 0xad, 0x00, 0xdb, 0x00, 0xd4, 0x00,
  0x03, 0x01, 0xfd, 0x00, 0x4b, 0x01, 0x31, 0x01, 0xa2, 0x01, 0x70, 0x01,
  0xd0, 0x01, 0x96, 0x01, 0xc1, 0x01, 0x91, 0x01, 0x98, 0x01, 0x76, 0x01,
  0x8c, 0x01, 0x69, 0x01, 0xc5, 0x01, 0x93, 0x01, 0x34, 0x02, 0xf7, 0x01,
  0x88, 0x02, 0x51, 0x02, 0x93, 0x02, 0x72, 0x02, 0x84, 0x02, 0x79, 0x02,
  0x82, 0x02, 0x7d, 0x02, 0x6c, 0x02, 0x5f, 0x02, 0x22, 0x02, 0x0e, 0x02,
  0xa9, 0x01, 0x9a, 0x01, 0x19, 0x01, 0x15, 0x01, 0x97, 0x00, 0x99, 0x00,
  0x2c, 0x00, 0x2d, 0x00, 0xb5, 0xff, 0xb8, 0xff, 0x22, 0xff, 0x31, 0xff,
  0x8e, 0xfe, 0xaa, 0xfe, 0x15, 0xfe, 0x3d, 0xfe, 0xd4, 0xfd, 0x01, 0xfe,
  0xce, 0xfd, 0xf8, 0xfd, 0xc2, 0xfd, 0xd8, 0xfd, 0x7b, 0xfd, 0x67, 0xfd,
  0x1a, 0xfd, 0xdb, 0xfc, 0xc9, 0xfc, 0x7a, 0xfc, 0x89, 0xfc, 0x50, 0xfc,
  0x70, 0xfc, 0x65, 0xfc, 0x9e, 0xfc, 0xb9, 0xfc, 0xf8, 0xfc, 0x1c, 0xfd,
  0x5b, 0xfd, 0x6b, 0xfd, 0xaf, 0xfd, 0xa5, 0xfd, 0xe6, 0xfd, 0xd6, 0xfd,
  0x1c, 0xfe, 0x1c, 0xfe, 0x85, 0xfe, 0x94, 0xfe, 0x24, 0xff, 0x28, 0xff,
  0xda, 0xff, 0xbf, 0xff, 0x84, 0x00, 0x58, 0x00, 0x04, 0x01, 0xe9, 0x00,
  0x70, 0x01, 0x74, 0x01, 0xfc, 0x01, 0x19, 0x02, 0xa4, 0x02, 0xd0, 0x02,
  0x32, 0x03, 0x71, 0x03, 0x99, 0x03, 0xee, 0x03, 0xdf, 0x03, 0x3d, 0x04,
  0xff, 0x03, 0x4e, 0x04, 0xfc, 0x03, 0x2f, 0x04, 0xcc, 0x03, 0xe5, 0x03,
  0x5c, 0x03, 0x68, 0x03, 0xc7, 0x02, 0xd6, 0x02, 0x3f, 0x02, 0x54, 0x02,
  0xc5, 0x01, 0xd8, 0x01, 0x48, 0x01, 0x50, 0x01, 0xbc, 0x00, 0xbc, 0x00,
  0x17, 0x00, 0x1f, 0x00, 0x59, 0xff, 0x70, 0xff, 0x81, 0xfe, 0x98, 0xfe,
  0x7b, 0xfd, 0x77, 0xfd, 0x39, 0xfc, 0x11, 0xfc, 0xe9, 0xfa, 0xa8, 0xfa,
  0xde, 0xf9, 0x96, 0xf9, 0x48, 0xf9, 0x01, 0xf9, 0x00, 0xf9, 0xbc, 0xf8,
  0xb1, 0xf8, 0x74, 0xf8, 0x40, 0xf8, 0x0c, 0xf8, 0xd5, 0xf7, 0xa8, 0xf7,
  0x88, 0xf7, 0x5e, 0xf7, 0x61, 0xf7, 0x36, 0xf7, 0x81, 0xf7, 0x58, 0xf7,
  0x0b, 0xf8, 0xe7, 0xf7, 0xe0, 0xf8, 0xc3, 0xf8, 0xc0, 0xf9, 0xa7, 0xf9,
  0x8f, 0xfa, 0x75, 0xfa, 0x50, 0xfb, 0x36, 0xfb, 0x0b, 0xfc, 0xf7, 0xfb,
  0xd1, 0xfc, 0xce, 0xfc, 0xb8, 0xfd, 0xc9, 0xfd, 0xba, 0xfe, 0xd6, 0xfe,
  0xaa, 0xff, 0xc2, 0xff, 0x64, 0x00, 0x75, 0x00, 0x07, 0x01, 0x18, 0x01,
  0xd3, 0x01, 0xf0, 0x01, 0xce, 0x02, 0xff, 0x02, 0xb6, 0x03, 0xf8, 0x03,
  0x4d, 0x04, 0x95, 0x04, 0x8f, 0x04, 0xd0, 0x04, 0xa4, 0x04, 0xdb, 0x04,
  0xaf, 0x04, 0xea, 0x04, 0xae, 0x04, 0xfb, 0x04, 0x87, 0x04, 0xe5, 0x04,
  0x4b, 0x04, 0xa8, 0x04, 0x18, 0x04, 0x60, 0x04, 0xd6, 0x03, 0x03, 0x04,
  0x71, 0x03, 0x87, 0x03, 0x19, 0x03, 0x22, 0x03, 0xf5, 0x02, 0xfb, 0x02,
  0xe5, 0x02, 0xeb, 0x02, 0xb7, 0x02, 0xb6, 0x02, 0x55, 0x02, 0x46, 0x02,
  0xbf, 0x01, 0xa2, 0x01, 0x0e, 0x01, 0xec, 0x00, 0x78, 0x00, 0x54, 0x00,
  0x26, 0x00, 0xfd, 0xff, 0x01, 0x00, 0xd6, 0xff, 0xbc, 0xff, 0x98, 0xff,
  0x37, 0xff, 0x1e, 0xff, 0xba, 0xfe, 0x9d, 0xfe, 0x8e, 0xfe, 0x5b, 0xfe,
  0x98, 0xfe, 0x53, 0xfe, 0x95, 0xfe, 0x55, 0xfe, 0x7a, 0xfe, 0x4f, 0xfe,
  0x68, 0xfe, 0x4b, 0xfe, 0x79, 0xfe, 0x59, 0xfe, 0xa2, 0xfe, 0x75, 0xfe,
  0xca, 0xfe, 0x93, 0xfe, 0xfc, 0xfe, 0xc6, 0xfe, 0x49, 0xff, 0x1d, 0xff,
  0xa3, 0xff, 0x81, 0xff, 0xe7, 0xff, 0xc4, 0xff, 0x06, 0x00, 0xda, 0xff,
  0x11, 0x00, 0xe4, 0xff, 0x27, 0x00, 0x0a, 0x00, 0x5f, 0x00, 0x59, 0x00,
  0xc7, 0x00, 0xc9, 0x00, 0x50, 0x01, 0x4a, 0x01, 0xb5, 0x01, 0xa9, 0x01,
  0xb1, 0x01, 0xad, 0x01, 0x86, 0x01, 0x8e, 0x01, 0xba, 0x01, 0xc5, 0x01,
  0x44, 0x02, 0x4a, 0x02, 0x9d, 0x02, 0xa3, 0x02, 0x92, 0x02, 0x9e, 0x02,
  0x6e, 0x02, 0x80, 0x02, 0x7c, 0x02, 0x8f, 0x02, 0xb7, 0x02, 0xca, 0x02,
  0xe8, 0x02, 0x05, 0x03, 0xe7, 0x02, 0x1a, 0x03, 0xc3, 0x02, 0x0d, 0x03,
  0xaf, 0x02, 0x04, 0x03, 0xc3, 0x02, 0x0f, 0x03, 0xe1, 0x02, 0x1a, 0x03,
  0xe1, 0x02, 0x10, 0x03, 0xb9, 0x02, 0xf0, 0x02, 0x7c, 0x02, 0xc4, 0x02,
  0x57, 0x02, 0xa3, 0x02, 0x62, 0x02, 0xa3, 0x02, 0x82, 0x02, 0xb5, 0x02,
  0x84, 0x02, 0xb0, 0x02, 0x55, 0x02, 0x82, 0x02, 0x13, 0x02, 0x40, 0x02,
  0xfb, 0x01, 0x23, 0x02, 0x1f, 0x02, 0x3e, 0x02, 0x27, 0x02, 0x39, 0x02,
  0xb9, 0x01, 0xbf, 0x01, 0x06, 0x01, 0x00, 0x01, 0x75, 0x00, 0x5f, 0x00,
  0x20, 0x00, 0xf5, 0xff, 0xf9, 0xff, 0xbf, 0xff, 0xee, 0xff, 0xb2, 0xff,
  0xd4, 0xff, 0x9e, 0xff, 0x98, 0xff, 0x62, 0xff, 0x5c, 0xff, 0x1d, 0xff,
  0x29, 0xff, 0xe0, 0xfe, 0xe8, 0xfe, 0x9e, 0xfe, 0xa1, 0xfe, 0x5b, 0xfe,
  0x5d, 0xfe, 0x1f, 0xfe, 0x19, 0xfe, 0xe3, 0xfd, 0xe6, 0xfd, 0xb4, 0xfd,
  0xcf, 0xfd, 0x93, 0xfd, 0xb0, 0xfd, 0x5d, 0xfd, 0x6e, 0xfd, 0x0b, 0xfd,
  0x29, 0xfd, 0xcf, 0xfc, 0x19, 0xfd, 0xde, 0xfc, 0x4b, 0xfd, 0x2e, 0xfd,
  0x92, 0xfd, 0x84, 0xfd, 0xbd, 0xfd, 0xb0, 0xfd, 0xd0, 0xfd, 0xc0, 0xfd,
  0xfe, 0xfd, 0xf1, 0xfd, 0x5d, 0xfe, 0x5d, 0xfe, 0xd1, 0xfe, 0xeb, 0xfe,
  0x40, 0xff, 0x74, 0xff, 0x9d, 0xff, 0xde, 0xff, 0xe7, 0xff, 0x28, 0x00,
  0x2c, 0x00, 0x6e, 0x00, 0x73, 0x00, 0xc0, 0x00, 0x9b, 0x00, 0xf3, 0x00,
  0x8c, 0x00, 0xe6, 0x00, 0x76, 0x00, 0xca, 0x00, 0x86, 0x00, 0xd2, 0x00,
  0x9d, 0x00, 0xde, 0x00, 0xa1, 0x00, 0xd4, 0x00, 0xa8, 0x00, 0xcf, 0x00,
  0xc3, 0x00, 0xe7, 0x00, 0xe9, 0x00, 0x0e, 0x01, 0x1e, 0x01, 0x38, 0x01,
  0x53, 0x01, 0x5a, 0x01, 0x66, 0x01, 0x5e, 0x01, 0x4b, 0x01, 0x45, 0x01,
  0x1f, 0x01, 0x25, 0x01, 0x03, 0x01, 0x0f, 0x01, 0xf3, 0x00, 0xf5, 0x00,
  0xd4, 0x00, 0xc0, 0x00, 0xa0, 0x00, 0x79, 0x00, 0x68, 0x00, 0x3f, 0x00,
  0x28, 0x00, 0x12, 0x00, 0xce, 0xff, 0xd0, 0xff, 0x54, 0xff, 0x61, 0xff,
  0xcd, 0xfe, 0xd2, 0xfe, 0x58, 0xfe, 0x50, 0xfe, 0x0e, 0xfe, 0xfd, 0xfd,
  0xd8, 0xfd, 0xc5, 0xfd, 0x8a, 0xfd, 0x77, 0xfd, 0x25, 0xfd, 0x10, 0xfd,
  0xd4, 0xfc, 0xbc, 0xfc, 0xac, 0xfc, 0x92, 0xfc, 0x82, 0xfc, 0x68, 0xfc,
  0x21, 0xfc, 0x0a, 0xfc, 0x97, 0xfb, 0x8b, 0xfb, 0x34, 0xfb, 0x38, 0xfb,
  0x27, 0xfb, 0x3a, 0xfb, 0x5d, 0xfb, 0x79, 0xfb, 0xae, 0xfb, 0xcb, 0xfb,
  0xfe, 0xfb, 0x12, 0xfc, 0x50, 0xfc, 0x56, 0xfc, 0xc2, 0xfc, 0xb9, 0xfc,
  0x52, 0xfd, 0x41, 0xfd, 0xe7, 0xfd, 0xd0, 0xfd, 0x7e, 0xfe, 0x64, 0xfe,
  0x27, 0xff, 0x11, 0xff, 0xdb, 0xff, 0xd3, 0xff, 0x8c, 0x00, 0x90, 0x00,
  0x3a, 0x01, 0x3b, 0x01, 0xe1, 0x01, 0xd5, 0x01, 0x79, 0x02, 0x6d, 0x02,
  0x15, 0x03, 0x1e, 0x03, 0xd3, 0x03, 0xf6, 0x03, 0xa6, 0x04, 0xd4, 0x04,
  0x47, 0x05, 0x72, 0x05, 0x9a, 0x05, 0xbb, 0x05, 0xdb, 0x05, 0xf9, 0x05,
  0x4a, 0x06, 0x6c, 0x06, 0xca, 0x06, 0xf8, 0x06, 0x1b, 0x07, 0x55, 0x07,
  0x29, 0x07, 0x67, 0x07, 0xfd, 0x06, 0x35, 0x07, 0xa5, 0x06, 0xd2, 0x06,
  0x3b, 0x06, 0x5e, 0x06, 0xd4, 0x05, 0xeb, 0x05, 0x6e, 0x05, 0x75, 0x05,
  0xe9, 0x04, 0xe7, 0x04, 0x35, 0x04, 0x3a, 0x04, 0x6d, 0x03, 0x7f, 0x03,
  0xb6, 0x02, 0xc6, 0x02, 0x20, 0x02, 0x18, 0x02, 0xa2, 0x01, 0x83, 0x01,
  0x35, 0x01, 0x0e, 0x01, 0xcf, 0x00, 0xae, 0x00, 0x65, 0x00, 0x46, 0x00,
  0xf0, 0xff, 0xca, 0xff, 0x80, 0xff, 0x4d, 0xff, 0x33, 0xff, 0xf3, 0xfe,
  0x10, 0xff, 0xc5, 0xfe, 0xfc, 0xfe, 0xad, 0xfe, 0xdb, 0xfe, 0x96, 0xfe,
  0xa7, 0xfe, 0x7d, 0xfe, 0x76, 0xfe, 0x71, 0xfe, 0x56, 0xfe, 0x75, 0xfe,
  0x46, 0xfe, 0x7a, 0xfe, 0x51, 0xfe, 0x80, 0xfe, 0x86, 0xfe, 0x98, 0xfe,
  0xbf, 0xfe, 0xb5, 0xfe, 0xd6, 0xfe, 0xc5, 0xfe, 0xe7, 0xfe, 0xe2, 0xfe,
  0x1c, 0xff, 0x1d, 0xff, 0x6a, 0xff, 0x5b, 0xff, 0xac, 0xff, 0x81, 0xff,
  0xcb, 0xff, 0x8f, 0xff, 0xb8, 0xff, 0x81, 0xff, 0x74, 0xff, 0x55, 0xff,
  0x19, 0xff, 0x16, 0xff, 0xd1, 0xfe, 0xdf, 0xfe, 0xb3, 0xfe, 0xc4, 0xfe,
  0xa1, 0xfe, 0xb2, 0xfe, 0x6e, 0xfe, 0x84, 0xfe, 0x25, 0xfe, 0x45, 0xfe,
  0xfa, 0xfd, 0x1d, 0xfe, 0xfb, 0xfd, 0x17, 0xfe, 0x15, 0xfe, 0x27, 0xfe,
  0x30, 0xfe, 0x3a, 0xfe, 0x39, 0xfe, 0x43, 0xfe, 0x33, 0xfe, 0x41, 0xfe,
  0x2f, 0xfe, 0x46, 0xfe, 0x3c, 0xfe, 0x5d, 0xfe, 0x63, 0xfe, 0x88, 0xfe,
  0x9c, 0xfe, 0xc0, 0xfe, 0xc8, 0xfe, 0xef, 0xfe, 0xd6, 0xfe, 0x06, 0xff,
  0xe0, 0xfe, 0x15, 0xff, 0x07, 0xff, 0x30, 0xff, 0x43, 0xff, 0x53, 0xff,
  0x78, 0xff, 0x6d, 0xff, 0x99, 0xff, 0x76, 0xff, 0xbb, 0xff, 0x83, 0xff,
  0xee, 0xff, 0xa7, 0xff, 0x1e, 0x00, 0xd6, 0xff, 0x33, 0x00, 0xf5, 0xff,
  0x28, 0x00, 0xf6, 0xff, 0x05, 0x00, 0xdb, 0xff, 0xd3, 0xff, 0xb8, 0xff,
  0xa8, 0xff, 0xa8, 0xff, 0x98, 0xff, 0xbb, 0xff, 0xa8, 0xff, 0xe6, 0xff,
  0xca, 0xff, 0x10, 0x00, 0xec, 0xff, 0x1d, 0x00, 0x05, 0x00, 0x06, 0x00,
  0x0e, 0x00, 0xde, 0xff, 0x09, 0x00, 0xc9, 0xff, 0xfc, 0xff, 0xd9, 0xff,
  0xe5, 0xff, 0xed, 0xff, 0xb3, 0xff, 0xcc, 0xff, 0x71, 0xff, 0x76, 0xff,
  0x3f, 0xff, 0x27, 0xff, 0x2c, 0xff, 0x07, 0xff, 0x33, 0xff, 0x14, 0xff,
  0x4f, 0xff, 0x40, 0xff, 0x6f, 0xff, 0x73, 0xff, 0x80, 0xff, 0x94, 0xff,
  0x82, 0xff, 0x9f, 0xff, 0x7d, 0xff, 0x99, 0xff, 0x74, 0xff, 0x87, 0xff,
  0x64, 0xff, 0x6e, 0xff, 0x4b, 0xff, 0x53, 0xff, 0x3c, 0xff, 0x4d, 0xff,
  0x56, 0xff, 0x73, 0xff, 0x9a, 0xff, 0xb8, 0xff, 0xe6, 0xff, 0xf2, 0xff,
  0x2b, 0x00, 0x1a, 0x00, 0x73, 0x00, 0x54, 0x00, 0xc1, 0x00, 0xb1, 0x00,
  0x01, 0x01, 0x0b, 0x01, 0x23, 0x01, 0x34, 0x01, 0x25, 0x01, 0x21, 0x01,
  0x11, 0x01, 0xf1, 0x00, 0xfd, 0x00, 0xd0, 0x00, 0x02, 0x01, 0xdb, 0x00,
  0x22, 0x01, 0x00, 0x01, 0x41, 0x01, 0x14, 0x01, 0x4c, 0x01, 0x07, 0x01,
  0x4e, 0x01, 0xf4, 0x00, 0x65, 0x01, 0x05, 0x01, 0x95, 0x01, 0x3d, 0x01,
  0xb3, 0x01, 0x69, 0x01, 0x95, 0x01, 0x5a, 0x01, 0x57, 0x01, 0x2f, 0x01,
  0x2c, 0x01, 0x23, 0x01, 0x1e, 0x01, 0x32, 0x01, 0x1d, 0x01, 0x3b, 0x01,
  0x22, 0x01, 0x35, 0x01, 0x1e, 0x01, 0x20, 0x01, 0x0a, 0x01, 0x03, 0x01,
  0xf7, 0x00, 0xf1, 0x00, 0xe9, 0x00, 0xe8, 0x00, 0xd1, 0x00, 0xd3, 0x00,
  0xa8, 0x00, 0xaa, 0x00, 0x76, 0x00, 0x72, 0x00, 0x4f, 0x00, 0x40, 0x00,
  0x40, 0x00, 0x28, 0x00, 0x31, 0x00, 0x1b, 0x00, 0x0e, 0x00, 0x07, 0x00,
  0xe8, 0xff, 0x00, 0x00, 0xce, 0xff, 0x10, 0x00, 0xab, 0xff, 0x14, 0x00,
  0x77, 0xff, 0xf2, 0xff, 0x43, 0xff, 0xb4, 0xff, 0x17, 0xff, 0x74, 0xff,
  0xee, 0xfe, 0x42, 0xff, 0xc4, 0xfe, 0x1e, 0xff, 0xa7, 0xfe, 0x07, 0xff,
  0xa7, 0xfe, 0x07, 0xff, 0xbb, 0xfe, 0x1a, 0xff, 0xd2, 0xfe, 0x35, 0xff,
  0xf5, 0xfe, 0x5b, 0xff, 0x27, 0xff, 0x89, 0xff, 0x4a, 0xff, 0x9f, 0xff,
  0x4e, 0xff, 0x8d, 0xff, 0x45, 0xff, 0x65, 0xff, 0x43, 0xff, 0x3f, 0xff,
  0x3b, 0xff, 0x1e, 0xff, 0x24, 0xff, 0x02, 0xff, 0x26, 0xff, 0x08, 0xff,
  0x73, 0xff, 0x50, 0xff, 0xf1, 0xff, 0xbf, 0xff, 0x4f, 0x00, 0x13, 0x00,
  0x68, 0x00, 0x2d, 0x00, 0x52, 0x00, 0x1f, 0x00, 0x31, 0x00, 0xfe, 0xff,
  0x18, 0x00, 0xdb, 0xff, 0x19, 0x00, 0xcb, 0xff, 0x33, 0x00, 0xd4, 0xff,
  0x47, 0x00, 0xe6, 0xff, 0x3b, 0x00, 0xe8, 0xff, 0x16, 0x00, 0xd6, 0xff,
  0xfc, 0xff, 0xc1, 0xff, 0xfc, 0xff, 0xb6, 0xff, 0x05, 0x00, 0xb6, 0xff,
  0x0d, 0x00, 0xc3, 0xff, 0x1a, 0x00, 0xdf, 0xff, 0x2d, 0x00, 0xfb, 0xff,
  0x2b, 0x00, 0xf8, 0xff, 0x08, 0x00, 0xcb, 0xff, 0xd3, 0xff, 0x8e, 0xff,
  0xa2, 0xff, 0x5c, 0xff, 0x7a, 0xff, 0x3c, 0xff, 0x53, 0xff, 0x29, 0xff,
  0x30, 0xff, 0x22, 0xff, 0x1e, 0xff, 0x2d, 0xff, 0x21, 0xff, 0x43, 0xff,
  0x2b, 0xff, 0x4f, 0xff, 0x28, 0xff, 0x39, 0xff, 0x16, 0xff, 0x0f, 0xff,
  0x01, 0xff, 0xef, 0xfe, 0xf2, 0xfe, 0xec, 0xfe, 0xf2, 0xfe, 0x06, 0xff,
  0x00, 0xff, 0x2d, 0xff, 0x08, 0xff, 0x44, 0xff, 0x06, 0xff, 0x45, 0xff,
  0x14, 0xff, 0x4d, 0xff, 0x32, 0xff, 0x5f, 0xff, 0x44, 0xff, 0x65, 0xff,
  0x42, 0xff, 0x60, 0xff, 0x3b, 0xff, 0x5c, 0xff, 0x3a, 0xff, 0x5b, 0xff,
  0x41, 0xff, 0x5f, 0xff, 0x47, 0xff, 0x63, 0xff, 0x47, 0xff, 0x6b, 0xff,
  0x50, 0xff, 0x86, 0xff, 0x67, 0xff, 0xae, 0xff, 0x75, 0xff, 0xc7, 0xff,
  0x7d, 0xff, 0xcc, 0xff, 0x95, 0xff, 0xcf, 0xff, 0xb9, 0xff, 0xdb, 0xff,
  0xdf, 0xff, 0xf6, 0xff, 0x0b, 0x00, 0x2a, 0x00, 0x42, 0x00, 0x6b, 0x00,
  0x83, 0x00, 0xa9, 0x00, 0xca, 0x00, 0xe4, 0x00, 0x01, 0x01, 0x15, 0x01,
  0x1f, 0x01, 0x35, 0x01, 0x37, 0x01, 0x51, 0x01, 0x51, 0x01, 0x6c, 0x01,
  0x60, 0x01, 0x78, 0x01, 0x66, 0x01, 0x72, 0x01, 0x6d, 0x01, 0x5c, 0x01,
  0x71, 0x01, 0x37, 0x01, 0x61, 0x01, 0x09, 0x01, 0x42, 0x01, 0xe6, 0x00,
  0x37, 0x01, 0xeb, 0x00, 0x50, 0x01, 0x16, 0x01, 0x6e, 0x01, 0x3d, 0x01,
  0x73, 0x01, 0x40, 0x01, 0x6e, 0x01, 0x36, 0x01, 0x6c, 0x01, 0x35, 0x01,
  0x5f, 0x01, 0x35, 0x01, 0x40, 0x01, 0x26, 0x01, 0x1e, 0x01, 0x05, 0x01,
  0x0a, 0x01, 0xdc, 0x00, 0x07, 0x01, 0xbf, 0x00, 0x07, 0x01, 0xbd, 0x00,
  0x03, 0x01, 0xcf, 0x00, 0xfb, 0x00, 0xe5, 0x00, 0xef, 0x00, 0xe7, 0x00,
  0xd8, 0x00, 0xcf, 0x00, 0xc3, 0x00, 0xb3, 0x00, 0xc7, 0x00, 0xb3, 0x00,
  0xe1, 0x00, 0xd1, 0x00, 0xf6, 0x00, 0xef, 0x00, 0xf5, 0x00, 0xf8, 0x00,
  0xe1, 0x00, 0xeb, 0x00, 0xc1, 0x00, 0xd2, 0x00, 0x94, 0x00, 0xaf, 0x00,
  0x5c, 0x00, 0x89, 0x00, 0x22, 0x00, 0x67, 0x00, 0xf5, 0xff, 0x51, 0x00,
  0xd8, 0xff, 0x44, 0x00, 0xbe, 0xff, 0x2c, 0x00, 0xae, 0xff, 0x0a, 0x00,
  0xbe, 0xff, 0xfb, 0xff, 0xdf, 0xff, 0xfe, 0xff, 0xe2, 0xff, 0xef, 0xff,
  0xc4, 0xff, 0xca, 0xff, 0xa5, 0xff, 0xa7, 0xff, 0x8e, 0xff, 0x89, 0xff,
  0x6b, 0xff, 0x5c, 0xff, 0x32, 0xff, 0x19, 0xff, 0xee, 0xfe, 0xcd, 0xfe,
  0xbd, 0xfe, 0x95, 0xfe, 0xb5, 0xfe, 0x86, 0xfe, 0xc5, 0xfe, 0x86, 0xfe,
  0xcb, 0xfe, 0x78, 0xfe, 0xc0, 0xfe, 0x62, 0xfe, 0xb6, 0xfe, 0x5f, 0xfe,
  0xc3, 0xfe, 0x80, 0xfe, 0xee, 0xfe, 0xbe, 0xfe, 0x21, 0xff, 0x00, 0xff,
  0x3d, 0xff, 0x2b, 0xff, 0x38, 0xff, 0x39, 0xff, 0x25, 0xff, 0x36, 0xff,
  0x2a, 0xff, 0x42, 0xff, 0x5c, 0xff, 0x6f, 0xff, 0x98, 0xff, 0x9e, 0xff,
  0xb9, 0xff, 0xaf, 0xff, 0xcc, 0xff, 0xbd, 0xff, 0xf8, 0xff, 0xf8, 0xff,
  0x41, 0x00, 0x5f, 0x00, 0x8a, 0x00, 0xc2, 0x00, 0xb3, 0x00, 0xf8, 0x00,
  0xbe, 0x00, 0x09, 0x01, 0xbd, 0x00, 0x0d, 0x01, 0xb6, 0x00, 0x08, 0x01,
  0xb9, 0x00, 0x00, 0x01, 0xd9, 0x00, 0x0b, 0x01, 0xfb, 0x00, 0x1e, 0x01,
  0xf1, 0x00, 0x16, 0x01, 0xbb, 0x00, 0xed, 0x00, 0x7d, 0x00, 0xbb, 0x00,
  0x52, 0x00, 0x93, 0x00, 0x41, 0x00, 0x7f, 0x00, 0x39, 0x00, 0x72, 0x00,
  0x1c, 0x00, 0x55, 0x00, 0xe7, 0xff, 0x24, 0x00, 0xb0, 0xff, 0xe7, 0xff,
  0x84, 0xff, 0xa2, 0xff, 0x63, 0xff, 0x5a, 0xff, 0x42, 0xff, 0x21, 0xff,
  0x17, 0xff, 0xf8, 0xfe, 0xe4, 0xfe, 0xd5, 0xfe, 0xc1, 0xfe, 0xb9, 0xfe,
  0xbe, 0xfe, 0xac, 0xfe, 0xcb, 0xfe, 0xaa, 0xfe, 0xc9, 0xfe, 0xa2, 0xfe,
  0xb2, 0xfe, 0x90, 0xfe, 0xa2, 0xfe, 0x84, 0xfe, 0xb2, 0xfe, 0x93, 0xfe,
  0xd9, 0xfe, 0xb6, 0xfe, 0xf9, 0xfe, 0xd2, 0xfe, 0x00, 0xff, 0xdb, 0xfe,
  0xfc, 0xfe, 0xda, 0xfe, 0x0d, 0xff, 0xe7, 0xfe, 0x3f, 0xff, 0x11, 0xff,
  0x81, 0xff, 0x50, 0xff, 0xb2, 0xff, 0x8d, 0xff, 0xc8, 0xff, 0xb6, 0xff,
  0xdb, 0xff, 0xd7, 0xff, 0x0a, 0x00, 0x08, 0x00, 0x4b, 0x00, 0x47, 0x00,
  0x81, 0x00, 0x7c, 0x00, 0xac, 0x00, 0xaa, 0x00, 0xe3, 0x00, 0xe0, 0x00,
  0x24, 0x01, 0x1c, 0x01, 0x5e, 0x01, 0x50, 0x01, 0x88, 0x01, 0x76, 0x01,
  0x9f, 0x01, 0x8a, 0x01, 0xa4, 0x01, 0x89, 0x01, 0xa7, 0x01, 0x80, 0x01,
  0xba, 0x01, 0x86, 0x01, 0xda, 0x01, 0xa3, 0x01, 0xea, 0x01, 0xc3, 0x01,
  0xdd, 0x01, 0xd2, 0x01, 0xc3, 0x01, 0xc9, 0x01, 0xab, 0x01, 0xb0, 0x01,
  0x9c, 0x01, 0x9c, 0x01, 0x98, 0x01, 0x9b, 0x01, 0x91, 0x01, 0xa3, 0x01,
  0x82, 0x01, 0xa3, 0x01, 0x6d, 0x01, 0x9d, 0x01, 0x55, 0x01, 0x91, 0x01,
  0x3c, 0x01, 0x80, 0x01, 0x30, 0x01, 0x70, 0x01, 0x2e, 0x01, 0x5f, 0x01,
  0x22, 0x01, 0x43, 0x01, 0x03, 0x01, 0x1f, 0x01, 0xd5, 0x00, 0xf8, 0x00,
  0x9e, 0x00, 0xcd, 0x00, 0x66, 0x00, 0x9e, 0x00, 0x2a, 0x00, 0x63, 0x00,
  0xea, 0xff, 0x1d, 0x00, 0xba, 0xff, 0xe8, 0xff, 0xa7, 0xff, 0xd9, 0xff,
  0x9c, 0xff, 0xd7, 0xff, 0x85, 0xff, 0xbf, 0xff, 0x6a, 0xff, 0x91, 0xff,
  0x54, 0xff, 0x61, 0xff, 0x42, 0xff, 0x3d, 0xff, 0x32, 0xff, 0x27, 0xff,
  0x1e, 0xff, 0x15, 0xff, 0xfb, 0xfe, 0xf3, 0xfe, 0xc6, 0xfe, 0xc0, 0xfe,
  0x93, 0xfe, 0x8a, 0xfe, 0x81, 0xfe, 0x6a, 0xfe, 0x96, 0xfe, 0x66, 0xfe,
  0xb8, 0xfe, 0x71, 0xfe, 0xd4, 0xfe, 0x80, 0xfe, 0xe6, 0xfe, 0x92, 0xfe,
  0xf0, 0xfe, 0xa2, 0xfe, 0xf7, 0xfe, 0xb5, 0xfe, 0x02, 0xff, 0xcd, 0xfe,
  0x11, 0xff, 0xed, 0xfe, 0x2e, 0xff, 0x18, 0xff, 0x62, 0xff, 0x52, 0xff,
  0x9f, 0xff, 0x8b, 0xff, 0xcf, 0xff, 0xb0, 0xff, 0xf1, 0xff, 0xc4, 0xff,
  0x06, 0x00, 0xd2, 0xff, 0x13, 0x00, 0xde, 0xff, 0x21, 0x00, 0xec, 0xff,
  0x30, 0x00, 0xfb, 0xff, 0x3b, 0x00, 0x08, 0x00, 0x42, 0x00, 0x1a, 0x00,
  0x4d, 0x00, 0x36, 0x00, 0x5f, 0x00, 0x56, 0x00, 0x73, 0x00, 0x70, 0x00,
  0x7e, 0x00, 0x7c, 0x00, 0x78, 0x00, 0x75, 0x00, 0x71, 0x00, 0x66, 0x00,
  0x77, 0x00, 0x61, 0x00, 0x7d, 0x00, 0x63, 0x00, 0x6a, 0x00, 0x5b, 0x00,
  0x39, 0x00, 0x44, 0x00, 0xf4, 0xff, 0x1c, 0x00, 0xaa, 0xff, 0xdf, 0xff,
  0x6e, 0xff, 0x95, 0xff, 0x4b, 0xff, 0x56, 0xff, 0x39, 0xff, 0x30, 0xff,
  0x25, 0xff, 0x1d, 0xff, 0x09, 0xff, 0x0f, 0xff, 0xed, 0xfe, 0xf9, 0xfe,
  0xd2, 0xfe, 0xdb, 0xfe, 0xbd, 0xfe, 0xc4, 0xfe, 0xae, 0xfe, 0xbf, 0xfe,
  0xa4, 0xfe, 0xc5, 0xfe, 0x97, 0xfe, 0xc4, 0xfe, 0x86, 0xfe, 0xb8, 0xfe,
  0x7a, 0xfe, 0xaf, 0xfe, 0x88, 0xfe, 0xbc, 0xfe, 0xb0, 0xfe, 0xe0, 0xfe,
  0xe0, 0xfe, 0x07, 0xff, 0x07, 0xff, 0x28, 0xff, 0x28, 0xff, 0x47, 0xff,
  0x4b, 0xff, 0x6b, 0xff, 0x78, 0xff, 0x9b, 0xff, 0xae, 0xff, 0xd4, 0xff,
  0xdf, 0xff, 0x05, 0x00, 0x06, 0x00, 0x2c, 0x00, 0x2c, 0x00, 0x4f, 0x00,
  0x54, 0x00, 0x71, 0x00, 0x82, 0x00, 0x8d, 0x00, 0xb2, 0x00, 0xa3, 0x00,
  0xd8, 0x00, 0xb7, 0x00, 0xe9, 0x00, 0xce, 0x00, 0xe7, 0x00, 0xe2, 0x00,
  0xdd, 0x00, 0xe9, 0x00, 0xdf, 0x00, 0xe5, 0x00, 0xf2, 0x00, 0xe6, 0x00,
  0xff, 0x00, 0xec, 0x00, 0xf5, 0x00, 0xed, 0x00, 0xe3, 0x00, 0xed, 0x00,
  0xda, 0x00, 0xe9, 0x00, 0xd6, 0x00, 0xdc, 0x00, 0xcc, 0x00, 0xc9, 0x00,
  0xb5, 0x00, 0xb4, 0x00, 0x95, 0x00, 0x9f, 0x00, 0x78, 0x00, 0x8d, 0x00,
  0x5d, 0x00, 0x73, 0x00, 0x3c, 0x00, 0x4b, 0x00, 0x1c, 0x00, 0x26, 0x00,
  0x03, 0x00, 0x12, 0x00, 0xef, 0xff, 0x07, 0x00, 0xe3, 0xff, 0x00, 0x00,
  0xe8, 0xff, 0x00, 0x00, 0xf1, 0xff, 0x01, 0x00, 0xea, 0xff, 0xf3, 0xff,
  0xd3, 0xff, 0xd6, 0xff, 0xbd, 0xff, 0xbb, 0xff, 0xb7, 0xff, 0xb3, 0xff,
  0xbc, 0xff, 0xbb, 0xff, 0xbb, 0xff, 0xbc, 0xff, 0xb9, 0xff, 0xb3, 0xff,
  0xc8, 0xff, 0xb6, 0xff, 0xe9, 0xff, 0xca, 0xff, 0x08, 0x00, 0xdf, 0xff,
  0x1b, 0x00, 0xea, 0xff, 0x2b, 0x00, 0xed, 0xff, 0x3e, 0x00, 0xed, 0xff,
  0x50, 0x00, 0xeb, 0xff, 0x63, 0x00, 0xf5, 0xff, 0x7b, 0x00, 0x14, 0x00,
  0x91, 0x00, 0x3f, 0x00, 0x9d, 0x00, 0x62, 0x00, 0xa2, 0x00, 0x79, 0x00,
  0xa8, 0x00, 0x90, 0x00, 0xb1, 0x00, 0xa8, 0x00, 0xb4, 0x00, 0xb4, 0x00,
  0xad, 0x00, 0xac, 0x00, 0xa3, 0x00, 0x99, 0x00, 0x9f, 0x00, 0x8e, 0x00,
  0x9a, 0x00, 0x88, 0x00, 0x8d, 0x00, 0x7a, 0x00, 0x7e, 0x00, 0x67, 0x00,
  0x74, 0x00, 0x59, 0x00, 0x65, 0x00, 0x52, 0x00, 0x49, 0x00, 0x4c, 0x00,
  0x22, 0x00, 0x43, 0x00, 0xfd, 0xff, 0x39, 0x00, 0xe3, 0xff, 0x2b, 0x00,
  0xcf, 0xff, 0x16, 0x00, 0xb9, 0xff, 0xfe, 0xff, 0x9e, 0xff, 0xe8, 0xff,
  0x82, 0xff, 0xd6, 0xff, 0x6c, 0xff, 0xc0, 0xff, 0x63, 0xff, 0xa5, 0xff,
  0x65, 0xff, 0x8a, 0xff, 0x67, 0xff, 0x78, 0xff, 0x68, 0xff, 0x74, 0xff,
  0x6c, 0xff, 0x7c, 0xff, 0x78, 0xff, 0x85, 0xff, 0x8c, 0xff, 0x8a, 0xff,
  0x9b, 0xff, 0x85, 0xff, 0x9d, 0xff, 0x7a, 0xff, 0x9a, 0xff, 0x7c, 0xff,
  0xa1, 0xff, 0x98, 0xff, 0xb5, 0xff, 0xc4, 0xff, 0xce, 0xff, 0xeb, 0xff,
  0xe1, 0xff, 0xfc, 0xff, 0xeb, 0xff, 0xfb, 0xff, 0xf3, 0xff, 0xfb, 0xff,
  0x02, 0x00, 0x03, 0x00, 0x16, 0x00, 0x0e, 0x00, 0x2d, 0x00, 0x16, 0x00,
  0x44, 0x00, 0x1b, 0x00, 0x58, 0x00, 0x20, 0x00, 0x6e, 0x00, 0x29, 0x00,
  0x83, 0x00, 0x37, 0x00, 0x8e, 0x00, 0x43, 0x00, 0x8c, 0x00, 0x4c, 0x00,
  0x81, 0x00, 0x53, 0x00, 0x71, 0x00, 0x58, 0x00, 0x67, 0x00, 0x5b, 0x00,
  0x67, 0x00, 0x5e, 0x00, 0x6a, 0x00, 0x5b, 0x00, 0x63, 0x00, 0x4a, 0x00,
  0x4d, 0x00, 0x31, 0x00, 0x34, 0x00, 0x1b, 0x00, 0x26, 0x00, 0x11, 0x00,
  0x21, 0x00, 0x10, 0x00, 0x13, 0x00, 0x08, 0x00, 0xf5, 0xff, 0xf7, 0xff,
  0xd6, 0xff, 0xec, 0xff, 0xc6, 0xff, 0xf1, 0xff, 0xc1, 0xff, 0xf8, 0xff,
  0xc0, 0xff, 0xf2, 0xff, 0xc3, 0xff, 0xe2, 0xff, 0xcb, 0xff, 0xd1, 0xff,
  0xcc, 0xff, 0xc2, 0xff, 0xbf, 0xff, 0xb5, 0xff, 0xa7, 0xff, 0xab, 0xff,
  0x90, 0xff, 0xa1, 0xff, 0x81, 0xff, 0x98, 0xff, 0x82, 0xff, 0x95, 0xff,
  0x90, 0xff, 0xa0, 0xff, 0xa3, 0xff, 0xba, 0xff, 0xb0, 0xff, 0xd4, 0xff,
  0xb4, 0xff, 0xde, 0xff, 0xc0, 0xff, 0xdc, 0xff, 0xe3, 0xff, 0xe7, 0xff,
  0x17, 0x00, 0x09, 0x00, 0x3b, 0x00, 0x32, 0x00, 0x3f, 0x00, 0x4c, 0x00,
  0x34, 0x00, 0x56, 0x00, 0x2f, 0x00, 0x5a, 0x00, 0x2e, 0x00, 0x5d, 0x00,
  0x29, 0x00, 0x5c, 0x00, 0x22, 0x00, 0x59, 0x00, 0x26, 0x00, 0x55, 0x00,
  0x39, 0x00, 0x4e, 0x00, 0x52, 0x00, 0x45, 0x00, 0x67, 0x00, 0x40, 0x00,
  0x6f, 0x00, 0x41, 0x00, 0x62, 0x00, 0x38, 0x00, 0x43, 0x00, 0x1f, 0x00,
  0x27, 0x00, 0x07, 0x00, 0x1e, 0x00, 0x07, 0x00, 0x1f, 0x00, 0x1e, 0x00,
  0x19, 0x00, 0x2f, 0x00, 0x08, 0x00, 0x25, 0x00, 0xfc, 0xff, 0x05, 0x00,
  0xf7, 0xff, 0xe2, 0xff, 0xee, 0xff, 0xc8, 0xff, 0xdd, 0xff, 0xbb, 0xff,
  0xcc, 0xff, 0xb9, 0xff, 0xc3, 0xff, 0xba, 0xff, 0xbb, 0xff, 0xb3, 0xff,
  0xb0, 0xff, 0xa8, 0xff, 0xa5, 0xff, 0xa3, 0xff, 0xa4, 0xff, 0xad, 0xff,
  0xb1, 0xff, 0xc0, 0xff, 0xbf, 0xff, 0xd0, 0xff, 0xc1, 0xff, 0xd5, 0xff,
  0xb6, 0xff, 0xd3, 0xff, 0xac, 0xff, 0xd1, 0xff, 0xb0, 0xff, 0xd3, 0xff,
  0xc4, 0xff, 0xd9, 0xff, 0xdc, 0xff, 0xe4, 0xff, 0xe7, 0xff, 0xf3, 0xff,
  0xdf, 0xff, 0xfe, 0xff, 0xd3, 0xff, 0x02, 0x00, 0xda, 0xff, 0x05, 0x00,
  0xf6, 0xff, 0x0b, 0x00, 0x11, 0x00, 0x14, 0x00, 0x19, 0x00, 0x1f, 0x00,
  0x11, 0x00, 0x32, 0x00, 0x09, 0x00, 0x45, 0x00, 0x07, 0x00, 0x4d, 0x00,
  0x0a, 0x00, 0x43, 0x00, 0x0b, 0x00, 0x2c, 0x00, 0x03, 0x00, 0x10, 0x00,
  0xf3, 0xff, 0xf6, 0xff, 0xe8, 0xff, 0xe3, 0xff, 0xe9, 0xff, 0xd8, 0xff,
  0xf2, 0xff, 0xd1, 0xff, 0xf8, 0xff, 0xc9, 0xff, 0xf4, 0xff, 0xba, 0xff,
  0xea, 0xff, 0xa9, 0xff, 0xe0, 0xff, 0x9e, 0xff, 0xdc, 0xff, 0x9e, 0xff,
  0xdc, 0xff, 0xa7, 0xff, 0xdf, 0xff, 0xaf, 0xff, 0xe8, 0xff, 0xb5, 0xff,
  0xfa, 0xff, 0xb9, 0xff, 0x0c, 0x00, 0xc1, 0xff, 0x10, 0x00, 0xc9, 0xff,
  0x03, 0x00, 0xd0, 0xff, 0xef, 0xff, 0xd7, 0xff, 0xe2, 0xff, 0xde, 0xff,
  0xe5, 0xff, 0xe5, 0xff, 0xf0, 0xff, 0xef, 0xff, 0xfd, 0xff, 0xfc, 0xff,
  0x04, 0x00, 0x0c, 0x00, 0x08, 0x00, 0x19, 0x00, 0x0a, 0x00, 0x1e, 0x00,
  0x0f, 0x00, 0x1d, 0x00, 0x18, 0x00, 0x1d, 0x00, 0x22, 0x00, 0x23, 0x00,
  0x2a, 0x00, 0x32, 0x00, 0x32, 0x00, 0x4b, 0x00, 0x39, 0x00, 0x67, 0x00,
  0x3b, 0x00, 0x78, 0x00, 0x36, 0x00, 0x78, 0x00, 0x30, 0x00, 0x6b, 0x00,
  0x2e, 0x00, 0x5a, 0x00, 0x30, 0x00, 0x50, 0x00, 0x35, 0x00, 0x4e, 0x00,
  0x3c, 0x00, 0x52, 0x00, 0x3f, 0x00, 0x53, 0x00, 0x3b, 0x00, 0x49, 0x00,
  0x2b, 0x00, 0x37, 0x00, 0x16, 0x00, 0x28, 0x00, 0x07, 0x00, 0x25, 0x00,
  0x05, 0x00, 0x2a, 0x00, 0x0b, 0x00, 0x28, 0x00, 0x11, 0x00, 0x19, 0x00,
  0x13, 0x00, 0x0a, 0x00, 0x11, 0x00, 0x07, 0x00, 0x0b, 0x00, 0x0d, 0x00,
  0x05, 0x00, 0x10, 0x00, 0x08, 0x00, 0x0c, 0x00, 0x0f, 0x00, 0x03, 0x00,
  0x0b, 0x00, 0xf7, 0xff, 0xf5, 0xff, 0xed, 0xff, 0xda, 0xff, 0xea, 0xff,
  0xce, 0xff, 0xec, 0xff, 0xd5, 0xff, 0xec, 0xff, 0xe4, 0xff, 0xe3, 0xff,
  0xed, 0xff, 0xd6, 0xff, 0xea, 0xff, 0xcb, 0xff, 0xdd, 0xff, 0xc3, 0xff,
  0xcd, 0xff, 0xbd, 0xff, 0xc4, 0xff, 0xba, 0xff, 0xc4, 0xff, 0xbe, 0xff,
  0xca, 0xff, 0xc7, 0xff, 0xcf, 0xff, 0xca, 0xff, 0xd4, 0xff, 0xc2, 0xff,
  0xdc, 0xff, 0xb7, 0xff, 0xe6, 0xff, 0xb3, 0xff, 0xe9, 0xff, 0xb6, 0xff,
  0xe7, 0xff, 0xc2, 0xff, 0xe6, 0xff, 0xd3, 0xff, 0xe9, 0xff, 0xe1, 0xff,
  0xe8, 0xff, 0xe6, 0xff, 0xe2, 0xff, 0xe7, 0xff, 0xdb, 0xff, 0xf0, 0xff,
  0xda, 0xff, 0x02, 0x00, 0xdf, 0xff, 0x15, 0x00, 0xea, 0xff, 0x1d, 0x00,
  0xfe, 0xff, 0x1e, 0x00, 0x16, 0x00, 0x20, 0x00, 0x2d, 0x00, 0x27, 0x00,
  0x3d, 0x00, 0x33, 0x00, 0x47, 0x00, 0x41, 0x00, 0x4c, 0x00, 0x4b, 0x00,
  0x47, 0x00, 0x4e, 0x00, 0x37, 0x00, 0x4b, 0x00, 0x24, 0x00, 0x49, 0x00,
  0x1f, 0x00, 0x4c, 0x00, 0x2f, 0x00, 0x4f, 0x00, 0x4f, 0x00, 0x4e, 0x00,
  0x6f, 0x00, 0x4b, 0x00, 0x7f, 0x00, 0x4c, 0x00, 0x78, 0x00, 0x54, 0x00,
  0x64, 0x00, 0x5f, 0x00, 0x57, 0x00, 0x65, 0x00, 0x59, 0x00, 0x65, 0x00,
  0x68, 0x00, 0x61, 0x00, 0x78, 0x00, 0x61, 0x00, 0x7d, 0x00, 0x62, 0x00,
  0x71, 0x00, 0x5e, 0x00, 0x5a, 0x00, 0x4f, 0x00, 0x45, 0x00, 0x3a, 0x00,
  0x3d, 0x00, 0x2a, 0x00, 0x44, 0x00, 0x24, 0x00, 0x50, 0x00, 0x28, 0x00,
  0x50, 0x00, 0x2b, 0x00, 0x3e, 0x00, 0x29, 0x00, 0x20, 0x00, 0x24, 0x00,
  0x05, 0x00, 0x1c, 0x00, 0xf2, 0xff, 0x0b, 0x00, 0xe5, 0xff, 0xf4, 0xff,
  0xdf, 0xff, 0xe0, 0xff, 0xdb, 0xff, 0xd6, 0xff, 0xd5, 0xff, 0xd6, 0xff,
  0xcd, 0xff, 0xda, 0xff, 0xc5, 0xff, 0xe2, 0xff, 0xbb, 0xff, 0xe8, 0xff,
  0xab, 0xff, 0xe7, 0xff, 0x9c, 0xff, 0xe1, 0xff, 0x98, 0xff, 0xd7, 0xff,
  0x9f, 0xff, 0xcc, 0xff, 0xa1, 0xff, 0xc2, 0xff, 0x97, 0xff, 0xbc, 0xff,
  0x82, 0xff, 0xb9, 0xff, 0x75, 0xff, 0xb7, 0xff, 0x7b, 0xff, 0xb5, 0xff,
  0x92, 0xff, 0xb9, 0xff, 0xac, 0xff, 0xc6, 0xff, 0xbb, 0xff, 0xd4, 0xff,
  0xba, 0xff, 0xdb, 0xff, 0xb2, 0xff, 0xd6, 0xff, 0xb0, 0xff, 0xca, 0xff,
  0xbb, 0xff, 0xc6, 0xff, 0xd2, 0xff, 0xd1, 0xff, 0xea, 0xff, 0xe2, 0xff,
  0xfc, 0xff, 0xee, 0xff, 0x07, 0x00, 0xf7, 0xff, 0x11, 0x00, 0x03, 0x00,
  0x1c, 0x00, 0x17, 0x00, 0x27, 0x00, 0x2a, 0x00, 0x36, 0x00, 0x30, 0x00,
  0x49, 0x00, 0x29, 0x00, 0x58, 0x00, 0x1b, 0x00, 0x5e, 0x00, 0x13, 0x00,
  0x5d, 0x00, 0x17, 0x00, 0x5d, 0x00, 0x26, 0x00, 0x5d, 0x00, 0x34, 0x00,
  0x57, 0x00, 0x3a, 0x00, 0x4c, 0x00, 0x3c, 0x00, 0x45, 0x00, 0x49, 0x00,
  0x48, 0x00, 0x5e, 0x00, 0x4c, 0x00, 0x6d, 0x00, 0x4c, 0x00, 0x69, 0x00,
  0x44, 0x00, 0x56, 0x00, 0x34, 0x00, 0x3e, 0x00, 0x21, 0x00, 0x2a, 0x00,
  0x10, 0x00, 0x1d, 0x00, 0x04, 0x00, 0x16, 0x00, 0xfd, 0xff, 0x12, 0x00,
  0xf8, 0xff, 0x0e, 0x00, 0xf2, 0xff, 0x04, 0x00, 0xee, 0xff, 0xf5, 0xff,
  0xee, 0xff, 0xe8, 0xff, 0xef, 0xff, 0xdf, 0xff, 0xe6, 0xff, 0xd5, 0xff,
  0xd4, 0xff, 0xc5, 0xff, 0xc3, 0xff, 0xb2, 0xff, 0xbd, 0xff, 0xa4, 0xff,
  0xc0, 0xff, 0x9e, 0xff, 0xc2, 0xff, 0x9e, 0xff, 0xbe, 0xff, 0x9c, 0xff,
  0xb6, 0xff, 0x97, 0xff, 0xb1, 0xff, 0x95, 0xff, 0xb7, 0xff, 0x9e, 0xff,
  0xc9, 0xff, 0xb1, 0xff, 0xdd, 0xff, 0xc3, 0xff, 0xe8, 0xff, 0xc9, 0xff,
  0xeb, 0xff, 0xc3, 0xff, 0xf1, 0xff, 0xc2, 0xff, 0x00, 0x00, 0xd7, 0xff,
  0x10, 0x00, 0xf9, 0xff, 0x1a, 0x00, 0x16, 0x00, 0x21, 0x00, 0x21, 0x00,
  0x29, 0x00, 0x22, 0x00, 0x2b, 0x00, 0x20, 0x00, 0x1e, 0x00, 0x1a, 0x00,
  0x0a, 0x00, 0x14, 0x00, 0x01, 0x00, 0x17, 0x00, 0x0b, 0x00, 0x25, 0x00,
  0x18, 0x00, 0x34, 0x00, 0x19, 0x00, 0x3b, 0x00, 0x0c, 0x00, 0x39, 0x00,
  0xfd, 0xff, 0x2f, 0x00, 0xf8, 0xff, 0x23, 0x00, 0x01, 0x00, 0x1f, 0x00,
  0x10, 0x00, 0x27, 0x00, 0x16, 0x00, 0x34, 0x00, 0x0a, 0x00, 0x38, 0x00,
  0xf5, 0xff, 0x30, 0x00, 0xe6, 0xff, 0x25, 0x00, 0xe1, 0xff, 0x21, 0x00,
  0xe0, 0xff, 0x20, 0x00, 0xe0, 0xff, 0x1c, 0x00, 0xed, 0xff, 0x19, 0x00,
  0x10, 0x00, 0x1e, 0x00, 0x3a, 0x00, 0x2a, 0x00, 0x50, 0x00, 0x33, 0x00,
  0x4b, 0x00, 0x33, 0x00, 0x39, 0x00, 0x2b, 0x00, 0x2b, 0x00, 0x1e, 0x00,
  0x2a, 0x00, 0x11, 0x00, 0x30, 0x00, 0x0b, 0x00, 0x31, 0x00, 0x0d, 0x00,
  0x24, 0x00, 0x0d, 0x00, 0x0e, 0x00, 0x07, 0x00, 0x01, 0x00, 0xff, 0xff,
  0x05, 0x00, 0xfc, 0xff, 0x11, 0x00, 0x00, 0x00, 0x14, 0x00, 0x04, 0x00,
  0x07, 0x00, 0x01, 0x00, 0xf5, 0xff, 0xfb, 0xff, 0xeb, 0xff, 0xf5, 0xff,
  0xea, 0xff, 0xec, 0xff, 0xec, 0xff, 0xde, 0xff, 0xf2, 0xff, 0xd3, 0xff,
  0xfd, 0xff, 0xd1, 0xff, 0x06, 0x00, 0xd6, 0xff, 0x04, 0x00, 0xdb, 0xff,
  0xf8, 0xff, 0xdb, 0xff, 0xe9, 0xff, 0xd4, 0xff, 0xdb, 0xff, 0xc2, 0xff,
  0xcd, 0xff, 0xac, 0xff, 0xc2, 0xff, 0x9c, 0xff, 0xbf, 0xff, 0x9e, 0xff,
  0xc8, 0xff, 0xb0, 0xff, 0xd5, 0xff, 0xc6, 0xff, 0xe1, 0xff, 0xd2, 0xff,
  0xe8, 0xff, 0xd1, 0xff, 0xf1, 0xff, 0xcb, 0xff, 0xfe, 0xff, 0xce, 0xff,
  0x0d, 0x00, 0xde, 0xff, 0x17, 0x00, 0xf8, 0xff, 0x13, 0x00, 0x0f, 0x00,
  0x02, 0x00, 0x1a, 0x00, 0xf2, 0xff, 0x18, 0x00, 0xf2, 0xff, 0x11, 0x00,
  0x03, 0x00, 0x0f, 0x00, 0x16, 0x00, 0x15, 0x00, 0x1f, 0x00, 0x20, 0x00,
  0x1f, 0x00, 0x2e, 0x00, 0x1d, 0x00, 0x38, 0x00, 0x16, 0x00, 0x38, 0x00,
  0x06, 0x00, 0x2c, 0x00, 0xec, 0xff, 0x1a, 0x00, 0xd2, 0xff, 0x0d, 0x00,
  0xc5, 0xff, 0x06, 0x00, 0xc7, 0xff, 0x03, 0x00, 0xcf, 0xff, 0xff, 0xff,
  0xd5, 0xff, 0xf9, 0xff, 0xd6, 0xff, 0xef, 0xff, 0xce, 0xff, 0xe2, 0xff,
  0xbc, 0xff, 0xd4, 0xff, 0xab, 0xff, 0xc8, 0xff, 0xa4, 0xff, 0xc0, 0xff,
  0xa7, 0xff, 0xba, 0xff, 0xaa, 0xff, 0xb2, 0xff, 0xaa, 0xff, 0xa7, 0xff,
  0xab, 0xff, 0x9f, 0xff, 0xaf, 0xff, 0x9c, 0xff, 0xb5, 0xff, 0x9c, 0xff,
  0xbf, 0xff, 0x9e, 0xff, 0xce, 0xff, 0xa2, 0xff, 0xde, 0xff, 0xab, 0xff,
  0xe7, 0xff, 0xb5, 0xff, 0xe2, 0xff, 0xb7, 0xff, 0xd5, 0xff, 0xb1, 0xff,
  0xc7, 0xff, 0xaf, 0xff, 0xbf, 0xff, 0xba, 0xff, 0xbf, 0xff, 0xc9, 0xff,
  0xcd, 0xff, 0xd7, 0xff, 0xe9, 0xff, 0xe4, 0xff, 0x04, 0x00, 0xf2, 0xff,
  0x0a, 0x00, 0xfc, 0xff, 0x01, 0x00, 0x03, 0x00, 0xfd, 0xff, 0x0f, 0x00,
  0x09, 0x00, 0x20, 0x00, 0x21, 0x00, 0x36, 0x00, 0x37, 0x00, 0x4b, 0x00,
  0x3d, 0x00, 0x57, 0x00, 0x2f, 0x00, 0x54, 0x00, 0x1b, 0x00, 0x45, 0x00,
  0x14, 0x00, 0x37, 0x00, 0x1e, 0x00, 0x32, 0x00, 0x2e, 0x00, 0x31, 0x00,
  0x35, 0x00, 0x2d, 0x00, 0x30, 0x00, 0x23, 0x00, 0x26, 0x00, 0x12, 0x00,
  0x20, 0x00, 0x02, 0x00, 0x22, 0x00, 0xfb, 0xff, 0x2a, 0x00, 0xfb, 0xff,
  0x31, 0x00, 0xfe, 0xff, 0x36, 0x00, 0x05, 0x00, 0x3c, 0x00, 0x10, 0x00,
  0x45, 0x00, 0x1a, 0x00, 0x53, 0x00, 0x1c, 0x00, 0x5f, 0x00, 0x1d, 0x00,
  0x61, 0x00, 0x25, 0x00, 0x58, 0x00, 0x35, 0x00, 0x52, 0x00, 0x42, 0x00,
  0x59, 0x00, 0x45, 0x00, 0x6d, 0x00, 0x45, 0x00, 0x7d, 0x00, 0x49, 0x00,
  0x7d, 0x00, 0x54, 0x00, 0x72, 0x00, 0x61, 0x00, 0x67, 0x00, 0x66, 0x00,
  0x62, 0x00, 0x60, 0x00, 0x5f, 0x00, 0x56, 0x00, 0x55, 0x00, 0x56, 0x00,
  0x40, 0x00, 0x5d, 0x00, 0x1e, 0x00, 0x5b, 0x00, 0xf8, 0xff, 0x47, 0x00,
  0xdc, 0xff, 0x29, 0x00, 0xcb, 0xff, 0x10, 0x00, 0xc3, 0xff, 0x01, 0x00,
  0xc9, 0xff, 0xfb, 0xff, 0xdb, 0xff, 0xf4, 0xff, 0xeb, 0xff, 0xe5, 0xff,
  0xe7, 0xff, 0xd0, 0xff, 0xd2, 0xff, 0xc4, 0xff, 0xc1, 0xff, 0xc8, 0xff,
  0xbc, 0xff, 0xd3, 0xff, 0xbd, 0xff, 0xd7, 0xff, 0xbb, 0xff, 0xd4, 0xff,
  0xb8, 0xff, 0xcf, 0xff, 0xb5, 0xff, 0xcb, 0xff, 0xae, 0xff, 0xc8, 0xff,
  0xa4, 0xff, 0xc6, 0xff, 0xa1, 0xff, 0xcb, 0xff, 0xaf, 0xff, 0xdb, 0xff,
  0xc9, 0xff, 0xf3, 0xff, 0xdf, 0xff, 0x05, 0x00, 0xe8, 0xff, 0x09, 0x00,
  0xe8, 0xff, 0x07, 0x00, 0xec, 0xff, 0x0d, 0x00, 0xfa, 0xff, 0x19, 0x00,
  0x12, 0x00, 0x22, 0x00, 0x2d, 0x00, 0x24, 0x00, 0x3f, 0x00, 0x20, 0x00,
  0x43, 0x00, 0x1b, 0x00, 0x42, 0x00, 0x18, 0x00, 0x42, 0x00, 0x19, 0x00,
  0x44, 0x00, 0x1e, 0x00, 0x43, 0x00, 0x21, 0x00, 0x3b, 0x00, 0x1f, 0x00,
  0x2f, 0x00, 0x1a, 0x00, 0x2a, 0x00, 0x1a, 0x00, 0x2f, 0x00, 0x1c, 0x00,
  0x32, 0x00, 0x19, 0x00, 0x2e, 0x00, 0x07, 0x00, 0x26, 0x00, 0xf1, 0xff,
  0x20, 0x00, 0xe3, 0xff, 0x14, 0x00, 0xdf, 0xff, 0xfe, 0xff, 0xde, 0xff,
  0xe6, 0xff, 0xd8, 0xff, 0xd7, 0xff, 0xd1, 0xff, 0xd3, 0xff, 0xcd, 0xff,
  0xd5, 0xff, 0xcd, 0xff, 0xd5, 0xff, 0xce, 0xff, 0xd5, 0xff, 0xcd, 0xff,
  0xdb, 0xff, 0xc9, 0xff, 0xe8, 0xff, 0xc4, 0xff, 0xf8, 0xff, 0xbd, 0xff,
  0x04, 0x00, 0xb8, 0xff, 0x0a, 0x00, 0xb9, 0xff, 0x09, 0x00, 0xbf, 0xff,
  0x07, 0x00, 0xc9, 0xff, 0x07, 0x00, 0xdd, 0xff, 0x09, 0x00, 0xfa, 0xff,
  0x09, 0x00, 0x0f, 0x00, 0x00, 0x00, 0x0e, 0x00, 0xf2, 0xff, 0x00, 0x00,
  0xe8, 0xff, 0xfa, 0xff, 0xe2, 0xff, 0x01, 0x00, 0xdc, 0xff, 0x0a, 0x00,
  0xd7, 0xff, 0x0a, 0x00, 0xd7, 0xff, 0x04, 0x00, 0xde, 0xff, 0x08, 0x00,
  0xe1, 0xff, 0x19, 0x00, 0xd8, 0xff, 0x2b, 0x00, 0xc8, 0xff, 0x33, 0x00,
  0xc0, 0xff, 0x30, 0x00, 0xc7, 0xff, 0x2c, 0x00, 0xd8, 0xff, 0x2b, 0x00,
  0xe8, 0xff, 0x2a, 0x00, 0xf3, 0xff, 0x24, 0x00, 0xf4, 0xff, 0x14, 0x00,
  0xec, 0xff, 0xfd, 0xff, 0xe7, 0xff, 0xed, 0xff, 0xee, 0xff, 0xf1, 0xff,
  0x02, 0x00, 0x01, 0x00, 0x17, 0x00, 0x0d, 0x00, 0x26, 0x00, 0x0f, 0x00,
  0x2b, 0x00, 0x0e, 0x00, 0x24, 0x00, 0x0e, 0x00, 0x1a, 0x00, 0x0f, 0x00,
  0x1a, 0x00, 0x0f, 0x00, 0x29, 0x00, 0x13, 0x00, 0x40, 0x00, 0x1b, 0x00,
  0x55, 0x00, 0x27, 0x00, 0x5d, 0x00, 0x30, 0x00, 0x5a, 0x00, 0x31, 0x00,
  0x51, 0x00, 0x2f, 0x00, 0x4a, 0x00, 0x35, 0x00, 0x4c, 0x00, 0x47, 0x00,
  0x52, 0x00, 0x5b, 0x00, 0x56, 0x00, 0x63, 0x00, 0x52, 0x00, 0x57, 0x00,
  0x47, 0x00, 0x42, 0x00, 0x3a, 0x00, 0x2f, 0x00, 0x32, 0x00, 0x25, 0x00,
  0x32, 0x00, 0x25, 0x00, 0x35, 0x00, 0x27, 0x00, 0x33, 0x00, 0x20, 0x00,
  0x28, 0x00, 0x0b, 0x00, 0x13, 0x00, 0xef, 0xff, 0xf9, 0xff, 0xd5, 0xff,
  0xe0, 0xff, 0xc2, 0xff, 0xce, 0xff, 0xba, 0xff, 0xcc, 0xff, 0xc4, 0xff,
  0xd9, 0xff, 0xd4, 0xff, 0xe8, 0xff, 0xd7, 0xff, 0xeb, 0xff, 0xc9, 0xff,
  0xe3, 0xff, 0xc3, 0xff, 0xd9, 0xff, 0xd3, 0xff, 0xdb, 0xff, 0xee, 0xff,
  0xee, 0xff, 0x00, 0x00, 0x09, 0x00, 0xfe, 0xff, 0x1e, 0x00, 0xf0, 0xff,
  0x2a, 0x00, 0xee, 0xff, 0x33, 0x00, 0x04, 0x00, 0x3c, 0x00, 0x25, 0x00,
  0x3f, 0x00, 0x35, 0x00, 0x38, 0x00, 0x2d, 0x00, 0x2f, 0x00, 0x21, 0x00,
  0x28, 0x00, 0x25, 0x00, 0x28, 0x00, 0x38, 0x00, 0x2d, 0x00, 0x49, 0x00,
  0x2b, 0x00, 0x48, 0x00, 0x1b, 0x00, 0x39, 0x00, 0x06, 0x00, 0x31, 0x00,
  0xfa, 0xff, 0x39, 0x00, 0xfa, 0xff, 0x42, 0x00, 0xfb, 0xff, 0x3a, 0x00,
  0xf8, 0xff, 0x25, 0x00, 0xf2, 0xff, 0x16, 0x00, 0xf0, 0xff, 0x15, 0x00,
  0xf1, 0xff, 0x18, 0x00, 0xeb, 0xff, 0x11, 0x00, 0xd8, 0xff, 0xfd, 0xff,
  0xbe, 0xff, 0xe8, 0xff, 0xae, 0xff, 0xdf, 0xff, 0xb1, 0xff, 0xde, 0xff,
  0xbc, 0xff, 0xd9, 0xff, 0xc0, 0xff, 0xc6, 0xff, 0xb5, 0xff, 0xb1, 0xff,
  0xa5, 0xff, 0xac, 0xff, 0x9f, 0xff, 0xc0, 0xff, 0xa9, 0xff, 0xd8, 0xff,
  0xbb, 0xff, 0xdd, 0xff, 0xc7, 0xff, 0xcb, 0xff, 0xc7, 0xff, 0xb7, 0xff,
  0xc2, 0xff, 0xb6, 0xff, 0xc5, 0xff, 0xc5, 0xff, 0xd7, 0xff, 0xd4, 0xff,
  0xf6, 0xff, 0xdb, 0xff, 0x12, 0x00, 0xd9, 0xff, 0x1f, 0x00, 0xda, 0xff,
  0x1a, 0x00, 0xe6, 0xff, 0x0c, 0x00, 0xfa, 0xff, 0xff, 0xff, 0x09, 0x00,
  0xff, 0xff, 0x0a, 0x00, 0x0e, 0x00, 0x05, 0x00, 0x1f, 0x00, 0x07, 0x00,
  0x29, 0x00, 0x0b, 0x00, 0x2d, 0x00, 0x07, 0x00, 0x35, 0x00, 0xfa, 0xff,
  0x40, 0x00, 0xec, 0xff, 0x40, 0x00, 0xe4, 0xff, 0x2d, 0x00, 0xe0, 0xff,
  0x15, 0x00, 0xdf, 0xff, 0x08, 0x00, 0xe5, 0xff, 0x05, 0x00, 0xef, 0xff,
  0xf9, 0xff, 0xf2, 0xff, 0xdf, 0xff, 0xec, 0xff, 0xc8, 0xff, 0xe8, 0xff,
  0xc9, 0xff, 0xf0, 0xff, 0xde, 0xff, 0xfd, 0xff, 0xf2, 0xff, 0x04, 0x00,
  0xf6, 0xff, 0x04, 0x00, 0xee, 0xff, 0x02, 0x00, 0xea, 0xff, 0x01, 0x00,
  0xf3, 0xff, 0x00, 0x00, 0x04, 0x00, 0x02, 0x00, 0x0a, 0x00, 0x07, 0x00,
  0xfe, 0xff, 0x09, 0x00, 0xe8, 0xff, 0x02, 0x00, 0xd8, 0xff, 0xf4, 0xff,
  0xd9, 0xff, 0xec, 0xff, 0xe1, 0xff, 0xeb, 0xff, 0xdf, 0xff, 0xe9, 0xff,
  0xd3, 0xff, 0xe4, 0xff, 0xcb, 0xff, 0xe3, 0xff, 0xd0, 0xff, 0xeb, 0xff,
  0xdb, 0xff, 0xf3, 0xff, 0xe3, 0xff, 0xf4, 0xff, 0xe8, 0xff, 0xf0, 0xff,
  0xf0, 0xff, 0xeb, 0xff, 0xf6, 0xff, 0xe4, 0xff, 0xfd, 0xff, 0xe3, 0xff,
  0x04, 0x00, 0xec, 0xff, 0x07, 0x00, 0xf9, 0xff, 0x02, 0x00, 0xfe, 0xff,
  0xfb, 0xff, 0xfb, 0xff, 0xf9, 0xff, 0xfb, 0xff, 0xfa, 0xff, 0x05, 0x00,
  0xf6, 0xff, 0x11, 0x00, 0xea, 0xff, 0x18, 0x00, 0xdf, 0xff, 0x13, 0x00,
  0xe0, 0xff, 0x08, 0x00, 0xed, 0xff, 0x00, 0x00, 0xf8, 0xff, 0xff, 0xff,
  0xfa, 0xff, 0x03, 0x00, 0xf7, 0xff, 0x0c, 0x00, 0xfa, 0xff, 0x19, 0x00,
  0x06, 0x00, 0x20, 0x00, 0x13, 0x00, 0x1f, 0x00, 0x1b, 0x00, 0x1b, 0x00,
  0x1a, 0x00, 0x1a, 0x00, 0x14, 0x00, 0x1e, 0x00, 0x15, 0x00, 0x26, 0x00,
  0x21, 0x00, 0x2d, 0x00, 0x2d, 0x00, 0x2e, 0x00, 0x2c, 0x00, 0x25, 0x00,
  0x21, 0x00, 0x17, 0x00, 0x1a, 0x00, 0x0c, 0x00, 0x1e, 0x00, 0x0a, 0x00,
  0x27, 0x00, 0x0e, 0x00, 0x2c, 0x00, 0x0f, 0x00, 0x27, 0x00, 0x07, 0x00,
  0x19, 0x00, 0xf8, 0xff, 0x0b, 0x00, 0xeb, 0xff, 0x01, 0x00, 0xe8, 0xff,
  0xfc, 0xff, 0xee, 0xff, 0xf9, 0xff, 0xf5, 0xff, 0xf4, 0xff, 0xf7, 0xff,
  0xeb, 0xff, 0xf0, 0xff, 0xdd, 0xff, 0xe0, 0xff, 0xce, 0xff, 0xcd, 0xff,
  0xc3, 0xff, 0xbc, 0xff, 0xc1, 0xff, 0xb3, 0xff, 0xc9, 0xff, 0xb4, 0xff,
  0xd5, 0xff, 0xbf, 0xff, 0xdc, 0xff, 0xcc, 0xff, 0xda, 0xff, 0xd8, 0xff,
  0xd8, 0xff, 0xe3, 0xff, 0xe0, 0xff, 0xf1, 0xff, 0xf4, 0xff, 0x04, 0x00,
  0x08, 0x00, 0x16, 0x00, 0x09, 0x00, 0x1d, 0x00, 0xfd, 0xff, 0x16, 0x00,
  0xf4, 0xff, 0x09, 0x00, 0xfa, 0xff, 0x07, 0x00, 0x09, 0x00, 0x10, 0x00,
  0x19, 0x00, 0x1e, 0x00, 0x24, 0x00, 0x2b, 0x00, 0x29, 0x00, 0x34, 0x00,
  0x2a, 0x00, 0x39, 0x00, 0x2f, 0x00, 0x38, 0x00, 0x3b, 0x00, 0x37, 0x00,
  0x46, 0x00, 0x3c, 0x00, 0x48, 0x00, 0x43, 0x00, 0x42, 0x00, 0x41, 0x00,
  0x39, 0x00, 0x31, 0x00, 0x2e, 0x00, 0x1e, 0x00, 0x22, 0x00, 0x16, 0x00,
  0x15, 0x00, 0x1a, 0x00, 0x0d, 0x00, 0x1c, 0x00, 0x0b, 0x00, 0x11, 0x00,
  0x0a, 0x00, 0xfa, 0xff, 0x03, 0x00, 0xdf, 0xff, 0xf3, 0xff, 0xc9, 0xff,
  0xe3, 0xff, 0xbf, 0xff, 0xdb, 0xff, 0xba, 0xff, 0xdb, 0xff, 0xb1, 0xff,
  0xdc, 0xff, 0xa5, 0xff, 0xd2, 0xff, 0xa2, 0xff, 0xba, 0xff, 0xaf, 0xff,
  0x9f, 0xff, 0xc4, 0xff, 0x93, 0xff, 0xd0, 0xff, 0x95, 0xff, 0xcc, 0xff,
  0x9a, 0xff, 0xc2, 0xff, 0x9a, 0xff, 0xbf, 0xff, 0x99, 0xff, 0xc6, 0xff,
  0xa0, 0xff, 0xca, 0xff, 0xad, 0xff, 0xc7, 0xff, 0xbd, 0xff, 0xc5, 0xff,
  0xcf, 0xff, 0xca, 0xff, 0xe2, 0xff, 0xd7, 0xff, 0xf3, 0xff, 0xe8, 0xff,
  0xfa, 0xff, 0xfb, 0xff, 0xf8, 0xff, 0x06, 0x00, 0xf3, 0xff, 0x06, 0x00,
  0xf7, 0xff, 0x03, 0x00, 0x07, 0x00, 0x03, 0x00, 0x1a, 0x00, 0x01, 0x00,
  0x24, 0x00, 0xfb, 0xff, 0x22, 0x00, 0xf8, 0xff, 0x1f, 0x00, 0xfc, 0xff,
  0x28, 0x00, 0x06, 0x00, 0x40, 0x00, 0x10, 0x00, 0x56, 0x00, 0x16, 0x00,
  0x57, 0x00, 0x16, 0x00, 0x46, 0x00, 0x10, 0x00, 0x38, 0x00, 0x09, 0x00,
  0x3b, 0x00, 0x07, 0x00, 0x4b, 0x00, 0x0d, 0x00, 0x59, 0x00, 0x18, 0x00,
  0x5c, 0x00, 0x22, 0x00, 0x55, 0x00, 0x25, 0x00, 0x46, 0x00, 0x24, 0x00,
  0x36, 0x00, 0x27, 0x00, 0x2e, 0x00, 0x2e, 0x00, 0x33, 0x00, 0x34, 0x00,
  0x3b, 0x00, 0x32, 0x00, 0x35, 0x00, 0x27, 0x00, 0x22, 0x00, 0x1b, 0x00,
  0x13, 0x00, 0x1a, 0x00, 0x0d, 0x00, 0x23, 0x00, 0x0b, 0x00, 0x2b, 0x00,
  0x09, 0x00, 0x2e, 0x00, 0x08, 0x00, 0x2f, 0x00, 0x03, 0x00, 0x33, 0x00,
  0xf8, 0xff, 0x3d, 0x00, 0xf3, 0xff, 0x47, 0x00, 0xff, 0xff, 0x49, 0x00,
  0x0d, 0x00, 0x3f, 0x00, 0x0a, 0x00, 0x2c, 0x00, 0xfa, 0xff, 0x19, 0x00,
  0xee, 0xff, 0x0c, 0x00, 0xef, 0xff, 0x05, 0x00, 0xf2, 0xff, 0xfd, 0xff,
  0xf0, 0xff, 0xf2, 0xff, 0xea, 0xff, 0xe4, 0xff, 0xe3, 0xff, 0xd9, 0xff,
  0xdb, 0xff, 0xd5, 0xff, 0xd6, 0xff, 0xd5, 0xff, 0xd5, 0xff, 0xd5, 0xff,
  0xd9, 0xff, 0xd5, 0xff, 0xda, 0xff, 0xd6, 0xff, 0xd6, 0xff, 0xd5, 0xff,
  0xda, 0xff, 0xd5, 0xff, 0xf1, 0xff, 0xe0, 0xff, 0x10, 0x00, 0xf3, 0xff,
  0x21, 0x00, 0x01, 0x00, 0x1f, 0x00, 0x02, 0x00, 0x17, 0x00, 0xfe, 0xff,
  0x15, 0x00, 0xfc, 0xff, 0x16, 0x00, 0xfb, 0xff, 0x13, 0x00, 0xf6, 0xff,
  0x0e, 0x00, 0xf1, 0xff, 0x0c, 0x00, 0xf3, 0xff, 0x0e, 0x00, 0xfd, 0xff,
  0x15, 0x00, 0x0b, 0x00, 0x20, 0x00, 0x17, 0x00, 0x23, 0x00, 0x1d, 0x00,
  0x17, 0x00, 0x1b, 0x00, 0x07, 0x00, 0x17, 0x00, 0x08, 0x00, 0x19, 0x00,
  0x18, 0x00, 0x22, 0x00, 0x1f, 0x00, 0x26, 0x00, 0x15, 0x00, 0x1f, 0x00,
  0x09, 0x00, 0x12, 0x00, 0x0b, 0x00, 0x07, 0x00, 0x16, 0x00, 0x06, 0x00,
  0x1b, 0x00, 0x0d, 0x00, 0x16, 0x00, 0x11, 0x00, 0x09, 0x00, 0x0d, 0x00,
  0xfd, 0xff, 0x04, 0x00, 0xf9, 0xff, 0xfe, 0xff, 0xfa, 0xff, 0xfb, 0xff,
  0xf7, 0xff, 0xf9, 0xff, 0xf0, 0xff, 0xfb, 0xff, 0xed, 0xff, 0x02, 0x00,
  0xf7, 0xff, 0x08, 0x00, 0x0a, 0x00, 0x0a, 0x00, 0x1c, 0x00, 0x07, 0x00,
  0x22, 0x00, 0x02, 0x00, 0x1b, 0x00, 0xfd, 0xff, 0x14, 0x00, 0x01, 0x00,
  0x17, 0x00, 0x0e, 0x00, 0x18, 0x00, 0x1d, 0x00, 0x0d, 0x00, 0x20, 0x00,
  0xfd, 0xff, 0x1b, 0x00, 0xf5, 0xff, 0x19, 0x00, 0xf8, 0xff, 0x20, 0x00,
  0x01, 0x00, 0x2d, 0x00, 0x0e, 0x00, 0x38, 0x00, 0x18, 0x00, 0x32, 0x00,
  0x16, 0x00, 0x1a, 0x00, 0x09, 0x00, 0x02, 0x00, 0xff, 0xff, 0xf8, 0xff,
  0x01, 0x00, 0xf9, 0xff, 0x02, 0x00, 0xf4, 0xff, 0xf8, 0xff, 0xe5, 0xff,
  0xe6, 0xff, 0xd2, 0xff, 0xd6, 0xff, 0xc7, 0xff, 0xd0, 0xff, 0xc6, 0xff,
  0xd2, 0xff, 0xc8, 0xff, 0xda, 0xff, 0xcb, 0xff, 0xe2, 0xff, 0xd4, 0xff,
  0xe2, 0xff, 0xe4, 0xff, 0xd8, 0xff, 0xf1, 0xff, 0xce, 0xff, 0xf3, 0xff,
  0xd5, 0xff, 0xf0, 0xff, 0xec, 0xff, 0xf3, 0xff, 0xff, 0xff, 0xfd, 0xff,
  0xff, 0xff, 0x02, 0x00, 0xf3, 0xff, 0xff, 0xff, 0xea, 0xff, 0xf5, 0xff,
  0xe9, 0xff, 0xea, 0xff, 0xe9, 0xff, 0xe8, 0xff, 0xe4, 0xff, 0xf9, 0xff,
  0xe2, 0xff, 0x17, 0x00, 0xea, 0xff, 0x2a, 0x00, 0xf5, 0xff, 0x24, 0x00,
  0xfe, 0xff, 0x13, 0x00, 0x08, 0x00, 0x12, 0x00, 0x13, 0x00, 0x1f, 0x00,
  0x1c, 0x00, 0x21, 0x00, 0x21, 0x00, 0x0e, 0x00, 0x2b, 0x00, 0xfa, 0xff,
  0x31, 0x00, 0xf4, 0xff, 0x25, 0x00, 0xfb, 0xff, 0x08, 0x00, 0xff, 0xff,
  0xf4, 0xff, 0xff, 0xff, 0xfa, 0xff, 0x01, 0x00, 0x11, 0x00, 0x0a, 0x00,
  0x22, 0x00, 0x14, 0x00, 0x23, 0x00, 0x16, 0x00, 0x1a, 0x00, 0x09, 0x00,
  0x11, 0x00, 0xf3, 0xff, 0x0b, 0x00, 0xe1, 0xff, 0x08, 0x00, 0xdc, 0xff,
  0x06, 0x00, 0xdf, 0xff, 0x02, 0x00, 0xdf, 0xff, 0xf9, 0xff, 0xd2, 0xff,
  0xee, 0xff, 0xc5, 0xff, 0xe9, 0xff, 0xc4, 0xff, 0xec, 0xff, 0xce, 0xff,
  0xef, 0xff, 0xcf, 0xff, 0xec, 0xff, 0xbe, 0xff, 0xe9, 0xff, 0xad, 0xff,
  0xea, 0xff, 0xad, 0xff, 0xea, 0xff, 0xb9, 0xff, 0xe0, 0xff, 0xc0, 0xff,
  0xd3, 0xff, 0xbe, 0xff, 0xc8, 0xff, 0xba, 0xff, 0xc0, 0xff, 0xbd, 0xff,
  0xb8, 0xff, 0xc8, 0xff, 0xb7, 0xff, 0xd7, 0xff, 0xc5, 0xff, 0xe4, 0xff,
  0xdc, 0xff, 0xe9, 0xff, 0xe7, 0xff, 0xe7, 0xff, 0xde, 0xff, 0xe5, 0xff,
  0xc9, 0xff, 0xe7, 0xff, 0xb2, 0xff, 0xe9, 0xff, 0x9e, 0xff, 0xe7, 0xff,
  0x94, 0xff, 0xe6, 0xff, 0x9a, 0xff, 0xef, 0xff, 0xa8, 0xff, 0xfd, 0xff,
  0xb0, 0xff, 0x07, 0x00, 0xb2, 0xff, 0x0c, 0x00, 0xbb, 0xff, 0x11, 0x00,
  0xce, 0xff, 0x1a, 0x00, 0xe6, 0xff, 0x22, 0x00, 0xfa, 0xff, 0x25, 0x00,
  0x07, 0x00, 0x25, 0x00, 0x09, 0x00, 0x24, 0x00, 0x01, 0x00, 0x25, 0x00,
  0xf8, 0xff, 0x2f, 0x00, 0xfa, 0xff, 0x3c, 0x00, 0x0c, 0x00, 0x44, 0x00,
  0x27, 0x00, 0x43, 0x00, 0x3d, 0x00, 0x40, 0x00, 0x47, 0x00, 0x45, 0x00,
  0x45, 0x00, 0x4d, 0x00, 0x40, 0x00, 0x4c, 0x00, 0x40, 0x00, 0x3e, 0x00,
  0x4c, 0x00, 0x2c, 0x00, 0x62, 0x00, 0x24, 0x00, 0x75, 0x00, 0x26, 0x00,
  0x7a, 0x00, 0x28, 0x00, 0x74, 0x00, 0x27, 0x00, 0x71, 0x00, 0x24, 0x00,
  0x71, 0x00, 0x22, 0x00, 0x68, 0x00, 0x20, 0x00, 0x57, 0x00, 0x1f, 0x00,
  0x4b, 0x00, 0x1e, 0x00, 0x48, 0x00, 0x16, 0x00, 0x46, 0x00, 0x0d, 0x00,
  0x3b, 0x00, 0x0b, 0x00, 0x2a, 0x00, 0x10, 0x00, 0x1d, 0x00, 0x12, 0x00,
  0x1c, 0x00, 0x0a, 0x00, 0x26, 0x00, 0xff, 0xff, 0x2f, 0x00, 0xfa, 0xff,
  0x24, 0x00, 0xfa, 0xff, 0x06, 0x00, 0xf8, 0xff, 0xe7, 0xff, 0xee, 0xff,
  0xd9, 0xff, 0xdd, 0xff, 0xd6, 0xff, 0xcc, 0xff, 0xd0, 0xff, 0xc2, 0xff,
  0xc0, 0xff, 0xc3, 0xff, 0xb2, 0xff, 0xcd, 0xff, 0xb0, 0xff, 0xd4, 0xff,
  0xb6, 0xff, 0xd3, 0xff, 0xbb, 0xff, 0xd1, 0xff, 0xba, 0xff, 0xd7, 0xff,
  0xb4, 0xff, 0xe2, 0xff, 0xb1, 0xff, 0xe8, 0xff, 0xb9, 0xff, 0xe8, 0xff,
  0xc9, 0xff, 0xe8, 0xff, 0xda, 0xff, 0xed, 0xff, 0xe3, 0xff, 0xf3, 0xff,
  0xe5, 0xff, 0xfa, 0xff, 0xe5, 0xff, 0x01, 0x00, 0xe7, 0xff, 0x07, 0x00,
  0xe9, 0xff, 0x08, 0x00, 0xee, 0xff, 0x05, 0x00, 0xf6, 0xff, 0x06, 0x00,
  0xfd, 0xff, 0x10, 0x00, 0x00, 0x00, 0x1e, 0x00, 0x00, 0x00, 0x27, 0x00,
  0x05, 0x00, 0x29, 0x00, 0x1a, 0x00, 0x27, 0x00, 0x37, 0x00, 0x28, 0x00,
  0x49, 0x00, 0x2b, 0x00, 0x4a, 0x00, 0x30, 0x00, 0x40, 0x00, 0x36, 0x00,
  0x35, 0x00, 0x39, 0x00, 0x2a, 0x00, 0x36, 0x00, 0x1e, 0x00, 0x2d, 0x00,
  0x16, 0x00, 0x26, 0x00, 0x18, 0x00, 0x22, 0x00, 0x24, 0x00, 0x21, 0x00,
  0x2f, 0x00, 0x22, 0x00, 0x32, 0x00, 0x24, 0x00, 0x2e, 0x00, 0x25, 0x00,
  0x27, 0x00, 0x22, 0x00, 0x23, 0x00, 0x16, 0x00, 0x22, 0x00, 0x07, 0x00,
  0x1d, 0x00, 0xfd, 0xff, 0x10, 0x00, 0xfb, 0xff, 0xfc, 0xff, 0xfd, 0xff,
  0xeb, 0xff, 0xfe, 0xff, 0xe5, 0xff, 0xf9, 0xff, 0xe5, 0xff, 0xec, 0xff,
  0xe2, 0xff, 0xe0, 0xff, 0xde, 0xff, 0xda, 0xff, 0xdd, 0xff, 0xdc, 0xff,
  0xdc, 0xff, 0xdb, 0xff, 0xd7, 0xff, 0xd5, 0xff, 0xcb, 0xff, 0xcd, 0xff,
  0xbd, 0xff, 0xc8, 0xff, 0xb4, 0xff, 0xc5, 0xff, 0xb5, 0xff, 0xc9, 0xff,
  0xbf, 0xff, 0xd2, 0xff, 0xca, 0xff, 0xdc, 0xff, 0xd0, 0xff, 0xe6, 0xff,
  0xd2, 0xff, 0xf0, 0xff, 0xd2, 0xff, 0xf7, 0xff, 0xcf, 0xff, 0xf6, 0xff,
  0xcf, 0xff, 0xed, 0xff, 0xd4, 0xff, 0xe4, 0xff, 0xdf, 0xff, 0xe2, 0xff,
  0xea, 0xff, 0xec, 0xff, 0xf4, 0xff, 0xfb, 0xff, 0xfd, 0xff, 0x06, 0x00,
  0x08, 0x00, 0x05, 0x00, 0x1c, 0x00, 0xfe, 0xff, 0x3a, 0x00, 0xfd, 0xff,
  0x55, 0x00, 0x05, 0x00, 0x60, 0x00, 0x0f, 0x00, 0x56, 0x00, 0x16, 0x00,
  0x43, 0x00, 0x1b, 0x00, 0x33, 0x00, 0x18, 0x00, 0x2c, 0x00, 0x0f, 0x00,
  0x30, 0x00, 0x08, 0x00, 0x37, 0x00, 0x0d, 0x00, 0x3a, 0x00, 0x19, 0x00,
  0x3a, 0x00, 0x23, 0x00, 0x38, 0x00, 0x24, 0x00, 0x38, 0x00, 0x22, 0x00,
  0x38, 0x00, 0x21, 0x00, 0x35, 0x00, 0x21, 0x00, 0x2c, 0x00, 0x1c, 0x00,
  0x1d, 0x00, 0x14, 0x00, 0x0a, 0x00, 0x0d, 0x00, 0xf7, 0xff, 0x0a, 0x00,
  0xe9, 0xff, 0x09, 0x00, 0xe2, 0xff, 0x09, 0x00, 0xe3, 0xff, 0x0a, 0x00,
  0xe6, 0xff, 0x09, 0x00, 0xe4, 0xff, 0x04, 0x00, 0xda, 0xff, 0xfc, 0xff,
  0xcd, 0xff, 0xf6, 0xff, 0xc6, 0xff, 0xf2, 0xff, 0xc5, 0xff, 0xec, 0xff,
  0xbf, 0xff, 0xe5, 0xff, 0xb2, 0xff, 0xe3, 0xff, 0xa7, 0xff, 0xe6, 0xff,
  0xa6, 0xff, 0xe9, 0xff, 0xb2, 0xff, 0xe6, 0xff, 0xc5, 0xff, 0xe6, 0xff,
  0xd8, 0xff, 0xf1, 0xff, 0xe0, 0xff, 0x01, 0x00, 0xda, 0xff, 0x05, 0x00,
  0xd0, 0xff, 0xfc, 0xff, 0xd2, 0xff, 0xf3, 0xff, 0xe5, 0xff, 0xf3, 0xff,
  0x00, 0x00, 0xfa, 0xff, 0x17, 0x00, 0x04, 0x00, 0x24, 0x00, 0x0c, 0x00,
  0x27, 0x00, 0x0d, 0x00, 0x23, 0x00, 0x01, 0x00, 0x20, 0x00, 0xef, 0xff,
  0x24, 0x00, 0xe5, 0xff, 0x29, 0x00, 0xe8, 0xff, 0x26, 0x00, 0xf5, 0xff,
  0x18, 0x00, 0x01, 0x00, 0x0a, 0x00, 0x0a, 0x00, 0x04, 0x00, 0x0b, 0x00,
  0x08, 0x00, 0xfd, 0xff, 0x0e, 0x00, 0xe7, 0xff, 0x10, 0x00, 0xd9, 0xff,
  0x0f, 0x00, 0xdf, 0xff, 0x0a, 0x00, 0xf4, 0xff, 0x03, 0x00, 0x09, 0x00,
  0xfb, 0xff, 0x12, 0x00, 0xf4, 0xff, 0x0f, 0x00, 0xf0, 0xff, 0x08, 0x00,
  0xf4, 0xff, 0x05, 0x00, 0xfa, 0xff, 0x08, 0x00, 0xfd, 0xff, 0x0a, 0x00,
  0xfb, 0xff, 0x03, 0x00, 0xfb, 0xff, 0xf7, 0xff, 0xfe, 0xff, 0xf1, 0xff,
  0xfe, 0xff, 0xf3, 0xff, 0xf6, 0xff, 0xf6, 0xff, 0xed, 0xff, 0xf5, 0xff,
  0xea, 0xff, 0xf0, 0xff, 0xf1, 0xff, 0xf1, 0xff, 0x01, 0x00, 0xfb, 0xff,
  0x0e, 0x00, 0x08, 0x00, 0x14, 0x00, 0x0e, 0x00, 0x16, 0x00, 0x0d, 0x00,
  0x19, 0x00, 0x09, 0x00, 0x19, 0x00, 0x0a, 0x00, 0x0f, 0x00, 0x10, 0x00,
  0x03, 0x00, 0x1a, 0x00, 0xfb, 0xff, 0x21, 0x00, 0xfa, 0xff, 0x1d, 0x00,
  0xfb, 0xff, 0x0f, 0x00, 0xfc, 0xff, 0x00, 0x00, 0xfe, 0xff, 0xf5, 0xff,
  0x04, 0x00, 0xf2, 0xff, 0x0e, 0x00, 0xfb, 0xff, 0x19, 0x00, 0x0e, 0x00,
  0x19, 0x00, 0x1d, 0x00, 0x0a, 0x00, 0x1b, 0x00, 0xf2, 0xff, 0x08, 0x00,
  0xe0, 0xff, 0xf7, 0xff, 0xdc, 0xff, 0xf4, 0xff, 0xe0, 0xff, 0xf7, 0xff,
  0xe2, 0xff, 0xf0, 0xff, 0xdf, 0xff, 0xdc, 0xff, 0xd9, 0xff, 0xc5, 0xff,
  0xd4, 0xff, 0xb7, 0xff, 0xd2, 0xff, 0xb8, 0xff, 0xd5, 0xff, 0xc6, 0xff,
  0xdd, 0xff, 0xdc, 0xff, 0xe6, 0xff, 0xf1, 0xff, 0xee, 0xff, 0x01, 0x00,
  0xf5, 0xff, 0x0d, 0x00, 0xfb, 0xff, 0x10, 0x00, 0xfb, 0xff, 0x05, 0x00,
  0xf4, 0xff, 0xee, 0xff, 0xef, 0xff, 0xdd, 0xff, 0xf3, 0xff, 0xe1, 0xff,
  0xfc, 0xff, 0xf3, 0xff, 0xfe, 0xff, 0x03, 0x00, 0xf3, 0xff, 0x0a, 0x00,
  0xe1, 0xff, 0x0b, 0x00, 0xd7, 0xff, 0x11, 0x00, 0xdf, 0xff, 0x19, 0x00,
  0xf2, 0xff, 0x15, 0x00, 0x03, 0x00, 0x04, 0x00, 0x09, 0x00, 0xf3, 0xff,
  0x06, 0x00, 0xf0, 0xff, 0x01, 0x00, 0xf8, 0xff, 0x00, 0x00, 0x02, 0x00,
  0x02, 0x00, 0x07, 0x00, 0x04, 0x00, 0x0c, 0x00, 0x08, 0x00, 0x12, 0x00,
  0x11, 0x00, 0x1b, 0x00, 0x23, 0x00, 0x26, 0x00, 0x33, 0x00, 0x2b, 0x00,
  0x36, 0x00, 0x24, 0x00, 0x2e, 0x00, 0x0f, 0x00, 0x27, 0x00, 0xf9, 0xff,
  0x29, 0x00, 0xed, 0xff, 0x2c, 0x00, 0xec, 0xff, 0x24, 0x00, 0xf5, 0xff,
  0x13, 0x00, 0x03, 0x00, 0x01, 0x00, 0x15, 0x00, 0xf9, 0xff, 0x24, 0x00,
  0xfd, 0xff, 0x2b, 0x00, 0x06, 0x00, 0x29, 0x00, 0x0b, 0x00, 0x22, 0x00,
  0x05, 0x00, 0x1b, 0x00, 0xfc, 0xff, 0x17, 0x00, 0xfb, 0xff, 0x15, 0x00,
  0x05, 0x00, 0x10, 0x00, 0x0f, 0x00, 0x09, 0x00, 0x11, 0x00, 0x04, 0x00,
  0x10, 0x00, 0x04, 0x00, 0x13, 0x00, 0x0c, 0x00, 0x1a, 0x00, 0x1c, 0x00,
  0x1e, 0x00, 0x2c, 0x00, 0x1c, 0x00, 0x2e, 0x00, 0x14, 0x00, 0x18, 0x00,
  0x07, 0x00, 0xf2, 0xff, 0xf9, 0xff, 0xd6, 0xff, 0xf0, 0xff, 0xd3, 0xff,
  0xef, 0xff, 0xe0, 0xff, 0xf4, 0xff, 0xec, 0xff, 0xf7, 0xff, 0xec, 0xff,
  0xf4, 0xff, 0xe3, 0xff, 0xec, 0xff, 0xdb, 0xff, 0xe7, 0xff, 0xda, 0xff,
  0xe6, 0xff, 0xe1, 0xff, 0xe6, 0xff, 0xea, 0xff, 0xe2, 0xff, 0xf0, 0xff,
  0xd9, 0xff, 0xf2, 0xff, 0xd4, 0xff, 0xf2, 0xff, 0xd5, 0xff, 0xf3, 0xff,
  0xdc, 0xff, 0xf4, 0xff, 0xe4, 0xff, 0xf4, 0xff, 0xec, 0xff, 0xf5, 0xff,
  0xf9, 0xff, 0xf9, 0xff, 0x0c, 0x00, 0xff, 0xff, 0x21, 0x00, 0x01, 0x00,
  0x2f, 0x00, 0xfb, 0xff, 0x2e, 0x00, 0xef, 0xff, 0x22, 0x00, 0xe7, 0xff,
  0x1d, 0x00, 0xef, 0xff, 0x27, 0x00, 0x01, 0x00, 0x39, 0x00, 0x12, 0x00,
  0x41, 0x00, 0x19, 0x00, 0x36, 0x00, 0x1f, 0x00, 0x1b, 0x00, 0x29, 0x00,
  0xfb, 0xff, 0x2f, 0x00, 0xe7, 0xff, 0x2d, 0x00, 0xe5, 0xff, 0x29, 0x00,
  0xf3, 0xff, 0x29, 0x00, 0x03, 0x00, 0x28, 0x00, 0x0d, 0x00, 0x21, 0x00,
  0x0e, 0x00, 0x19, 0x00, 0x07, 0x00, 0x18, 0x00, 0x03, 0x00, 0x1c, 0x00,
  0x0c, 0x00, 0x1e, 0x00, 0x24, 0x00, 0x18, 0x00, 0x38, 0x00, 0x0b, 0x00,
  0x37, 0x00, 0xfb, 0xff, 0x20, 0x00, 0xef, 0xff, 0xff, 0xff, 0xe7, 0xff,
  0xe4, 0xff, 0xde, 0xff, 0xda, 0xff, 0xd5, 0xff, 0xe3, 0xff, 0xd3, 0xff,
  0xf1, 0xff, 0xdf, 0xff, 0xf5, 0xff, 0xf8, 0xff, 0xef, 0xff, 0x0e, 0x00,
  0xed, 0xff, 0x11, 0x00, 0xfa, 0xff, 0xfe, 0xff, 0x0d, 0x00, 0xe5, 0xff,
  0x18, 0x00, 0xdc, 0xff, 0x18, 0x00, 0xe6, 0xff, 0x11, 0x00, 0xf7, 0xff,
  0x07, 0x00, 0x01, 0x00, 0xfc, 0xff, 0x09, 0x00, 0xf0, 0xff, 0x18, 0x00,
  0xe6, 0xff, 0x28, 0x00, 0xe4, 0xff, 0x30, 0x00, 0xf0, 0xff, 0x2c, 0x00,
  0x04, 0x00, 0x26, 0x00, 0x14, 0x00, 0x23, 0x00, 0x17, 0x00, 0x23, 0x00,
  0x11, 0x00, 0x20, 0x00, 0x09, 0x00, 0x14, 0x00, 0x04, 0x00, 0x00, 0x00,
  0x02, 0x00, 0xf2, 0xff, 0xfd, 0xff, 0xf8, 0xff, 0xf3, 0xff, 0x0f, 0x00,
  0xef, 0xff, 0x25, 0x00, 0xf9, 0xff, 0x2d, 0x00, 0x07, 0x00, 0x24, 0x00,
  0x0a, 0x00, 0x14, 0x00, 0xff, 0xff, 0x09, 0x00, 0xf7, 0xff, 0x08, 0x00,
  0xfe, 0xff, 0x0f, 0x00, 0x0c, 0x00, 0x14, 0x00, 0x15, 0x00, 0x12, 0x00,
  0x16, 0x00, 0x0f, 0x00, 0x16, 0x00, 0x0f, 0x00, 0x19, 0x00, 0x0e, 0x00,
  0x20, 0x00, 0x07, 0x00, 0x2c, 0x00, 0x00, 0x00, 0x34, 0x00, 0x00, 0x00,
  0x31, 0x00, 0x02, 0x00, 0x1f, 0x00, 0xff, 0xff, 0x09, 0x00, 0xf5, 0xff,
  0xf7, 0xff, 0xef, 0xff, 0xea, 0xff, 0xf4, 0xff, 0xe2, 0xff, 0x03, 0x00,
  0xe1, 0xff, 0x13, 0x00, 0xe6, 0xff, 0x1b, 0x00, 0xee, 0xff, 0x1a, 0x00,
  0xf7, 0xff, 0x15, 0x00, 0x01, 0x00, 0x0f, 0x00, 0x07, 0x00, 0x09, 0x00,
  0x07, 0x00, 0x04, 0x00, 0x05, 0x00, 0x03, 0x00, 0x07, 0x00, 0x02, 0x00,
  0x0d, 0x00, 0x00, 0x00, 0x13, 0x00, 0xfd, 0xff, 0x15, 0x00, 0xfb, 0xff,
  0x0c, 0x00, 0xf6, 0xff, 0xfb, 0xff, 0xe8, 0xff, 0xe6, 0xff, 0xd4, 0xff,
  0xd6, 0xff, 0xc1, 0xff, 0xd5, 0xff, 0xb5, 0xff, 0xe2, 0xff, 0xae, 0xff,
  0xf3, 0xff, 0xb1, 0xff, 0xfe, 0xff, 0xbc, 0xff, 0xfc, 0xff, 0xc5, 0xff,
  0xf0, 0xff, 0xc5, 0xff, 0xe9, 0xff, 0xbe, 0xff, 0xed, 0xff, 0xba, 0xff,
  0xf8, 0xff, 0xbe, 0xff, 0xff, 0xff, 0xc7, 0xff, 0xff, 0xff, 0xd0, 0xff,
  0xf9, 0xff, 0xd8, 0xff, 0xf4, 0xff, 0xe0, 0xff, 0xf6, 0xff, 0xec, 0xff,
  0x00, 0x00, 0xfb, 0xff, 0x0d, 0x00, 0x0d, 0x00, 0x15, 0x00, 0x1d, 0x00,
  0x18, 0x00, 0x29, 0x00, 0x1a, 0x00, 0x33, 0x00, 0x1d, 0x00, 0x34, 0x00,
  0x1c, 0x00, 0x2a, 0x00, 0x18, 0x00, 0x19, 0x00, 0x14, 0x00, 0x10, 0x00,
  0x11, 0x00, 0x15, 0x00, 0x0d, 0x00, 0x26, 0x00, 0x09, 0x00, 0x39, 0x00,
  0x03, 0x00, 0x43, 0x00, 0xf5, 0xff, 0x40, 0x00, 0xe3, 0xff, 0x32, 0x00,
  0xd7, 0xff, 0x28, 0x00, 0xd7, 0xff, 0x2a, 0x00, 0xdf, 0xff, 0x35, 0x00,
  0xe6, 0xff, 0x3b, 0x00, 0xea, 0xff, 0x34, 0x00, 0xec, 0xff, 0x25, 0x00,
  0xeb, 0xff, 0x15, 0x00, 0xe4, 0xff, 0x0d, 0x00, 0xd8, 0xff, 0x0b, 0x00,
  0xce, 0xff, 0x0a, 0x00, 0xc9, 0xff, 0x05, 0x00, 0xc7, 0xff, 0xf9, 0xff,
  0xc3, 0xff, 0xea, 0xff, 0xba, 0xff, 0xdb, 0xff, 0xb2, 0xff, 0xd0, 0xff,
  0xae, 0xff, 0xca, 0xff, 0xae, 0xff, 0xc7, 0xff, 0xac, 0xff, 0xc4, 0xff,
  0xa8, 0xff, 0xbf, 0xff, 0xa7, 0xff, 0xbe, 0xff, 0xb0, 0xff, 0xc1, 0xff,
  0xc2, 0xff, 0xc4, 0xff, 0xd4, 0xff, 0xc2, 0xff, 0xe5, 0xff, 0xbe, 0xff,
  0xf3, 0xff, 0xb8, 0xff, 0xff, 0xff, 0xb4, 0xff, 0x09, 0x00, 0xb5, 0xff,
  0x13, 0x00, 0xbc, 0xff, 0x1a, 0x00, 0xc5, 0xff, 0x20, 0x00, 0xcb, 0xff,
  0x26, 0x00, 0xcf, 0xff, 0x2d, 0x00, 0xd4, 0xff, 0x31, 0x00, 0xd6, 0xff,
  0x31, 0x00, 0xd5, 0xff, 0x31, 0x00, 0xd4, 0xff, 0x35, 0x00, 0xda, 0xff,
  0x3a, 0x00, 0xe7, 0xff, 0x38, 0x00, 0xf8, 0xff, 0x2e, 0x00, 0x08, 0x00,
  0x23, 0x00, 0x18, 0x00, 0x21, 0x00, 0x27, 0x00, 0x28, 0x00, 0x31, 0x00,
  0x32, 0x00, 0x37, 0x00, 0x35, 0x00, 0x39, 0x00, 0x2f, 0x00, 0x38, 0x00,
  0x28, 0x00, 0x38, 0x00, 0x28, 0x00, 0x3c, 0x00, 0x2f, 0x00, 0x45, 0x00,
  0x34, 0x00, 0x4e, 0x00, 0x34, 0x00, 0x52, 0x00, 0x31, 0x00, 0x51, 0x00,
  0x2e, 0x00, 0x4e, 0x00, 0x29, 0x00, 0x4c, 0x00, 0x21, 0x00, 0x4d, 0x00,
  0x17, 0x00, 0x4e, 0x00, 0x0e, 0x00, 0x4e, 0x00, 0x09, 0x00, 0x49, 0x00,
  0x08, 0x00, 0x40, 0x00, 0x06, 0x00, 0x35, 0x00, 0xff, 0xff, 0x2c, 0x00,
  0xf2, 0xff, 0x29, 0x00, 0xe9, 0xff, 0x2b, 0x00, 0xe7, 0xff, 0x2d, 0x00,
  0xe9, 0xff, 0x27, 0x00, 0xe8, 0xff, 0x1b, 0x00, 0xe5, 0xff, 0x10, 0x00,
  0xe2, 0xff, 0x09, 0x00, 0xe3, 0xff, 0x03, 0x00, 0xe5, 0xff, 0xfb, 0xff,
  0xe6, 0xff, 0xef, 0xff, 0xe5, 0xff, 0xe0, 0xff, 0xe2, 0xff, 0xd3, 0xff,
  0xe0, 0xff, 0xd1, 0xff, 0xde, 0xff, 0xd9, 0xff, 0xdb, 0xff, 0xe1, 0xff,
  0xd8, 0xff, 0xe1, 0xff, 0xd9, 0xff, 0xdd, 0xff, 0xdf, 0xff, 0xdb, 0xff,
  0xe0, 0xff, 0xdb, 0xff, 0xda, 0xff, 0xdb, 0xff, 0xd6, 0xff, 0xda, 0xff,
  0xdb, 0xff, 0xdb, 0xff, 0xe7, 0xff, 0xdc, 0xff, 0xed, 0xff, 0xdf, 0xff,
  0xeb, 0xff, 0xe5, 0xff, 0xe7, 0xff, 0xf1, 0xff, 0xee, 0xff, 0x03, 0x00,
  0x00, 0x00, 0x14, 0x00, 0x15, 0x00, 0x1d, 0x00, 0x20, 0x00, 0x1b, 0x00,
  0x1d, 0x00, 0x0f, 0x00, 0x12, 0x00, 0xff, 0xff, 0x0b, 0x00, 0xf0, 0xff,
  0x10, 0x00, 0xe9, 0xff, 0x1c, 0x00, 0xeb, 0xff, 0x25, 0x00, 0xf5, 0xff,
  0x26, 0x00, 0xff, 0xff, 0x20, 0x00, 0x02, 0x00, 0x1a, 0x00, 0xfe, 0xff,
  0x18, 0x00, 0xf7, 0xff, 0x18, 0x00, 0xf5, 0xff, 0x18, 0x00, 0xfa, 0xff,
  0x17, 0x00, 0xff, 0xff, 0x17, 0x00, 0xfa, 0xff, 0x12, 0x00, 0xe9, 0xff,
  0x06, 0x00, 0xd5, 0xff, 0xf9, 0xff, 0xc9, 0xff, 0xf2, 0xff, 0xc8, 0xff,
  0xee, 0xff, 0xc8, 0xff, 0xe9, 0xff, 0xc4, 0xff, 0xe8, 0xff, 0xc0, 0xff,
  0xf1, 0xff, 0xc2, 0xff, 0xfb, 0xff, 0xc7, 0xff, 0xf5, 0xff, 0xca, 0xff,
  0xe0, 0xff, 0xcd, 0xff, 0xcb, 0xff, 0xd4, 0xff, 0xc6, 0xff, 0xdf, 0xff,
  0xce, 0xff, 0xe9, 0xff, 0xd1, 0xff, 0xee, 0xff, 0xc7, 0xff, 0xef, 0xff,
  0xb8, 0xff, 0xec, 0xff, 0xb1, 0xff, 0xe7, 0xff, 0xb3, 0xff, 0xe5, 0xff,
  0xbd, 0xff, 0xe5, 0xff, 0xc9, 0xff, 0xeb, 0xff, 0xd3, 0xff, 0xf4, 0xff,
  0xda, 0xff, 0xfc, 0xff, 0xdf, 0xff, 0x02, 0x00, 0xe5, 0xff, 0x07, 0x00,
  0xee, 0xff, 0x11, 0x00, 0xf5, 0xff, 0x20, 0x00, 0xfd, 0xff, 0x32, 0x00,
  0x0c, 0x00, 0x3e, 0x00, 0x22, 0x00, 0x3d, 0x00, 0x34, 0x00, 0x2d, 0x00,
  0x36, 0x00, 0x1c, 0x00, 0x2e, 0x00, 0x17, 0x00, 0x27, 0x00, 0x23, 0x00,
  0x27, 0x00, 0x2f, 0x00, 0x29, 0x00, 0x2f, 0x00, 0x2b, 0x00, 0x23, 0x00,
  0x32, 0x00, 0x16, 0x00, 0x3b, 0x00, 0x10, 0x00, 0x3e, 0x00, 0x0f, 0x00,
  0x39, 0x00, 0x12, 0x00, 0x33, 0x00, 0x19, 0x00, 0x31, 0x00, 0x21, 0x00,
  0x2f, 0x00, 0x26, 0x00, 0x26, 0x00, 0x26, 0x00, 0x15, 0x00, 0x22, 0x00,
  0x03, 0x00, 0x1d, 0x00, 0xf8, 0xff, 0x17, 0x00, 0xf6, 0xff, 0x10, 0x00,
  0xff, 0xff, 0x07, 0x00, 0x09, 0x00, 0xfd, 0xff, 0x0c, 0x00, 0xf6, 0xff,
  0x04, 0x00, 0xf5, 0xff, 0xf9, 0xff, 0xf7, 0xff, 0xef, 0xff, 0xf3, 0xff,
  0xe5, 0xff, 0xe6, 0xff, 0xd6, 0xff, 0xd6, 0xff, 0xc5, 0xff, 0xd0, 0xff,
  0xbe, 0xff, 0xd9, 0xff, 0xc1, 0xff, 0xe7, 0xff, 0xc8, 0xff, 0xed, 0xff,
  0xc8, 0xff, 0xec, 0xff, 0xc2, 0xff, 0xeb, 0xff, 0xc0, 0xff, 0xed, 0xff,
  0xc8, 0xff, 0xed, 0xff, 0xdc, 0xff, 0xea, 0xff, 0xf5, 0xff, 0xe9, 0xff,
  0x08, 0x00, 0xf0, 0xff, 0x0e, 0x00, 0xfd, 0xff, 0x0d, 0x00, 0x07, 0x00,
  0x10, 0x00, 0x09, 0x00, 0x18, 0x00, 0x04, 0x00, 0x20, 0x00, 0x04, 0x00,
  0x24, 0x00, 0x12, 0x00, 0x28, 0x00, 0x2a, 0x00, 0x2b, 0x00, 0x3a, 0x00,
  0x28, 0x00, 0x39, 0x00, 0x1c, 0x00, 0x2d, 0x00, 0x0c, 0x00, 0x26, 0x00,
  0x00, 0x00, 0x2c, 0x00, 0xfc, 0xff, 0x35, 0x00, 0x01, 0x00, 0x3b, 0x00,
  0x11, 0x00, 0x39, 0x00, 0x2a, 0x00, 0x31, 0x00, 0x41, 0x00, 0x26, 0x00,
  0x4b, 0x00, 0x1b, 0x00, 0x47, 0x00, 0x16, 0x00, 0x41, 0x00, 0x1a, 0x00,
  0x3c, 0x00, 0x25, 0x00, 0x38, 0x00, 0x2b, 0x00, 0x35, 0x00, 0x25, 0x00,
  0x36, 0x00, 0x16, 0x00, 0x39, 0x00, 0x09, 0x00, 0x38, 0x00, 0x07, 0x00,
  0x35, 0x00, 0x11, 0x00, 0x35, 0x00, 0x1b, 0x00, 0x39, 0x00, 0x18, 0x00,
  0x39, 0x00, 0x07, 0x00, 0x33, 0x00, 0xf6, 0xff, 0x2b, 0x00, 0xee, 0xff,
  0x24, 0x00, 0xeb, 0xff, 0x1c, 0x00, 0xec, 0xff, 0x0c, 0x00, 0xf2, 0xff,
  0xf5, 0xff, 0xfa, 0xff, 0xdc, 0xff, 0xfb, 0xff, 0xcb, 0xff, 0xf1, 0xff,
  0xc7, 0xff, 0xe3, 0xff, 0xce, 0xff, 0xdf, 0xff, 0xd6, 0xff, 0xe7, 0xff,
  0xd6, 0xff, 0xf1, 0xff, 0xd0, 0xff, 0xf3, 0xff, 0xce, 0xff, 0xeb, 0xff,
  0xd5, 0xff, 0xe2, 0xff, 0xdf, 0xff, 0xe0, 0xff, 0xe5, 0xff, 0xe8, 0xff,
  0xe3, 0xff, 0xf6, 0xff, 0xe0, 0xff, 0xfd, 0xff, 0xe7, 0xff, 0xfc, 0xff,
  0xf8, 0xff, 0xfa, 0xff, 0x09, 0x00, 0x02, 0x00, 0x0f, 0x00, 0x0e, 0x00,
  0x04, 0x00, 0x12, 0x00, 0xee, 0xff, 0x0c, 0x00, 0xda, 0xff, 0x0a, 0x00,
  0xd1, 0xff, 0x0e, 0x00, 0xd7, 0xff, 0x0e, 0x00, 0xe5, 0xff, 0x03, 0x00,
  0xf5, 0xff, 0xf3, 0xff, 0x00, 0x00, 0xea, 0xff, 0x03, 0x00, 0xe9, 0xff,
  0x02, 0x00, 0xe8, 0xff, 0x07, 0x00, 0xe4, 0xff, 0x17, 0x00, 0xe4, 0xff,
  0x29, 0x00, 0xeb, 0xff, 0x32, 0x00, 0xf6, 0xff, 0x2b, 0x00, 0x00, 0x00,
  0x1c, 0x00, 0x02, 0x00, 0x0d, 0x00, 0xf7, 0xff, 0x05, 0x00, 0xe5, 0xff,
  0x08, 0x00, 0xde, 0xff, 0x0f, 0x00, 0xe8, 0xff, 0x10, 0x00, 0xf3, 0xff,
  0x09, 0x00, 0xf1, 0xff, 0xfe, 0xff, 0xe7, 0xff, 0xf6, 0xff, 0xe1, 0xff,
  0xf1, 0xff, 0xe1, 0xff, 0xee, 0xff, 0xe3, 0xff, 0xe9, 0xff, 0xe5, 0xff,
  0xe0, 0xff, 0xe8, 0xff, 0xd4, 0xff, 0xed, 0xff, 0xca, 0xff, 0xf3, 0xff,
  0xc8, 0xff, 0xf6, 0xff, 0xc9, 0xff, 0xf4, 0xff, 0xcb, 0xff, 0xef, 0xff,
  0xd0, 0xff, 0xef, 0xff, 0xde, 0xff, 0xf8, 0xff, 0xf2, 0xff, 0x08, 0x00,
  0x03, 0x00, 0x12, 0x00, 0x0c, 0x00, 0x0e, 0x00, 0x0b, 0x00, 0xff, 0xff,
  0x0b, 0x00, 0xf1, 0xff, 0x12, 0x00, 0xee, 0xff, 0x1d, 0x00, 0xf5, 0xff,
  0x21, 0x00, 0xff, 0xff, 0x18, 0x00, 0x07, 0x00, 0x08, 0x00, 0x0b, 0x00,
  0xfb, 0xff, 0x09, 0x00, 0xf4, 0xff, 0x01, 0x00, 0xf1, 0xff, 0xfb, 0xff,
  0xf1, 0xff, 0xfe, 0xff, 0xf4, 0xff, 0x06, 0x00, 0xfb, 0xff, 0x0a, 0x00,
  0x05, 0x00, 0x06, 0x00, 0x0c, 0x00, 0x02, 0x00, 0x0b, 0x00, 0x02, 0x00,
  0x06, 0x00, 0x07, 0x00, 0x07, 0x00, 0x0f, 0x00, 0x11, 0x00, 0x1b, 0x00,
  0x1b, 0x00, 0x2a, 0x00, 0x1a, 0x00, 0x37, 0x00, 0x0e, 0x00, 0x40, 0x00,
  0x02, 0x00, 0x46, 0x00, 0xff, 0xff, 0x45, 0x00, 0x05, 0x00, 0x3a, 0x00,
  0x0b, 0x00, 0x2c, 0x00, 0x0c, 0x00, 0x24, 0x00, 0x08, 0x00, 0x23, 0x00,
  0x03, 0x00, 0x21, 0x00, 0x00, 0x00, 0x15, 0x00, 0xfb, 0xff, 0x01, 0x00,
  0xf7, 0xff, 0xef, 0xff, 0xf9, 0xff, 0xe5, 0xff, 0xff, 0xff, 0xe1, 0xff,
  0x02, 0x00, 0xdd, 0xff, 0xff, 0xff, 0xd9, 0xff, 0xfe, 0xff, 0xdd, 0xff,
  0x01, 0x00, 0xe5, 0xff, 0x03, 0x00, 0xe6, 0xff, 0x03, 0x00, 0xdf, 0xff,
  0x02, 0x00, 0xdb, 0xff, 0x01, 0x00, 0xe2, 0xff, 0xfe, 0xff, 0xf2, 0xff,
  0x00, 0x00, 0x01, 0x00, 0x0a, 0x00, 0x08, 0x00, 0x14, 0x00, 0x02, 0x00,
  0x12, 0x00, 0xf3, 0xff, 0x03, 0x00, 0xe8, 0xff, 0xf6, 0xff, 0xe9, 0xff,
  0xf1, 0xff, 0xf2, 0xff, 0xf2, 0xff, 0xfb, 0xff, 0xf0, 0xff, 0x02, 0x00,
  0xe8, 0xff, 0x0b, 0x00, 0xda, 0xff, 0x16, 0x00, 0xcc, 0xff, 0x1d, 0x00,
  0xc4, 0xff, 0x1c, 0x00, 0xc8, 0xff, 0x16, 0x00, 0xd8, 0xff, 0x0f, 0x00,
  0xec, 0xff, 0x0c, 0x00, 0xfe, 0xff, 0x0a, 0x00, 0x10, 0x00, 0x05, 0x00,
  0x21, 0x00, 0x00, 0x00, 0x30, 0x00, 0xff, 0xff, 0x33, 0x00, 0x04, 0x00,
  0x2c, 0x00, 0x0e, 0x00, 0x23, 0x00, 0x16, 0x00, 0x20, 0x00, 0x19, 0x00,
  0x20, 0x00, 0x13, 0x00, 0x1f, 0x00, 0x0a, 0x00, 0x1c, 0x00, 0x01, 0x00,
  0x18, 0x00, 0xfa, 0xff, 0x16, 0x00, 0xf2, 0xff, 0x15, 0x00, 0xe9, 0xff,
  0x19, 0x00, 0xe2, 0xff, 0x1c, 0x00, 0xe1, 0xff, 0x17, 0x00, 0xe5, 0xff,
  0x09, 0x00, 0xe4, 0xff, 0xf8, 0xff, 0xda, 0xff, 0xee, 0xff, 0xcc, 0xff,
  0xec, 0xff, 0xc3, 0xff, 0xef, 0xff, 0xc7, 0xff, 0xf2, 0xff, 0xd6, 0xff,
  0xef, 0xff, 0xe9, 0xff, 0xe6, 0xff, 0xf5, 0xff, 0xdb, 0xff, 0xf9, 0xff,
  0xd6, 0xff, 0xfa, 0xff, 0xda, 0xff, 0xfd, 0xff, 0xe4, 0xff, 0x05, 0x00,
  0xea, 0xff, 0x10, 0x00, 0xe8, 0xff, 0x19, 0x00, 0xde, 0xff, 0x1d, 0x00,
  0xd3, 0xff, 0x1b, 0x00, 0xd2, 0xff, 0x15, 0x00, 0xdc, 0xff, 0x10, 0x00,
  0xe8, 0xff, 0x12, 0x00, 0xee, 0xff, 0x1b, 0x00, 0xe9, 0xff, 0x26, 0x00,
  0xde, 0xff, 0x28, 0x00, 0xd5, 0xff, 0x1d, 0x00, 0xd5, 0xff, 0x0b, 0x00,
  0xdf, 0xff, 0xfc, 0xff, 0xed, 0xff, 0xf5, 0xff, 0xfa, 0xff, 0xf4, 0xff,
  0x04, 0x00, 0xf6, 0xff, 0x0a, 0x00, 0xf5, 0xff, 0x11, 0x00, 0xee, 0xff,
  0x1a, 0x00, 0xe4, 0xff, 0x21, 0x00, 0xdb, 0xff, 0x1c, 0x00, 0xd1, 0xff,
  0x0c, 0x00, 0xc8, 0xff, 0xfb, 0xff, 0xc6, 0xff, 0xf0, 0xff, 0xca, 0xff,
  0xee, 0xff, 0xcf, 0xff, 0xf1, 0xff, 0xd2, 0xff, 0xf6, 0xff, 0xd5, 0xff,
  0xf2, 0xff, 0xdd, 0xff, 0xe0, 0xff, 0xeb, 0xff, 0xce, 0xff, 0xfc, 0xff,
  0xc9, 0xff, 0x07, 0x00, 0xd3, 0xff, 0x06, 0x00, 0xe4, 0xff, 0xfc, 0xff,
  0xf0, 0xff, 0xf1, 0xff, 0xf5, 0xff, 0xf0, 0xff, 0xf6, 0xff, 0xf9, 0xff,
  0xfb, 0xff, 0x08, 0x00, 0x09, 0x00, 0x16, 0x00, 0x19, 0x00, 0x23, 0x00,
  0x21, 0x00, 0x30, 0x00, 0x1b, 0x00, 0x3c, 0x00, 0x0c, 0x00, 0x40, 0x00,
  0xff, 0xff, 0x39, 0x00, 0x01, 0x00, 0x2f, 0x00, 0x13, 0x00, 0x2d, 0x00,
  0x2c, 0x00, 0x32, 0x00, 0x41, 0x00, 0x34, 0x00, 0x4e, 0x00, 0x2e, 0x00,
  0x51, 0x00, 0x23, 0x00, 0x49, 0x00, 0x15, 0x00, 0x3b, 0x00, 0x06, 0x00,
  0x2e, 0x00, 0xf8, 0xff, 0x27, 0x00, 0xed, 0xff, 0x21, 0x00, 0xe8, 0xff,
  0x16, 0x00, 0xe7, 0xff, 0x07, 0x00, 0xe6, 0xff, 0xfb, 0xff, 0xe4, 0xff,
  0xf9, 0xff, 0xe0, 0xff, 0x01, 0x00, 0xdb, 0xff, 0x0c, 0x00, 0xda, 0xff,
  0x12, 0x00, 0xe0, 0xff, 0x0e, 0x00, 0xe8, 0xff, 0x02, 0x00, 0xe8, 0xff,
  0xf5, 0xff, 0xdd, 0xff, 0xeb, 0xff, 0xcf, 0xff, 0xe3, 0xff, 0xc9, 0xff,
  0xe1, 0xff, 0xd1, 0xff, 0xe9, 0xff, 0xe2, 0xff, 0xf4, 0xff, 0xf1, 0xff,
  0xf9, 0xff, 0xf8, 0xff, 0xf4, 0xff, 0xfd, 0xff, 0xec, 0xff, 0x05, 0x00,
  0xe6, 0xff, 0x0e, 0x00, 0xe5, 0xff, 0x12, 0x00, 0xea, 0xff, 0x0d, 0x00,
  0xf0, 0xff, 0x01, 0x00, 0xf2, 0xff, 0xf5, 0xff, 0xed, 0xff, 0xf0, 0xff,
  0xea, 0xff, 0xf3, 0xff, 0xee, 0xff, 0xfa, 0xff, 0xf8, 0xff, 0xfd, 0xff,
  0x06, 0x00, 0xfe, 0xff, 0x12, 0x00, 0xff, 0xff, 0x16, 0x00, 0x01, 0x00,
  0x0e, 0x00, 0xff, 0xff, 0xff, 0xff, 0xfc, 0xff, 0xf0, 0xff, 0xfc, 0xff,
  0xea, 0xff, 0xff, 0xff, 0xed, 0xff, 0x03, 0x00, 0xf2, 0xff, 0x04, 0x00,
  0xf3, 0xff, 0x03, 0x00, 0xee, 0xff, 0x07, 0x00, 0xec, 0xff, 0x12, 0x00,
  0xf2, 0xff, 0x20, 0x00, 0xfd, 0xff, 0x29, 0x00, 0x05, 0x00, 0x28, 0x00,
  0x05, 0x00, 0x1e, 0x00, 0xfe, 0xff, 0x15, 0x00, 0xf4, 0xff, 0x12, 0x00,
  0xec, 0xff, 0x12, 0x00, 0xe6, 0xff, 0x12, 0x00, 0xe3, 0xff, 0x0d, 0x00,
  0xe6, 0xff, 0x08, 0x00, 0xee, 0xff, 0x06, 0x00, 0xf7, 0xff, 0x07, 0x00,
  0xfa, 0xff, 0x07, 0x00, 0xf9, 0xff, 0x04, 0x00, 0xf9, 0xff, 0xfd, 0xff,
  0xfc, 0xff, 0xf5, 0xff, 0x02, 0x00, 0xef, 0xff, 0x09, 0x00, 0xec, 0xff,
  0x0f, 0x00, 0xee, 0xff, 0x12, 0x00, 0xf3, 0xff, 0x11, 0x00, 0xf8, 0xff,
  0x11, 0x00, 0xfb, 0xff, 0x14, 0x00, 0xfa, 0xff, 0x16, 0x00, 0xf8, 0xff,
  0x12, 0x00, 0xf6, 0xff, 0x0c, 0x00, 0xf7, 0xff, 0x0c, 0x00, 0xfc, 0xff,
  0x11, 0x00, 0x02, 0x00, 0x13, 0x00, 0x02, 0x00, 0x0e, 0x00, 0xff, 0xff,
  0x08, 0x00, 0xfd, 0xff, 0x04, 0x00, 0xfe, 0xff, 0x04, 0x00, 0x00, 0x00,
  0x02, 0x00, 0xff, 0xff, 0xfa, 0xff, 0xfe, 0xff, 0xf0, 0xff, 0x00, 0x00,
  0xe8, 0xff, 0x03, 0x00, 0xe6, 0xff, 0x06, 0x00, 0xe9, 0xff, 0x07, 0x00,
  0xe9, 0xff, 0x08, 0x00, 0xe5, 0xff, 0x08, 0x00, 0xe2, 0xff, 0x09, 0x00,
  0xe7, 0xff, 0x09, 0x00, 0xf1, 0xff, 0x07, 0x00, 0xf6, 0xff, 0x01, 0x00,
  0xf2, 0xff, 0xfb, 0xff, 0xeb, 0xff, 0xf6, 0xff, 0xe9, 0xff, 0xf6, 0xff,
  0xed, 0xff, 0xf8, 0xff, 0xf3, 0xff, 0xf4, 0xff, 0xfe, 0xff, 0xec, 0xff,
  0x10, 0x00, 0xe7, 0xff, 0x24, 0x00, 0xe8, 0xff, 0x30, 0x00, 0xed, 0xff,
  0x31, 0x00, 0xf5, 0xff, 0x31, 0x00, 0x01, 0x00, 0x36, 0x00, 0x0f, 0x00,
  0x3e, 0x00, 0x17, 0x00, 0x41, 0x00, 0x16, 0x00, 0x39, 0x00, 0x11, 0x00,
  0x27, 0x00, 0x0b, 0x00, 0x14, 0x00, 0x0a, 0x00, 0x11, 0x00, 0x0e, 0x00,
  0x1f, 0x00, 0x16, 0x00, 0x31, 0x00, 0x1b, 0x00, 0x34, 0x00, 0x1a, 0x00,
  0x25, 0x00, 0x13, 0x00, 0x10, 0x00, 0x08, 0x00, 0x01, 0x00, 0x02, 0x00,
  0xf5, 0xff, 0x02, 0x00, 0xea, 0xff, 0x07, 0x00, 0xdf, 0xff, 0x09, 0x00,
  0xdb, 0xff, 0x07, 0x00, 0xda, 0xff, 0x01, 0x00, 0xd9, 0xff, 0xf9, 0xff,
  0xd7, 0xff, 0xf5, 0xff, 0xd9, 0xff, 0xf9, 0xff, 0xe0, 0xff, 0x02, 0x00,
  0xe8, 0xff, 0x09, 0x00, 0xec, 0xff, 0x08, 0x00, 0xe7, 0xff, 0x01, 0x00,
  0xda, 0xff, 0xfc, 0xff, 0xce, 0xff, 0xfc, 0xff, 0xd0, 0xff, 0xfd, 0xff,
  0xe4, 0xff, 0xfc, 0xff, 0x00, 0x00, 0xfc, 0xff, 0x14, 0x00, 0xfe, 0xff,
  0x1b, 0x00, 0x04, 0x00, 0x1d, 0x00, 0x09, 0x00, 0x21, 0x00, 0x0f, 0x00,
  0x27, 0x00, 0x18, 0x00, 0x28, 0x00, 0x1e, 0x00, 0x25, 0x00, 0x1c, 0x00,
  0x25, 0x00, 0x12, 0x00, 0x29, 0x00, 0x06, 0x00, 0x2e, 0x00, 0xfe, 0xff,
  0x33, 0x00, 0xfd, 0xff, 0x37, 0x00, 0x02, 0x00, 0x3a, 0x00, 0x0b, 0x00,
  0x3b, 0x00, 0x14, 0x00, 0x3d, 0x00, 0x1b, 0x00, 0x3b, 0x00, 0x1d, 0x00,
  0x30, 0x00, 0x19, 0x00, 0x1b, 0x00, 0x14, 0x00, 0x02, 0x00, 0x10, 0x00,
  0xee, 0xff, 0x09, 0x00, 0xdf, 0xff, 0xfb, 0xff, 0xd7, 0xff, 0xea, 0xff,
  0xd9, 0xff, 0xdd, 0xff, 0xe3, 0xff, 0xda, 0xff, 0xf0, 0xff, 0xe2, 0xff,
  0xf7, 0xff, 0xec, 0xff, 0xfa, 0xff, 0xef, 0xff, 0xfb, 0xff, 0xe8, 0xff,
  0xfe, 0xff, 0xdb, 0xff, 0x03, 0x00, 0xd5, 0xff, 0x07, 0x00, 0xda, 0xff,
  0x05, 0x00, 0xe6, 0xff, 0x01, 0x00, 0xee, 0xff, 0xfe, 0xff, 0xf0, 0xff,
  0x01, 0x00, 0xf0, 0xff, 0x09, 0x00, 0xf4, 0xff, 0x0c, 0x00, 0xfb, 0xff,
  0x05, 0x00, 0x00, 0x00, 0xfb, 0xff, 0x04, 0x00, 0xf9, 0xff, 0x07, 0x00,
  0x01, 0x00, 0x0c, 0x00, 0x0d, 0x00, 0x12, 0x00, 0x14, 0x00, 0x15, 0x00,
  0x14, 0x00, 0x14, 0x00, 0x12, 0x00, 0x0e, 0x00, 0x10, 0x00, 0x0e, 0x00,
  0x0e, 0x00, 0x17, 0x00, 0x05, 0x00, 0x25, 0x00, 0xf7, 0xff, 0x2d, 0x00,
  0xe6, 0xff, 0x2a, 0x00, 0xd5, 0xff, 0x26, 0x00, 0xca, 0xff, 0x28, 0x00,
  0xc9, 0xff, 0x2c, 0x00, 0xcf, 0xff, 0x2d, 0x00, 0xd4, 0xff, 0x23, 0x00,
  0xd3, 0xff, 0x16, 0x00, 0xce, 0xff, 0x0c, 0x00, 0xcd, 0xff, 0x08, 0x00,
  0xd1, 0xff, 0x05, 0x00, 0xd9, 0xff, 0x02, 0x00, 0xe6, 0xff, 0x00, 0x00,
  0xf5, 0xff, 0xfe, 0xff, 0xff, 0xff, 0xfb, 0xff, 0xff, 0xff, 0xf4, 0xff,
  0xf9, 0xff, 0xea, 0xff, 0xf8, 0xff, 0xe2, 0xff, 0xff, 0xff, 0xde, 0xff,
  0x0b, 0x00, 0xdf, 0xff, 0x15, 0x00, 0xe3, 0xff, 0x1e, 0x00, 0xe5, 0xff,
  0x24, 0x00, 0xe2, 0xff, 0x26, 0x00, 0xdb, 0xff, 0x25, 0x00, 0xd8, 0xff,
  0x28, 0x00, 0xdd, 0xff, 0x2f, 0x00, 0xe4, 0xff, 0x35, 0x00, 0xe7, 0xff,
  0x35, 0x00, 0xe4, 0xff, 0x33, 0x00, 0xe1, 0xff, 0x2f, 0x00, 0xe0, 0xff,
  0x24, 0x00, 0xe6, 0xff, 0x0e, 0x00, 0xf2, 0xff, 0xf7, 0xff, 0x03, 0x00,
  0xe7, 0xff, 0x0f, 0x00, 0xe2, 0xff, 0x0f, 0x00, 0xe1, 0xff, 0x06, 0x00,
  0xe0, 0xff, 0x00, 0x00, 0xe2, 0xff, 0x04, 0x00, 0xe4, 0xff, 0x0c, 0x00,
  0xe0, 0xff, 0x11, 0x00, 0xd9, 0xff, 0x0e, 0x00, 0xd4, 0xff, 0x07, 0x00,
  0xd3, 0xff, 0x02, 0x00, 0xce, 0xff, 0xff, 0xff, 0xc2, 0xff, 0xfe, 0xff,
  0xb6, 0xff, 0xfd, 0xff, 0xb1, 0xff, 0xf7, 0xff, 0xb1, 0xff, 0xed, 0xff,
  0xb7, 0xff, 0xe4, 0xff, 0xc9, 0xff, 0xe6, 0xff, 0xe7, 0xff, 0xf3, 0xff,
  0x02, 0x00, 0x02, 0x00, 0x0f, 0x00, 0x09, 0x00, 0x10, 0x00, 0x0a, 0x00,
  0x12, 0x00, 0x05, 0x00, 0x19, 0x00, 0x00, 0x00, 0x21, 0x00, 0xfd, 0xff,
  0x20, 0x00, 0xfe, 0xff, 0x16, 0x00, 0xfe, 0xff, 0x09, 0x00, 0xf8, 0xff,
  0x03, 0x00, 0xef, 0xff, 0x0c, 0x00, 0xea, 0xff, 0x20, 0x00, 0xef, 0xff,
  0x32, 0x00, 0xf8, 0xff, 0x38, 0x00, 0xff, 0xff, 0x31, 0x00, 0x05, 0x00,
  0x28, 0x00, 0x0b, 0x00, 0x25, 0x00, 0x10, 0x00, 0x26, 0x00, 0x10, 0x00,
  0x28, 0x00, 0x0b, 0x00, 0x29, 0x00, 0x0a, 0x00, 0x2a, 0x00, 0x0d, 0x00,
  0x2b, 0x00, 0x11, 0x00, 0x2d, 0x00, 0x12, 0x00, 0x2f, 0x00, 0x0f, 0x00,
  0x2f, 0x00, 0x0d, 0x00, 0x28, 0x00, 0x10, 0x00, 0x20, 0x00, 0x19, 0x00,
  0x1c, 0x00, 0x23, 0x00, 0x1b, 0x00, 0x28, 0x00, 0x19, 0x00, 0x2b, 0x00,
  0x10, 0x00, 0x30, 0x00, 0x06, 0x00, 0x33, 0x00, 0x00, 0x00, 0x2a, 0x00,
  0x01, 0x00, 0x15, 0x00, 0x01, 0x00, 0xfd, 0xff, 0xfc, 0xff, 0xee, 0xff,
  0xf8, 0xff, 0xec, 0xff, 0xfa, 0xff, 0xf1, 0xff, 0xff, 0xff, 0xf2, 0xff,
  0xfc, 0xff, 0xe9, 0xff, 0xf0, 0xff, 0xdf, 0xff, 0xe0, 0xff, 0xde, 0xff,
  0xd4, 0xff, 0xea, 0xff, 0xcf, 0xff, 0x00, 0x00, 0xd3, 0xff, 0x1d, 0x00,
  0xd9, 0xff, 0x3f, 0x00, 0xd9, 0xff, 0x56, 0x00, 0xd1, 0xff, 0x52, 0x00,
  0xcd, 0xff, 0x35, 0x00, 0xd5, 0xff, 0x10, 0x00, 0xe3, 0xff, 0xfe, 0xff,
  0xea, 0xff, 0xff, 0xff, 0xe5, 0xff, 0x00, 0x00, 0xdb, 0xff, 0xec, 0xff,
  0xd4, 0xff, 0xc8, 0xff, 0xd3, 0xff, 0xa8, 0xff, 0xd7, 0xff, 0xa1, 0xff,
  0xde, 0xff, 0xb3, 0xff, 0xe8, 0xff, 0xcb, 0xff, 0xf1, 0xff, 0xd5, 0xff,
  0xfb, 0xff, 0xcd, 0xff, 0x07, 0x00, 0xc3, 0xff, 0x18, 0x00, 0xc5, 0xff,
  0x2b, 0x00, 0xd3, 0xff, 0x3b, 0x00, 0xe0, 0xff, 0x40, 0x00, 0xe0, 0xff,
  0x3d, 0x00, 0xd9, 0xff, 0x36, 0x00, 0xd4, 0xff, 0x30, 0x00, 0xd2, 0xff,
  0x2d, 0x00, 0xcf, 0xff, 0x2c, 0x00, 0xd2, 0xff, 0x30, 0x00, 0xe7, 0xff,
  0x35, 0x00, 0x07, 0x00, 0x38, 0x00, 0x1b, 0x00, 0x35, 0x00, 0x1d, 0x00,
  0x2f, 0x00, 0x1a, 0x00, 0x23, 0x00, 0x22, 0x00, 0x13, 0x00, 0x2d, 0x00,
  0x02, 0x00, 0x2e, 0x00, 0xf7, 0xff, 0x26, 0x00, 0xef, 0xff, 0x1d, 0x00,
  0xe6, 0xff, 0x1d, 0x00, 0xde, 0xff, 0x23, 0x00, 0xda, 0xff, 0x28, 0x00,
  0xdd, 0xff, 0x25, 0x00, 0xe1, 0xff, 0x18, 0x00, 0xe1, 0xff, 0x0a, 0x00,
  0xdd, 0xff, 0x04, 0x00, 0xda, 0xff, 0x0e, 0x00, 0xdd, 0xff, 0x1f, 0x00,
  0xe6, 0xff, 0x2f, 0x00, 0xe9, 0xff, 0x37, 0x00, 0xe3, 0xff, 0x38, 0x00,
  0xd9, 0xff, 0x2f, 0x00, 0xd4, 0xff, 0x18, 0x00, 0xd9, 0xff, 0xff, 0xff,
  0xe3, 0xff, 0xf9, 0xff, 0xee, 0xff, 0x0b, 0x00, 0xf3, 0xff, 0x22, 0x00,
  0xf4, 0xff, 0x26, 0x00, 0xf3, 0xff, 0x13, 0x00, 0xf5, 0xff, 0xf9, 0xff,
  0xfb, 0xff, 0xe7, 0xff, 0x02, 0x00, 0xe7, 0xff, 0x0c, 0x00, 0xf8, 0xff,
  0x16, 0x00, 0x0d, 0x00, 0x1c, 0x00, 0x18, 0x00, 0x1e, 0x00, 0x13, 0x00,
  0x1e, 0x00, 0x0b, 0x00, 0x1f, 0x00, 0x0c, 0x00, 0x23, 0x00, 0x13, 0x00,
  0x25, 0x00, 0x17, 0x00, 0x21, 0x00, 0x17, 0x00, 0x18, 0x00, 0x17, 0x00,
  0x0f, 0x00, 0x13, 0x00, 0x0c, 0x00, 0x06, 0x00, 0x11, 0x00, 0xf2, 0xff,
  0x16, 0x00, 0xe7, 0xff, 0x16, 0x00, 0xeb, 0xff, 0x11, 0x00, 0xfa, 0xff,
  0x0f, 0x00, 0x07, 0x00, 0x0f, 0x00, 0x10, 0x00, 0x0d, 0x00, 0x0f, 0x00,
  0x08, 0x00, 0x02, 0x00, 0x05, 0x00, 0xef, 0xff, 0x08, 0x00, 0xe2, 0xff,
  0x0b, 0x00, 0xe1, 0xff, 0x09, 0x00, 0xe5, 0xff, 0x05, 0x00, 0xe5, 0xff,
  0x02, 0x00, 0xe2, 0xff, 0x03, 0x00, 0xde, 0xff, 0x07, 0x00, 0xdd, 0xff,
  0x0b, 0x00, 0xdf, 0xff, 0x0f, 0x00, 0xe8, 0xff, 0x0f, 0x00, 0xfd, 0xff,
  0x09, 0x00, 0x13, 0x00, 0xff, 0xff, 0x1e, 0x00, 0xf5, 0xff, 0x19, 0x00,
  0xee, 0xff, 0x0b, 0x00, 0xe9, 0xff, 0xfc, 0xff, 0xe7, 0xff, 0xef, 0xff,
  0xe8, 0xff, 0xea, 0xff, 0xe6, 0xff, 0xec, 0xff, 0xdb, 0xff, 0xec, 0xff,
  0xc9, 0xff, 0xe3, 0xff, 0xbb, 0xff, 0xd2, 0xff, 0xb5, 0xff, 0xc5, 0xff,
  0xb9, 0xff, 0xc5, 0xff, 0xc8, 0xff, 0xd2, 0xff, 0xdd, 0xff, 0xe8, 0xff,
  0xec, 0xff, 0xfe, 0xff, 0xe8, 0xff, 0x0f, 0x00, 0xd5, 0xff, 0x1b, 0x00,
  0xc7, 0xff, 0x21, 0x00, 0xc8, 0xff, 0x26, 0x00, 0xd4, 0xff, 0x29, 0x00,
  0xe1, 0xff, 0x29, 0x00, 0xe7, 0xff, 0x27, 0x00, 0xe7, 0xff, 0x24, 0x00,
  0xe5, 0xff, 0x20, 0x00, 0xe7, 0xff, 0x19, 0x00, 0xf3, 0xff, 0x10, 0x00,
  0x09, 0x00, 0x0a, 0x00, 0x1c, 0x00, 0x0b, 0x00, 0x21, 0x00, 0x0f, 0x00,
  0x1f, 0x00, 0x12, 0x00, 0x20, 0x00, 0x12, 0x00, 0x28, 0x00, 0x11, 0x00,
  0x30, 0x00, 0x12, 0x00, 0x33, 0x00, 0x13, 0x00, 0x37, 0x00, 0x13, 0x00,
  0x3b, 0x00, 0x11, 0x00, 0x39, 0x00, 0x0d, 0x00, 0x2f, 0x00, 0x0a, 0x00,
  0x25, 0x00, 0x0a, 0x00, 0x23, 0x00, 0x0d, 0x00, 0x26, 0x00, 0x0c, 0x00,
  0x27, 0x00, 0x0b, 0x00, 0x24, 0x00, 0x0b, 0x00, 0x21, 0x00, 0x0f, 0x00,
  0x22, 0x00, 0x0d, 0x00, 0x24, 0x00, 0x01, 0x00, 0x22, 0x00, 0xed, 0xff,
  0x1a, 0x00, 0xdd, 0xff, 0x0f, 0x00, 0xd7, 0xff, 0x03, 0x00, 0xd8, 0xff,
  0xfa, 0xff, 0xd9, 0xff, 0xf6, 0xff, 0xdc, 0xff, 0xf5, 0xff, 0xde, 0xff,
  0xf3, 0xff, 0xde, 0xff, 0xf1, 0xff, 0xdb, 0xff, 0xf3, 0xff, 0xd9, 0xff,
  0xfd, 0xff, 0xdd, 0xff, 0x0c, 0x00, 0xe4, 0xff, 0x18, 0x00, 0xed, 0xff,
  0x1b, 0x00, 0xf3, 0xff, 0x14, 0x00, 0xf2, 0xff, 0x05, 0x00, 0xec, 0xff,
  0xf1, 0xff, 0xe4, 0xff, 0xdf, 0xff, 0xe0, 0xff, 0xd9, 0xff, 0xe2, 0xff,
  0xe0, 0xff, 0xe6, 0xff, 0xec, 0xff, 0xe6, 0xff, 0xf0, 0xff, 0xe4, 0xff,
  0xea, 0xff, 0xe7, 0xff, 0xe3, 0xff, 0xee, 0xff, 0xdd, 0xff, 0xf7, 0xff,
  0xd5, 0xff, 0x00, 0x00, 0xcc, 0xff, 0x0d, 0x00, 0xc6, 0xff, 0x1b, 0x00,
  0xc6, 0xff, 0x23, 0x00, 0xca, 0xff, 0x24, 0x00, 0xca, 0xff, 0x22, 0x00,
  0xc6, 0xff, 0x21, 0x00, 0xc7, 0xff, 0x25, 0x00, 0xd1, 0xff, 0x2b, 0x00,
  0xe0, 0xff, 0x2f, 0x00, 0xeb, 0xff, 0x2c, 0x00, 0xec, 0xff, 0x22, 0x00,
  0xe2, 0xff, 0x19, 0x00, 0xd2, 0xff, 0x15, 0x00, 0xcb, 0xff, 0x18, 0x00,
  0xd6, 0xff, 0x18, 0x00, 0xf0, 0xff, 0x12, 0x00, 0x05, 0x00, 0x07, 0x00,
  0x0c, 0x00, 0xfa, 0xff, 0x10, 0x00, 0xf1, 0xff, 0x1d, 0x00, 0xee, 0xff,
  0x2f, 0x00, 0xf0, 0xff, 0x3a, 0x00, 0xf6, 0xff, 0x3d, 0x00, 0xff, 0xff,
  0x3c, 0x00, 0x05, 0x00, 0x39, 0x00, 0x06, 0x00, 0x31, 0x00, 0x06, 0x00,
  0x26, 0x00, 0x0c, 0x00, 0x1d, 0x00, 0x17, 0x00, 0x1b, 0x00, 0x1e, 0x00,
  0x20, 0x00, 0x1a, 0x00, 0x29, 0x00, 0x0e, 0x00, 0x32, 0x00, 0x04, 0x00,
  0x31, 0x00, 0x03, 0x00, 0x23, 0x00, 0x06, 0x00, 0x0f, 0x00, 0x06, 0x00,
  0x03, 0x00, 0xfe, 0xff, 0x03, 0x00, 0xed, 0xff, 0x06, 0x00, 0xd9, 0xff,
  0x0a, 0x00, 0xca, 0xff, 0x0e, 0x00, 0xc7, 0xff, 0x0e, 0x00, 0xcf, 0xff,
  0x04, 0x00, 0xd7, 0xff, 0xf3, 0xff, 0xd8, 0xff, 0xe4, 0xff, 0xd5, 0xff,
  0xdd, 0xff, 0xd3, 0xff, 0xdb, 0xff, 0xd3, 0xff, 0xda, 0xff, 0xd4, 0xff,
  0xd9, 0xff, 0xd5, 0xff, 0xda, 0xff, 0xd9, 0xff, 0xdd, 0xff, 0xe1, 0xff,
  0xe0, 0xff, 0xe7, 0xff, 0xe2, 0xff, 0xea, 0xff, 0xe3, 0xff, 0xee, 0xff,
  0xe4, 0xff, 0xf9, 0xff, 0xea, 0xff, 0x07, 0x00, 0xf7, 0xff, 0x12, 0x00,
  0x04, 0x00, 0x11, 0x00, 0x04, 0x00, 0x07, 0x00, 0xf7, 0xff, 0xff, 0xff,
  0xef, 0xff, 0x02, 0x00, 0xf7, 0xff, 0x12, 0x00, 0x0d, 0x00, 0x26, 0x00,
  0x1f, 0x00, 0x33, 0x00, 0x25, 0x00, 0x35, 0x00, 0x1e, 0x00, 0x2f, 0x00,
  0x12, 0x00, 0x2a, 0x00, 0x08, 0x00, 0x28, 0x00, 0x06, 0x00, 0x25, 0x00,
  0x0a, 0x00, 0x1e, 0x00, 0x10, 0x00, 0x18, 0x00, 0x13, 0x00, 0x15, 0x00,
  0x10, 0x00, 0x15, 0x00, 0x09, 0x00, 0x12, 0x00, 0x02, 0x00, 0x0c, 0x00,
  0xff, 0xff, 0x07, 0x00, 0x02, 0x00, 0x04, 0x00, 0x09, 0x00, 0x02, 0x00,
  0x0b, 0x00, 0xfb, 0xff, 0x02, 0x00, 0xec, 0xff, 0xf1, 0xff, 0xd5, 0xff,
  0xe3, 0xff, 0xbd, 0xff, 0xdf, 0xff, 0xb1, 0xff, 0xe7, 0xff, 0xb7, 0xff,
  0xf2, 0xff, 0xca, 0xff, 0xfb, 0xff, 0xdc, 0xff, 0x01, 0x00, 0xe7, 0xff,
  0x05, 0x00, 0xec, 0xff, 0x03, 0x00, 0xee, 0xff, 0xfa, 0xff, 0xf1, 0xff,
  0xec, 0xff, 0xf6, 0xff, 0xdf, 0xff, 0xf9, 0xff, 0xdd, 0xff, 0xf5, 0xff,
  0xe7, 0xff, 0xeb, 0xff, 0xf9, 0xff, 0xe4, 0xff, 0x07, 0x00, 0xe7, 0xff,
  0x0b, 0x00, 0xf2, 0xff, 0x06, 0x00, 0xff, 0xff, 0x01, 0x00, 0x0b, 0x00,
  0x04, 0x00, 0x17, 0x00, 0x0f, 0x00, 0x21, 0x00, 0x1b, 0x00, 0x2a, 0x00,
  0x1e, 0x00, 0x32, 0x00, 0x13, 0x00, 0x37, 0x00, 0xfd, 0xff, 0x34, 0x00,
  0xe6, 0xff, 0x2c, 0x00, 0xd8, 0xff, 0x25, 0x00, 0xd6, 0xff, 0x26, 0x00,
  0xe0, 0xff, 0x2a, 0x00, 0xf0, 0xff, 0x2b, 0x00, 0xfa, 0xff, 0x28, 0x00,
  0xf3, 0xff, 0x24, 0x00, 0xe2, 0xff, 0x1e, 0x00, 0xda, 0xff, 0x16, 0x00,
  0xe5, 0xff, 0x0b, 0x00, 0xfb, 0xff, 0x04, 0x00, 0x0e, 0x00, 0x03, 0x00,
  0x14, 0x00, 0x04, 0x00, 0x0e, 0x00, 0x03, 0x00, 0x03, 0x00, 0x00, 0x00,
  0x00, 0x00, 0xfd, 0xff, 0x0d, 0x00, 0xf7, 0xff, 0x21, 0x00, 0xec, 0xff,
  0x2b, 0x00, 0xe3, 0xff, 0x27, 0x00, 0xe1, 0xff, 0x20, 0x00, 0xe5, 0xff,
  0x23, 0x00, 0xe9, 0xff, 0x2d, 0x00, 0xec, 0xff, 0x32, 0x00, 0xf1, 0xff,
  0x2a, 0x00, 0xf7, 0xff, 0x1f, 0x00, 0xfb, 0xff, 0x1a, 0x00, 0xfd, 0xff,
  0x18, 0x00, 0xfd, 0xff, 0x11, 0x00, 0xf8, 0xff, 0x01, 0x00, 0xee, 0xff,
  0xf3, 0xff, 0xe7, 0xff, 0xf0, 0xff, 0xee, 0xff, 0xf9, 0xff, 0x01, 0x00,
  0x05, 0x00, 0x11, 0x00, 0x0a, 0x00, 0x10, 0x00, 0x04, 0x00, 0x02, 0x00,
  0xfb, 0xff, 0xf4, 0xff, 0xf3, 0xff, 0xf0, 0xff, 0xed, 0xff, 0xf6, 0xff,
  0xe3, 0xff, 0xfd, 0xff, 0xdb, 0xff, 0xfd, 0xff, 0xdd, 0xff, 0xf7, 0xff,
  0xee, 0xff, 0xf2, 0xff, 0x04, 0x00, 0xf6, 0xff, 0x0f, 0x00, 0x02, 0x00,
  0x0c, 0x00, 0x0d, 0x00, 0x06, 0x00, 0x15, 0x00, 0x0a, 0x00, 0x1d, 0x00,
  0x15, 0x00, 0x29, 0x00, 0x1c, 0x00, 0x32, 0x00, 0x17, 0x00, 0x33, 0x00,
  0x0a, 0x00, 0x2a, 0x00, 0xff, 0xff, 0x1b, 0x00, 0xfc, 0xff, 0x0e, 0x00,
  0x03, 0x00, 0x09, 0x00, 0x0f, 0x00, 0x0b, 0x00, 0x1d, 0x00, 0x10, 0x00,
  0x2a, 0x00, 0x14, 0x00, 0x32, 0x00, 0x17, 0x00, 0x2d, 0x00, 0x1a, 0x00,
  0x1b, 0x00, 0x19, 0x00, 0x06, 0x00, 0x0f, 0x00, 0xfb, 0xff, 0x02, 0x00,
  0xff, 0xff, 0xf8, 0xff, 0x0d, 0x00, 0xf6, 0xff, 0x1b, 0x00, 0xf4, 0xff,
  0x1f, 0x00, 0xeb, 0xff, 0x15, 0x00, 0xe0, 0xff, 0x01, 0x00, 0xe0, 0xff,
  0xed, 0xff, 0xee, 0xff, 0xe1, 0xff, 0x00, 0x00, 0xdf, 0xff, 0x0a, 0x00,
  0xe0, 0xff, 0x05, 0x00, 0xdf, 0xff, 0xf6, 0xff, 0xd4, 0xff, 0xe4, 0xff,
  0xc1, 0xff, 0xd7, 0xff, 0xb2, 0xff, 0xd1, 0xff, 0xb7, 0xff, 0xd1, 0xff,
  0xd2, 0xff, 0xcf, 0xff, 0xf2, 0xff, 0xcc, 0xff, 0x04, 0x00, 0xd1, 0xff,
  0x07, 0x00, 0xdf, 0xff, 0x03, 0x00, 0xed, 0xff, 0x03, 0x00, 0xf6, 0xff,
  0x0b, 0x00, 0xfb, 0xff, 0x16, 0x00, 0x02, 0x00, 0x20, 0x00, 0x0b, 0x00,
  0x24, 0x00, 0x0d, 0x00, 0x21, 0x00, 0x09, 0x00, 0x1a, 0x00, 0x07, 0x00,
  0x10, 0x00, 0x0a, 0x00, 0x05, 0x00, 0x10, 0x00, 0x01, 0x00, 0x17, 0x00,
  0x06, 0x00, 0x1e, 0x00, 0x12, 0x00, 0x22, 0x00, 0x1b, 0x00, 0x23, 0x00,
  0x1d, 0x00, 0x1f, 0x00, 0x19, 0x00, 0x16, 0x00, 0x14, 0x00, 0x06, 0x00,
  0x13, 0x00, 0xf5, 0xff, 0x16, 0x00, 0xed, 0xff, 0x1e, 0x00, 0xf3, 0xff,
  0x24, 0x00, 0xff, 0xff, 0x21, 0x00, 0x07, 0x00, 0x14, 0x00, 0x07, 0x00,
  0x05, 0x00, 0x03, 0x00, 0xfe, 0xff, 0x00, 0x00, 0x04, 0x00, 0x00, 0x00,
  0x10, 0x00, 0x00, 0x00, 0x17, 0x00, 0x00, 0x00, 0x18, 0x00, 0xfe, 0xff,
  0x13, 0x00, 0xfb, 0xff, 0x0b, 0x00, 0xf5, 0xff, 0x01, 0x00, 0xef, 0xff,
  0xf6, 0xff, 0xeb, 0xff, 0xe8, 0xff, 0xf0, 0xff, 0xdb, 0xff, 0xf9, 0xff,
  0xd5, 0xff, 0x00, 0x00, 0xd7, 0xff, 0xfd, 0xff, 0xdb, 0xff, 0xf1, 0xff,
  0xd5, 0xff, 0xe6, 0xff, 0xc6, 0xff, 0xe2, 0xff, 0xc2, 0xff, 0xe3, 0xff,
  0xd2, 0xff, 0xdf, 0xff, 0xea, 0xff, 0xd3, 0xff, 0xf5, 0xff, 0xca, 0xff,
  0xea, 0xff, 0xd3, 0xff, 0xd3, 0xff, 0xeb, 0xff, 0xc3, 0xff, 0x03, 0x00,
  0xc4, 0xff, 0x0b, 0x00, 0xd2, 0xff, 0x08, 0x00, 0xdf, 0xff, 0x05, 0x00,
  0xdc, 0xff, 0x0a, 0x00, 0xcd, 0xff, 0x14, 0x00, 0xbf, 0xff, 0x1c, 0x00,
  0xbe, 0xff, 0x1d, 0x00, 0xcc, 0xff, 0x1c, 0x00, 0xe0, 0xff, 0x1f, 0x00,
  0xef, 0xff, 0x25, 0x00, 0xf7, 0xff, 0x28, 0x00, 0xfb, 0xff, 0x28, 0x00,
  0x01, 0x00, 0x27, 0x00, 0x0e, 0x00, 0x25, 0x00, 0x1e, 0x00, 0x1e, 0x00,
  0x2a, 0x00, 0x14, 0x00, 0x32, 0x00, 0x10, 0x00, 0x38, 0x00, 0x17, 0x00,
  0x3d, 0x00, 0x21, 0x00, 0x41, 0x00, 0x25, 0x00, 0x41, 0x00, 0x1f, 0x00,
  0x3e, 0x00, 0x14, 0x00, 0x38, 0x00, 0x0a, 0x00, 0x35, 0x00, 0x0a, 0x00,
  0x3b, 0x00, 0x15, 0x00, 0x4a, 0x00, 0x1f, 0x00, 0x58, 0x00, 0x19, 0x00,
  0x5b, 0x00, 0x04, 0x00, 0x52, 0x00, 0xf1, 0xff, 0x43, 0x00, 0xed, 0xff,
  0x38, 0x00, 0xf5, 0xff, 0x2f, 0x00, 0xfd, 0xff, 0x22, 0x00, 0x02, 0x00,
  0x0f, 0x00, 0x01, 0x00, 0xfc, 0xff, 0xfd, 0xff, 0xef, 0xff, 0xf2, 0xff,
  0xe8, 0xff, 0xe3, 0xff, 0xe4, 0xff, 0xd8, 0xff, 0xe1, 0xff, 0xd2, 0xff,
  0xe3, 0xff, 0xcf, 0xff, 0xe9, 0xff, 0xcc, 0xff, 0xee, 0xff, 0xc8, 0xff,
  0xe7, 0xff, 0xc9, 0xff, 0xd4, 0xff, 0xd2, 0xff, 0xbe, 0xff, 0xe2, 0xff,
  0xb6, 0xff, 0xf3, 0xff, 0xc2, 0xff, 0xfb, 0xff, 0xd8, 0xff, 0xf2, 0xff,
  0xe8, 0xff, 0xdd, 0xff, 0xe9, 0xff, 0xcd, 0xff, 0xdf, 0xff, 0xcd, 0xff,
  0xd5, 0xff, 0xd9, 0xff, 0xd0, 0xff, 0xe5, 0xff, 0xcf, 0xff, 0xea, 0xff,
  0xd1, 0xff, 0xe9, 0xff, 0xd4, 0xff, 0xea, 0xff, 0xd9, 0xff, 0xf1, 0xff,
  0xe0, 0xff, 0xfc, 0xff, 0xe8, 0xff, 0x07, 0x00, 0xee, 0xff, 0x0b, 0x00,
  0xf3, 0xff, 0x0a, 0x00, 0xfa, 0xff, 0x0b, 0x00, 0x02, 0x00, 0x11, 0x00,
  0x08, 0x00, 0x1a, 0x00, 0x09, 0x00, 0x1e, 0x00, 0x06, 0x00, 0x1a, 0x00,
  0x04, 0x00, 0x12, 0x00, 0x01, 0x00, 0x0e, 0x00, 0xfb, 0xff, 0x17, 0x00,
  0xf5, 0xff, 0x28, 0x00, 0xf8, 0xff, 0x37, 0x00, 0x07, 0x00, 0x3a, 0x00,
  0x15, 0x00, 0x2e, 0x00, 0x18, 0x00, 0x1c, 0x00, 0x0f, 0x00, 0x0f, 0x00,
  0x07, 0x00, 0x0d, 0x00, 0x06, 0x00, 0x12, 0x00, 0x0b, 0x00, 0x16, 0x00,
  0x15, 0x00, 0x17, 0x00, 0x20, 0x00, 0x16, 0x00, 0x29, 0x00, 0x14, 0x00,
  0x2d, 0x00, 0x0f, 0x00, 0x2e, 0x00, 0x08, 0x00, 0x30, 0x00, 0x05, 0x00,
  0x36, 0x00, 0x04, 0x00, 0x3c, 0x00, 0x02, 0x00, 0x3e, 0x00, 0xfb, 0xff,
  0x3b, 0x00, 0xf5, 0xff, 0x34, 0x00, 0xf8, 0xff, 0x26, 0x00, 0x02, 0x00,
  0x18, 0x00, 0x0b, 0x00, 0x10, 0x00, 0x0c, 0x00, 0x11, 0x00, 0x07, 0x00,
  0x0f, 0x00, 0xff, 0xff, 0x02, 0x00, 0xf7, 0xff, 0xed, 0xff, 0xf0, 0xff,
  0xd9, 0xff, 0xe7, 0xff, 0xcb, 0xff, 0xdb, 0xff, 0xc4, 0xff, 0xce, 0xff,
  0xc1, 0xff, 0xcb, 0xff, 0xc1, 0xff, 0xd4, 0xff, 0xc2, 0xff, 0xe0, 0xff,
  0xc3, 0xff, 0xe3, 0xff, 0xc6, 0xff, 0xdc, 0xff, 0xca, 0xff, 0xda, 0xff,
  0xcd, 0xff, 0xe3, 0xff, 0xd0, 0xff, 0xf1, 0xff, 0xd8, 0xff, 0xf5, 0xff,
  0xe1, 0xff, 0xea, 0xff, 0xe5, 0xff, 0xdb, 0xff, 0xe1, 0xff, 0xd6, 0xff,
  0xe0, 0xff, 0xe1, 0xff, 0xe9, 0xff, 0xf6, 0xff, 0xf7, 0xff, 0x0a, 0x00,
  0xff, 0xff, 0x15, 0x00, 0xff, 0xff, 0x1b, 0x00, 0xfe, 0xff, 0x1b, 0x00,
  0x02, 0x00, 0x15, 0x00, 0x0f, 0x00, 0x06, 0x00, 0x21, 0x00, 0xf7, 0xff,
  0x2f, 0x00, 0xf4, 0xff, 0x2e, 0x00, 0x03, 0x00, 0x24, 0x00, 0x1c, 0x00,
  0x20, 0x00, 0x31, 0x00, 0x2c, 0x00, 0x34, 0x00, 0x3f, 0x00, 0x29, 0x00,
  0x48, 0x00, 0x18, 0x00, 0x41, 0x00, 0x0b, 0x00, 0x31, 0x00, 0x04, 0x00,
  0x25, 0x00, 0x03, 0x00, 0x21, 0x00, 0x08, 0x00, 0x20, 0x00, 0x0f, 0x00,
  0x18, 0x00, 0x13, 0x00, 0x07, 0x00, 0x16, 0x00, 0xf3, 0xff, 0x1c, 0x00,
  0xe4, 0xff, 0x23, 0x00, 0xdf, 0xff, 0x25, 0x00, 0xe1, 0xff, 0x20, 0x00,
  0xe6, 0xff, 0x18, 0x00, 0xe9, 0xff, 0x0e, 0x00, 0xec, 0xff, 0x00, 0x00,
  0xf1, 0xff, 0xf1, 0xff, 0xf9, 0xff, 0xe9, 0xff, 0xfe, 0xff, 0xec, 0xff,
  0x00, 0x00, 0xf6, 0xff, 0x00, 0x00, 0x01, 0x00, 0x03, 0x00, 0x09, 0x00,
  0x06, 0x00, 0x05, 0x00, 0x06, 0x00, 0xf7, 0xff, 0x03, 0x00, 0xea, 0xff,
  0x02, 0x00, 0xec, 0xff, 0x09, 0x00, 0xfa, 0xff, 0x16, 0x00, 0x03, 0x00,
  0x24, 0x00, 0x00, 0x00, 0x2b, 0x00, 0xf8, 0xff, 0x25, 0x00, 0xf5, 0xff,
  0x18, 0x00, 0xf9, 0xff, 0x10, 0x00, 0x00, 0x00, 0x13, 0x00, 0x05, 0x00,
  0x1d, 0x00, 0x05, 0x00, 0x24, 0x00, 0x00, 0x00, 0x26, 0x00, 0xf6, 0xff,
  0x21, 0x00, 0xeb, 0xff, 0x18, 0x00, 0xe5, 0xff, 0x0b, 0x00, 0xe5, 0xff,
  0xfe, 0xff, 0xef, 0xff, 0xf2, 0xff, 0x02, 0x00, 0xe8, 0xff, 0x16, 0x00,
  0xe1, 0xff, 0x21, 0x00, 0xe0, 0xff, 0x1b, 0x00, 0xe4, 0xff, 0x07, 0x00,
  0xe8, 0xff, 0xf5, 0xff, 0xea, 0xff, 0xec, 0xff, 0xe9, 0xff, 0xee, 0xff,
  0xea, 0xff, 0xf7, 0xff, 0xee, 0xff, 0x02, 0x00, 0xf4, 0xff, 0x0b, 0x00,
  0xf6, 0xff, 0x0f, 0x00, 0xf3, 0xff, 0x0f, 0x00, 0xeb, 0xff, 0x10, 0x00,
  0xe3, 0xff, 0x12, 0x00, 0xe0, 0xff, 0x13, 0x00, 0xe5, 0xff, 0x13, 0x00,
  0xec, 0xff, 0x13, 0x00, 0xee, 0xff, 0x11, 0x00, 0xe6, 0xff, 0x0a, 0x00,
  0xdf, 0xff, 0x01, 0x00, 0xe2, 0xff, 0xff, 0xff, 0xf2, 0xff, 0x05, 0x00,
  0x06, 0x00, 0x09, 0x00, 0x12, 0x00, 0x07, 0x00, 0x13, 0x00, 0x03, 0x00,
  0x0e, 0x00, 0x02, 0x00, 0x0c, 0x00, 0x05, 0x00, 0x0b, 0x00, 0x09, 0x00,
  0x05, 0x00, 0x0b, 0x00, 0xfc, 0xff, 0x0b, 0x00, 0xf7, 0xff, 0x09, 0x00,
  0xfa, 0xff, 0x07, 0x00, 0xfe, 0xff, 0x04, 0x00, 0xfb, 0xff, 0xff, 0xff,
  0xf4, 0xff, 0xf8, 0xff, 0xef, 0xff, 0xf0, 0xff, 0xef, 0xff, 0xeb, 0xff,
  0xf2, 0xff, 0xe8, 0xff, 0xf4, 0xff, 0xe1, 0xff, 0xf1, 0xff, 0xd3, 0xff,
  0xe9, 0xff, 0xc2, 0xff, 0xe3, 0xff, 0xb9, 0xff, 0xe2, 0xff, 0xbd, 0xff,
  0xe7, 0xff, 0xcb, 0xff, 0xed, 0xff, 0xdc, 0xff, 0xf4, 0xff, 0xf1, 0xff,
  0xfd, 0xff, 0x04, 0x00, 0x06, 0x00, 0x0d, 0x00, 0x0a, 0x00, 0x09, 0x00,
  0x06, 0x00, 0xfe, 0xff, 0xff, 0xff, 0xf7, 0xff, 0xfd, 0xff, 0xfb, 0xff,
  0x03, 0x00, 0x0a, 0x00, 0x0e, 0x00, 0x1d, 0x00, 0x18, 0x00, 0x2a, 0x00,
  0x21, 0x00, 0x2e, 0x00, 0x29, 0x00, 0x2b, 0x00, 0x2e, 0x00, 0x2a, 0x00,
  0x2d, 0x00, 0x2b, 0x00, 0x28, 0x00, 0x2a, 0x00, 0x25, 0x00, 0x25, 0x00,
  0x25, 0x00, 0x20, 0x00, 0x24, 0x00, 0x1d, 0x00, 0x1d, 0x00, 0x1c, 0x00,
  0x14, 0x00, 0x1e, 0x00, 0x0f, 0x00, 0x21, 0x00, 0x11, 0x00, 0x25, 0x00,
  0x1a, 0x00, 0x27, 0x00, 0x23, 0x00, 0x27, 0x00, 0x26, 0x00, 0x24, 0x00,
  0x1d, 0x00, 0x1a, 0x00, 0x0d, 0x00, 0x08, 0x00, 0xfd, 0xff, 0xf5, 0xff,
  0xf3, 0xff, 0xe7, 0xff, 0xee, 0xff, 0xe1, 0xff, 0xeb, 0xff, 0xe1, 0xff,
  0xea, 0xff, 0xe5, 0xff, 0xe8, 0xff, 0xe8, 0xff, 0xe7, 0xff, 0xe8, 0xff,
  0xeb, 0xff, 0xe4, 0xff, 0xf6, 0xff, 0xdd, 0xff, 0x04, 0x00, 0xd4, 0xff,
  0x0b, 0x00, 0xcc, 0xff, 0x08, 0x00, 0xc5, 0xff, 0x00, 0x00, 0xbf, 0xff,
  0xf8, 0xff, 0xbb, 0xff, 0xf3, 0xff, 0xbc, 0xff, 0xf3, 0xff, 0xc6, 0xff,
  0xf7, 0xff, 0xd6, 0xff, 0xfc, 0xff, 0xe6, 0xff, 0xfc, 0xff, 0xf5, 0xff,
  0xf8, 0xff, 0xff, 0xff, 0xf2, 0xff, 0x01, 0x00, 0xee, 0xff, 0xfb, 0xff,
  0xea, 0xff, 0xf2, 0xff, 0xe6, 0xff, 0xed, 0xff, 0xe4, 0xff, 0xee, 0xff,
  0xe7, 0xff, 0xf9, 0xff, 0xee, 0xff, 0x09, 0x00, 0xf3, 0xff, 0x15, 0x00,
  0xf2, 0xff, 0x16, 0x00, 0xf2, 0xff, 0x0e, 0x00, 0xf4, 0xff, 0x08, 0x00,
  0xf9, 0xff, 0x08, 0x00, 0xfe, 0xff, 0x09, 0x00, 0x00, 0x00, 0x07, 0x00,
  0xfc, 0xff, 0x05, 0x00, 0xf4, 0xff, 0x09, 0x00, 0xed, 0xff, 0x12, 0x00,
  0xeb, 0xff, 0x1b, 0x00, 0xf2, 0xff, 0x22, 0x00, 0xff, 0xff, 0x29, 0x00,
  0x0c, 0x00, 0x30, 0x00, 0x19, 0x00, 0x34, 0x00, 0x26, 0x00, 0x33, 0x00,
  0x30, 0x00, 0x2d, 0x00, 0x2e, 0x00, 0x25, 0x00, 0x1f, 0x00, 0x1d, 0x00,
  0x0e, 0x00, 0x18, 0x00, 0x07, 0x00, 0x17, 0x00, 0x0c, 0x00, 0x16, 0x00,
  0x14, 0x00, 0x14, 0x00, 0x18, 0x00, 0x12, 0x00, 0x1b, 0x00, 0x14, 0x00,
  0x20, 0x00, 0x17, 0x00, 0x27, 0x00, 0x14, 0x00, 0x2c, 0x00, 0x08, 0x00,
  0x2a, 0x00, 0xf8, 0xff, 0x1e, 0x00, 0xf0, 0xff, 0x0b, 0x00, 0xf6, 0xff,
  0xf9, 0xff, 0x03, 0x00, 0xf0, 0xff, 0x0c, 0x00, 0xef, 0xff, 0x0a, 0x00,
  0xf2, 0xff, 0xfd, 0xff, 0xfb, 0xff, 0xee, 0xff, 0x08, 0x00, 0xe3, 0xff,
  0x0d, 0x00, 0xdf, 0xff, 0x05, 0x00, 0xde, 0xff, 0xf1, 0xff, 0xdc, 0xff,
  0xe1, 0xff, 0xdc, 0xff, 0xda, 0xff, 0xde, 0xff, 0xda, 0xff, 0xde, 0xff,
  0xdb, 0xff, 0xda, 0xff, 0xda, 0xff, 0xd8, 0xff, 0xd8, 0xff, 0xdb, 0xff,
  0xd8, 0xff, 0xe2, 0xff, 0xde, 0xff, 0xe7, 0xff, 0xe8, 0xff, 0xe4, 0xff,
  0xf1, 0xff, 0xdb, 0xff, 0xf3, 0xff, 0xd4, 0xff, 0xf0, 0xff, 0xd6, 0xff,
  0xee, 0xff, 0xe2, 0xff, 0xf1, 0xff, 0xf4, 0xff, 0xf8, 0xff, 0x00, 0x00,
  0xff, 0xff, 0x04, 0x00, 0x04, 0x00, 0x05, 0x00, 0x0c, 0x00, 0x08, 0x00,
  0x15, 0x00, 0x0e, 0x00, 0x18, 0x00, 0x12, 0x00, 0x15, 0x00, 0x13, 0x00,
  0x12, 0x00, 0x13, 0x00, 0x14, 0x00, 0x17, 0x00, 0x1a, 0x00, 0x1d, 0x00,
  0x1c, 0x00, 0x21, 0x00, 0x19, 0x00, 0x21, 0x00, 0x13, 0x00, 0x20, 0x00,
  0x0d, 0x00, 0x24, 0x00, 0x0a, 0x00, 0x2a, 0x00, 0x0c, 0x00, 0x2c, 0x00,
  0x0b, 0x00, 0x24, 0x00, 0x01, 0x00, 0x13, 0x00, 0xf3, 0xff, 0x04, 0x00,
  0xec, 0xff, 0xfe, 0xff, 0xf2, 0xff, 0x05, 0x00, 0xfc, 0xff, 0x12, 0x00,
  0xfd, 0xff, 0x1a, 0x00, 0xf3, 0xff, 0x18, 0x00, 0xe6, 0xff, 0x0d, 0x00,
  0xdf, 0xff, 0xfe, 0xff, 0xe2, 0xff, 0xf1, 0xff, 0xec, 0xff, 0xe8, 0xff,
  0xf2, 0xff, 0xe2, 0xff, 0xec, 0xff, 0xda, 0xff, 0xdf, 0xff, 0xd1, 0xff,
  0xd3, 0xff, 0xc7, 0xff, 0xd1, 0xff, 0xc2, 0xff, 0xd7, 0xff, 0xc4, 0xff,
  0xe0, 0xff, 0xcd, 0xff, 0xeb, 0xff, 0xd9, 0xff, 0xf7, 0xff, 0xe7, 0xff,
  0x04, 0x00, 0xf0, 0xff, 0x0d, 0x00, 0xf4, 0xff, 0x12, 0x00, 0xf5, 0xff,
  0x18, 0x00, 0xf7, 0xff, 0x1d, 0x00, 0x00, 0x00, 0x1f, 0x00, 0x0f, 0x00,
  0x18, 0x00, 0x1e, 0x00, 0x0e, 0x00, 0x29, 0x00, 0x09, 0x00, 0x2a, 0x00,
  0x0c, 0x00, 0x21, 0x00, 0x14, 0x00, 0x17, 0x00, 0x20, 0x00, 0x14, 0x00,
  0x2f, 0x00, 0x1a, 0x00, 0x3a, 0x00, 0x21, 0x00, 0x3b, 0x00, 0x21, 0x00,
  0x35, 0x00, 0x1d, 0x00, 0x2f, 0x00, 0x19, 0x00, 0x2e, 0x00, 0x19, 0x00,
  0x2e, 0x00, 0x1c, 0x00, 0x2b, 0x00, 0x1f, 0x00, 0x1e, 0x00, 0x1d, 0x00,
  0x0a, 0x00, 0x18, 0x00, 0xfb, 0xff, 0x13, 0x00, 0xfd, 0xff, 0x0b, 0x00,
  0x0a, 0x00, 0x01, 0x00, 0x0f, 0x00, 0xf6, 0xff, 0x00, 0x00, 0xf1, 0xff,
  0xe7, 0xff, 0xf4, 0xff, 0xd8, 0xff, 0xfb, 0xff, 0xd8, 0xff, 0xfe, 0xff,
  0xe1, 0xff, 0xfb, 0xff, 0xe7, 0xff, 0xf5, 0xff, 0xe7, 0xff, 0xf2, 0xff,
  0xe7, 0xff, 0xf0, 0xff, 0xec, 0xff, 0xed, 0xff, 0xf5, 0xff, 0xe9, 0xff,
  0xfd, 0xff, 0xe7, 0xff, 0xf8, 0xff, 0xe8, 0xff, 0xe9, 0xff, 0xea, 0xff,
  0xdb, 0xff, 0xe9, 0xff, 0xd7, 0xff, 0xe6, 0xff, 0xd8, 0xff, 0xe4, 0xff,
  0xd7, 0xff, 0xe2, 0xff, 0xd7, 0xff, 0xe0, 0xff, 0xe3, 0xff, 0xdd, 0xff,
  0xfc, 0xff, 0xdc, 0xff, 0x13, 0x00, 0xdd, 0xff, 0x17, 0x00, 0xde, 0xff,
  0x09, 0x00, 0xdf, 0xff, 0xf6, 0xff, 0xdd, 0xff, 0xec, 0xff, 0xdc, 0xff,
  0xed, 0xff, 0xe1, 0xff, 0xf2, 0xff, 0xf0, 0xff, 0xf5, 0xff, 0xfe, 0xff,
  0xf8, 0xff, 0xfe, 0xff, 0x02, 0x00, 0xf0, 0xff, 0x13, 0x00, 0xdf, 0xff,
  0x21, 0x00, 0xd5, 0xff, 0x1e, 0x00, 0xda, 0xff, 0x0e, 0x00, 0xef, 0xff,
  0x00, 0x00, 0x0b, 0x00, 0x01, 0x00, 0x1b, 0x00, 0x0b, 0x00, 0x19, 0x00,
  0x12, 0x00, 0x0d, 0x00, 0x12, 0x00, 0x06, 0x00, 0x0e, 0x00, 0x09, 0x00,
  0x11, 0x00, 0x10, 0x00, 0x1b, 0x00, 0x18, 0x00, 0x28, 0x00, 0x1f, 0x00,
  0x2d, 0x00, 0x1e, 0x00, 0x27, 0x00, 0x13, 0x00, 0x18, 0x00, 0x07, 0x00,
  0x0c, 0x00, 0x05, 0x00, 0x08, 0x00, 0x0e, 0x00, 0x0c, 0x00, 0x1b, 0x00,
  0x13, 0x00, 0x21, 0x00, 0x1e, 0x00, 0x1b, 0x00, 0x2c, 0x00, 0x12, 0x00,
  0x3c, 0x00, 0x11, 0x00, 0x45, 0x00, 0x1f, 0x00, 0x40, 0x00, 0x32, 0x00,
  0x30, 0x00, 0x39, 0x00, 0x1b, 0x00, 0x2e, 0x00, 0x08, 0x00, 0x1c, 0x00,
  0xfc, 0xff, 0x0f, 0x00, 0xf8, 0xff, 0x0e, 0x00, 0xfa, 0xff, 0x13, 0x00,
  0xfa, 0xff, 0x10, 0x00, 0xf6, 0xff, 0x02, 0x00, 0xf1, 0xff, 0xf9, 0xff,
  0xee, 0xff, 0x01, 0x00, 0xec, 0xff, 0x13, 0x00, 0xeb, 0xff, 0x1e, 0x00,
  0xec, 0xff, 0x18, 0x00, 0xec, 0xff, 0x09, 0x00, 0xe7, 0xff, 0xfc, 0xff,
  0xdc, 0xff, 0xf6, 0xff, 0xd4, 0xff, 0xef, 0xff, 0xd6, 0xff, 0xe4, 0xff,
  0xe1, 0xff, 0xd4, 0xff, 0xed, 0xff, 0xcc, 0xff, 0xf8, 0xff, 0xd2, 0xff,
  0xfe, 0xff, 0xe1, 0xff, 0xff, 0xff, 0xec, 0xff, 0xfa, 0xff, 0xf1, 0xff,
  0xf6, 0xff, 0xf6, 0xff, 0xf8, 0xff, 0xfe, 0xff, 0xff, 0xff, 0x02, 0x00,
  0x05, 0x00, 0xfe, 0xff, 0x0a, 0x00, 0xf5, 0xff, 0x0c, 0x00, 0xef, 0xff,
  0x0d, 0x00, 0xf2, 0xff, 0x08, 0x00, 0x01, 0x00, 0x01, 0x00, 0x15, 0x00,
  0xfa, 0xff, 0x20, 0x00, 0xf6, 0xff, 0x1a, 0x00, 0xf0, 0xff, 0x0c, 0x00,
  0xe5, 0xff, 0x01, 0x00, 0xd7, 0xff, 0xfa, 0xff, 0xd2, 0xff, 0xf5, 0xff,
  0xd7, 0xff, 0xef, 0xff, 0xe1, 0xff, 0xeb, 0xff, 0xeb, 0xff, 0xe9, 0xff,
  0xf5, 0xff, 0xeb, 0xff, 0xff, 0xff, 0xf3, 0xff, 0x05, 0x00, 0xfe, 0xff,
  0x04, 0x00, 0x04, 0x00, 0xfd, 0xff, 0x01, 0x00, 0xf5, 0xff, 0xf8, 0xff,
  0xf1, 0xff, 0xf0, 0xff, 0xf8, 0xff, 0xec, 0xff, 0x04, 0x00, 0xe9, 0xff,
  0x0d, 0x00, 0xe5, 0xff, 0x0b, 0x00, 0xdd, 0xff, 0x00, 0x00, 0xd8, 0xff,
  0xf8, 0xff, 0xdb, 0xff, 0xf4, 0xff, 0xe5, 0xff, 0xf1, 0xff, 0xf2, 0xff,
  0xef, 0xff, 0xf9, 0xff, 0xf4, 0xff, 0xf9, 0xff, 0xfd, 0xff, 0xf7, 0xff,
  0x05, 0x00, 0xfa, 0xff, 0x09, 0x00, 0x03, 0x00, 0x0b, 0x00, 0x0c, 0x00,
  0x12, 0x00, 0x10, 0x00, 0x1b, 0x00, 0x10, 0x00, 0x21, 0x00, 0x11, 0x00,
  0x22, 0x00, 0x14, 0x00, 0x1c, 0x00, 0x18, 0x00, 0x15, 0x00, 0x1b, 0x00,
  0x0e, 0x00, 0x1d, 0x00, 0x0b, 0x00, 0x1c, 0x00, 0x0a, 0x00, 0x18, 0x00,
  0x09, 0x00, 0x14, 0x00, 0x0a, 0x00, 0x14, 0x00, 0x0b, 0x00, 0x15, 0x00,
  0x0d, 0x00, 0x19, 0x00, 0x0c, 0x00, 0x1f, 0x00, 0x06, 0x00, 0x25, 0x00,
  0xff, 0xff, 0x26, 0x00, 0xf9, 0xff, 0x1e, 0x00, 0xf7, 0xff, 0x12, 0x00,
  0xf6, 0xff, 0x08, 0x00, 0xf4, 0xff, 0x01, 0x00, 0xf1, 0xff, 0xfb, 0xff,
  0xee, 0xff, 0xf8, 0xff, 0xed, 0xff, 0xfb, 0xff, 0xeb, 0xff, 0x03, 0x00,
  0xe7, 0xff, 0x0a, 0x00, 0xe4, 0xff, 0x0e, 0x00, 0xe8, 0xff, 0x14, 0x00,
  0xec, 0xff, 0x1d, 0x00, 0xe9, 0xff, 0x1e, 0x00, 0xe1, 0xff, 0x13, 0x00,
  0xdd, 0xff, 0x02, 0x00, 0xe5, 0xff, 0xf6, 0xff, 0xf7, 0xff, 0xf3, 0xff,
  0x06, 0x00, 0xf2, 0xff, 0x0a, 0x00, 0xf0, 0xff, 0x07, 0x00, 0xec, 0xff,
  0x08, 0x00, 0xea, 0xff, 0x10, 0x00, 0xed, 0xff, 0x19, 0x00, 0xf7, 0xff,
  0x1b, 0x00, 0xfe, 0xff, 0x19, 0x00, 0xfa, 0xff, 0x1d, 0x00, 0xea, 0xff,
  0x27, 0x00, 0xd8, 0xff, 0x32, 0x00, 0xd1, 0xff, 0x36, 0x00, 0xda, 0xff,
  0x34, 0x00, 0xed, 0xff, 0x31, 0x00, 0xff, 0xff, 0x2f, 0x00, 0x03, 0x00,
  0x32, 0x00, 0xf9, 0xff, 0x34, 0x00, 0xe9, 0xff, 0x2c, 0x00, 0xdf, 0xff,
  0x18, 0x00, 0xdd, 0xff, 0x04, 0x00, 0xde, 0xff, 0xfd, 0xff, 0xdd, 0xff,
  0x02, 0x00, 0xd9, 0xff, 0x06, 0x00, 0xd5, 0xff, 0x04, 0x00, 0xd3, 0xff,
  0xff, 0xff, 0xd4, 0xff, 0xf8, 0xff, 0xda, 0xff, 0xf1, 0xff, 0xe6, 0xff,
  0xed, 0xff, 0xf4, 0xff, 0xef, 0xff, 0xfa, 0xff, 0xf8, 0xff, 0xf9, 0xff,
  0x02, 0x00, 0xf6, 0xff, 0x07, 0x00, 0xfa, 0xff, 0x05, 0x00, 0x05, 0x00,
  0xfc, 0xff, 0x10, 0x00, 0xf6, 0xff, 0x1b, 0x00, 0xf9, 0xff, 0x26, 0x00,
  0x02, 0x00, 0x2b, 0x00, 0x08, 0x00, 0x28, 0x00, 0x04, 0x00, 0x23, 0x00,
  0xfd, 0xff, 0x26, 0x00, 0xfa, 0xff, 0x2f, 0x00, 0xfd, 0xff, 0x35, 0x00,
  0x01, 0x00, 0x35, 0x00, 0xff, 0xff, 0x33, 0x00, 0xf6, 0xff, 0x33, 0x00,
  0xea, 0xff, 0x2f, 0x00, 0xe0, 0xff, 0x24, 0x00, 0xd9, 0xff, 0x15, 0x00,
  0xd5, 0xff, 0x0a, 0x00, 0xd6, 0xff, 0x07, 0x00, 0xdd, 0xff, 0x08, 0x00,
  0xe5, 0xff, 0x06, 0x00, 0xe6, 0xff, 0xfe, 0xff, 0xe4, 0xff, 0xf4, 0xff,
  0xe5, 0xff, 0xf0, 0xff, 0xe7, 0xff, 0xf5, 0xff, 0xe6, 0xff, 0xfe, 0xff,
  0xe4, 0xff, 0x03, 0x00, 0xe2, 0xff, 0xff, 0xff, 0xe3, 0xff, 0xf3, 0xff,
  0xe9, 0xff, 0xe8, 0xff, 0xf7, 0xff, 0xe7, 0xff, 0x07, 0x00, 0xed, 0xff,
  0x0f, 0x00, 0xf5, 0xff, 0x0f, 0x00, 0xfb, 0xff, 0x13, 0x00, 0x00, 0x00,
  0x1e, 0x00, 0x05, 0x00, 0x2a, 0x00, 0x03, 0x00, 0x2d, 0x00, 0xfc, 0xff,
  0x2b, 0x00, 0xf4, 0xff, 0x2b, 0x00, 0xef, 0xff, 0x2b, 0x00, 0xee, 0xff,
  0x25, 0x00, 0xec, 0xff, 0x19, 0x00, 0xeb, 0xff, 0x0e, 0x00, 0xeb, 0xff,
  0x0c, 0x00, 0xec, 0xff, 0x0f, 0x00, 0xf2, 0xff, 0x10, 0x00, 0xf9, 0xff,
  0x05, 0x00, 0xf9, 0xff, 0xf2, 0xff, 0xef, 0xff, 0xe2, 0xff, 0xe3, 0xff,
  0xdd, 0xff, 0xdd, 0xff, 0xe0, 0xff, 0xdf, 0xff, 0xe5, 0xff, 0xdf, 0xff,
  0xea, 0xff, 0xdb, 0xff, 0xec, 0xff, 0xd6, 0xff, 0xe9, 0xff, 0xd7, 0xff,
  0xe6, 0xff, 0xdd, 0xff, 0xe5, 0xff, 0xe2, 0xff, 0xe5, 0xff, 0xe4, 0xff,
  0xe6, 0xff, 0xe3, 0xff, 0xe7, 0xff, 0xe9, 0xff, 0xe6, 0xff, 0xf4, 0xff,
  0xe3, 0xff, 0x00, 0x00, 0xe0, 0xff, 0x08, 0x00, 0xe6, 0xff, 0x0b, 0x00,
  0xf4, 0xff, 0x0c, 0x00, 0x03, 0x00, 0x0d, 0x00, 0x0c, 0x00, 0x12, 0x00,
  0x0f, 0x00, 0x18, 0x00, 0x13, 0x00, 0x1c, 0x00, 0x19, 0x00, 0x1a, 0x00,
  0x1a, 0x00, 0x18, 0x00, 0x13, 0x00, 0x18, 0x00, 0x08, 0x00, 0x18, 0x00,
  0x02, 0x00, 0x15, 0x00, 0x05, 0x00, 0x10, 0x00, 0x0b, 0x00, 0x0f, 0x00,
  0x0c, 0x00, 0x0f, 0x00, 0x07, 0x00, 0x0c, 0x00, 0x00, 0x00, 0x08, 0x00,
  0xfc, 0xff, 0x07, 0x00, 0xfc, 0xff, 0x09, 0x00, 0xfc, 0xff, 0x0b, 0x00,
  0xfe, 0xff, 0x07, 0x00, 0x01, 0x00, 0x00, 0x00, 0xff, 0xff, 0xfb, 0xff,
  0xf4, 0xff, 0xfb, 0xff, 0xe8, 0xff, 0x01, 0x00, 0xe4, 0xff, 0x0b, 0x00,
  0xf0, 0xff, 0x12, 0x00, 0x04, 0x00, 0x15, 0x00, 0x0f, 0x00, 0x13, 0x00,
  0x06, 0x00, 0x12, 0x00, 0xf2, 0xff, 0x13, 0x00, 0xe5, 0xff, 0x14, 0x00,
  0xe9, 0xff, 0x15, 0x00, 0xf8, 0xff, 0x17, 0x00, 0x04, 0x00, 0x1b, 0x00,
  0x05, 0x00, 0x20, 0x00, 0x00, 0x00, 0x20, 0x00, 0x01, 0x00, 0x1d, 0x00,
  0x0a, 0x00, 0x19, 0x00, 0x12, 0x00, 0x1a, 0x00, 0x10, 0x00, 0x1a, 0x00,
  0x03, 0x00, 0x16, 0x00, 0xf7, 0xff, 0x0e, 0x00, 0xf5, 0xff, 0x07, 0x00,
  0xfb, 0xff, 0x05, 0x00, 0x00, 0x00, 0x06, 0x00, 0xfb, 0xff, 0x02, 0x00,
  0xf0, 0xff, 0xfb, 0xff, 0xea, 0xff, 0xf3, 0xff, 0xed, 0xff, 0xee, 0xff,
  0xf6, 0xff, 0xe6, 0xff, 0xfa, 0xff, 0xdb, 0xff, 0xf9, 0xff, 0xd1, 0xff,
  0xf6, 0xff, 0xd0, 0xff, 0xf5, 0xff, 0xda, 0xff, 0xf8, 0xff, 0xe6, 0xff,
  0x02, 0x00, 0xeb, 0xff, 0x0f, 0x00, 0xe5, 0xff, 0x14, 0x00, 0xdb, 0xff,
  0x0d, 0x00, 0xd8, 0xff, 0x01, 0x00, 0xde, 0xff, 0xfc, 0xff, 0xea, 0xff,
  0x01, 0x00, 0xf1, 0xff, 0x06, 0x00, 0xf4, 0xff, 0x00, 0x00, 0xf5, 0xff,
  0xf7, 0xff, 0xfb, 0xff, 0xf5, 0xff, 0x04, 0x00, 0xff, 0xff, 0x0d, 0x00,
  0x09, 0x00, 0x11, 0x00, 0x09, 0x00, 0x10, 0x00, 0x04, 0x00, 0x10, 0x00,
  0x04, 0x00, 0x13, 0x00, 0x0e, 0x00, 0x13, 0x00, 0x1d, 0x00, 0x0c, 0x00,
  0x28, 0x00, 0x02, 0x00, 0x23, 0x00, 0xfe, 0xff, 0x0f, 0x00, 0x04, 0x00,
  0xfc, 0xff, 0x0e, 0x00, 0xfc, 0xff, 0x16, 0x00, 0x0d, 0x00, 0x17, 0x00,
  0x1b, 0x00, 0x12, 0x00, 0x17, 0x00, 0x0c, 0x00, 0x0d, 0x00, 0x07, 0x00,
  0x0f, 0x00, 0x00, 0x00, 0x1c, 0x00, 0xf8, 0xff, 0x27, 0x00, 0xf1, 0xff,
  0x25, 0x00, 0xef, 0xff, 0x1a, 0x00, 0xf0, 0xff, 0x0f, 0x00, 0xf1, 0xff,
  0x09, 0x00, 0xee, 0xff, 0x04, 0x00, 0xeb, 0xff, 0xfa, 0xff, 0xea, 0xff,
  0xec, 0xff, 0xec, 0xff, 0xe4, 0xff, 0xf1, 0xff, 0xea, 0xff, 0xf7, 0xff,
  0xf6, 0xff, 0xf9, 0xff, 0xfa, 0xff, 0xf3, 0xff, 0xee, 0xff, 0xec, 0xff,
  0xda, 0xff, 0xea, 0xff, 0xcb, 0xff, 0xf1, 0xff, 0xcb, 0xff, 0xfd, 0xff,
  0xd7, 0xff, 0x07, 0x00, 0xe6, 0xff, 0x0d, 0x00, 0xf2, 0xff, 0x10, 0x00,
  0xfa, 0xff, 0x10, 0x00, 0x00, 0x00, 0x0e, 0x00, 0x03, 0x00, 0x0e, 0x00,
  0x04, 0x00, 0x14, 0x00, 0x06, 0x00, 0x1c, 0x00, 0x06, 0x00, 0x20, 0x00,
  0x01, 0x00, 0x1a, 0x00, 0xfa, 0xff, 0x10, 0x00, 0xf6, 0xff, 0x0a, 0x00,
  0xf6, 0xff, 0x0d, 0x00, 0xf4, 0xff, 0x13, 0x00, 0xf4, 0xff, 0x16, 0x00,
  0xfd, 0xff, 0x12, 0x00, 0x0e, 0x00, 0x0b, 0x00, 0x1c, 0x00, 0x03, 0x00,
  0x23, 0x00, 0xfc, 0xff, 0x21, 0x00, 0xf4, 0xff, 0x17, 0x00, 0xeb, 0xff,
  0x0a, 0x00, 0xe4, 0xff, 0x01, 0x00, 0xe1, 0xff, 0x01, 0x00, 0xe2, 0xff,
  0x05, 0x00, 0xe6, 0xff, 0x01, 0x00, 0xe9, 0xff, 0xf7, 0xff, 0xea, 0xff,
  0xf5, 0xff, 0xec, 0xff, 0x00, 0x00, 0xf4, 0xff, 0x12, 0x00, 0xff, 0xff,
  0x1f, 0x00, 0x08, 0x00, 0x22, 0x00, 0x0b, 0x00, 0x1f, 0x00, 0x0d, 0x00,
  0x1c, 0x00, 0x0f, 0x00, 0x17, 0x00, 0x0e, 0x00, 0x0f, 0x00, 0x08, 0x00,
  0x05, 0x00, 0x03, 0x00, 0xfe, 0xff, 0x05, 0x00, 0xf9, 0xff, 0x0c, 0x00,
  0xf8, 0xff, 0x12, 0x00, 0xfb, 0xff, 0x12, 0x00, 0xfd, 0xff, 0x0e, 0x00,
  0xf8, 0xff, 0x0c, 0x00, 0xec, 0xff, 0x0f, 0x00, 0xe2, 0xff, 0x16, 0x00,
  0xe0, 0xff, 0x1b, 0x00, 0xe2, 0xff, 0x19, 0x00, 0xe5, 0xff, 0x12, 0x00,
  0xeb, 0xff, 0x0b, 0x00, 0xf2, 0xff, 0x03, 0x00, 0xf5, 0xff, 0xf5, 0xff,
  0xf2, 0xff, 0xe7, 0xff, 0xec, 0xff, 0xe0, 0xff, 0xea, 0xff, 0xe7, 0xff,
  0xe9, 0xff, 0xf5, 0xff, 0xe4, 0xff, 0x00, 0x00, 0xdf, 0xff, 0x00, 0x00,
  0xdc, 0xff, 0xf8, 0xff, 0xda, 0xff, 0xf2, 0xff, 0xda, 0xff, 0xf5, 0xff,
  0xe0, 0xff, 0xff, 0xff, 0xf0, 0xff, 0x07, 0x00, 0x07, 0x00, 0x0c, 0x00,
  0x1a, 0x00, 0x0f, 0x00, 0x24, 0x00, 0x13, 0x00, 0x27, 0x00, 0x16, 0x00,
  0x26, 0x00, 0x17, 0x00, 0x21, 0x00, 0x15, 0x00, 0x1a, 0x00, 0x10, 0x00,
  0x16, 0x00, 0x08, 0x00, 0x12, 0x00, 0x01, 0x00, 0x0e, 0x00, 0xf9, 0xff,
  0x0c, 0x00, 0xee, 0xff, 0x10, 0x00, 0xe5, 0xff, 0x17, 0x00, 0xe6, 0xff,
  0x19, 0x00, 0xf0, 0xff, 0x13, 0x00, 0xf8, 0xff, 0x0b, 0x00, 0xf5, 0xff,
  0x07, 0x00, 0xec, 0xff, 0x09, 0x00, 0xe2, 0xff, 0x0c, 0x00, 0xd9, 0xff,
  0x11, 0x00, 0xd5, 0xff, 0x15, 0x00, 0xd5, 0xff, 0x14, 0x00, 0xd8, 0xff,
  0x0c, 0x00, 0xd8, 0xff, 0xfe, 0xff, 0xd9, 0xff, 0xf5, 0xff, 0xde, 0xff,
  0xf2, 0xff, 0xeb, 0xff, 0xf3, 0xff, 0xfa, 0xff, 0xf3, 0xff, 0x09, 0x00,
  0xf0, 0xff, 0x12, 0x00, 0xed, 0xff, 0x12, 0x00, 0xe9, 0xff, 0x08, 0x00,
  0xeb, 0xff, 0xfd, 0xff, 0xf6, 0xff, 0xf8, 0xff, 0x03, 0x00, 0xfa, 0xff,
  0x05, 0x00, 0xff, 0xff, 0xf9, 0xff, 0x04, 0x00, 0xe8, 0xff, 0x04, 0x00,
  0xdd, 0xff, 0x04, 0x00, 0xdb, 0xff, 0x0a, 0x00, 0xdf, 0xff, 0x16, 0x00,
  0xe1, 0xff, 0x1d, 0x00, 0xe0, 0xff, 0x1b, 0x00, 0xdd, 0xff, 0x17, 0x00,
  0xda, 0xff, 0x1b, 0x00, 0xdc, 0xff, 0x25, 0x00, 0xe1, 0xff, 0x2b, 0x00,
  0xe7, 0xff, 0x27, 0x00, 0xee, 0xff, 0x1b, 0x00, 0xf6, 0xff, 0x0c, 0x00,
  0x01, 0x00, 0xff, 0xff, 0x0a, 0x00, 0xf5, 0xff, 0x0e, 0x00, 0xec, 0xff,
  0x10, 0x00, 0xe4, 0xff, 0x12, 0x00, 0xdf, 0xff, 0x19, 0x00, 0xe2, 0xff,
  0x22, 0x00, 0xed, 0xff, 0x2b, 0x00, 0xfb, 0xff, 0x32, 0x00, 0x06, 0x00,
  0x32, 0x00, 0x08, 0x00, 0x2c, 0x00, 0x02, 0x00, 0x29, 0x00, 0xfe, 0xff,
  0x2f, 0x00, 0x00, 0x00, 0x3e, 0x00, 0x07, 0x00, 0x4b, 0x00, 0x0b, 0x00,
  0x4e, 0x00, 0x0b, 0x00, 0x48, 0x00, 0x09, 0x00, 0x3f, 0x00, 0x07, 0x00,
  0x39, 0x00, 0x0a, 0x00, 0x39, 0x00, 0x16, 0x00, 0x3d, 0x00, 0x24, 0x00,
  0x3f, 0x00, 0x28, 0x00, 0x37, 0x00, 0x1a, 0x00, 0x28, 0x00, 0x09, 0x00,
  0x1a, 0x00, 0x07, 0x00, 0x11, 0x00, 0x10, 0x00, 0x0c, 0x00, 0x11, 0x00,
  0x07, 0x00, 0x02, 0x00, 0xff, 0xff, 0xee, 0xff, 0xf5, 0xff, 0xe6, 0xff,
  0xec, 0xff, 0xed, 0xff, 0xe7, 0xff, 0xf8, 0xff, 0xe5, 0xff, 0xf8, 0xff,
  0xe2, 0xff, 0xef, 0xff, 0xda, 0xff, 0xe3, 0xff, 0xd0, 0xff, 0xde, 0xff,
  0xc9, 0xff, 0xdf, 0xff, 0xc6, 0xff, 0xe2, 0xff, 0xc3, 0xff, 0xe3, 0xff,
  0xbe, 0xff, 0xe5, 0xff, 0xbb, 0xff, 0xef, 0xff, 0xbd, 0xff, 0xff, 0xff,
  0xc3, 0xff, 0x0a, 0x00, 0xcd, 0xff, 0x06, 0x00, 0xda, 0xff, 0xf9, 0xff,
  0xe6, 0xff, 0xf4, 0xff, 0xee, 0xff, 0xfb, 0xff, 0xf0, 0xff, 0x02, 0x00,
  0xf1, 0xff, 0xfb, 0xff, 0xee, 0xff, 0xea, 0xff, 0xe8, 0xff, 0xdb, 0xff,
  0xe3, 0xff, 0xdb, 0xff, 0xe9, 0xff, 0xe8, 0xff, 0xf9, 0xff, 0xfa, 0xff,
  0x08, 0x00, 0x06, 0x00, 0x0e, 0x00, 0x0b, 0x00, 0x0b, 0x00, 0x0a, 0x00,
  0x06, 0x00, 0x08, 0x00, 0x03, 0x00, 0x06, 0x00, 0x03, 0x00, 0x04, 0x00,
  0x02, 0x00, 0x00, 0x00, 0xff, 0xff, 0xfc, 0xff, 0xfe, 0xff, 0xfc, 0xff,
  0x01, 0x00, 0xff, 0xff, 0x05, 0x00, 0x04, 0x00, 0x0d, 0x00, 0x07, 0x00,
  0x16, 0x00, 0x09, 0x00, 0x1f, 0x00, 0x0b, 0x00, 0x22, 0x00, 0x0a, 0x00,
  0x22, 0x00, 0x06, 0x00, 0x1f, 0x00, 0x02, 0x00, 0x16, 0x00, 0x01, 0x00,
  0x0a, 0x00, 0x03, 0x00, 0x03, 0x00, 0x07, 0x00, 0x09, 0x00, 0x0c, 0x00,
  0x16, 0x00, 0x0f, 0x00, 0x20, 0x00, 0x0e, 0x00, 0x20, 0x00, 0x0e, 0x00,
  0x18, 0x00, 0x10, 0x00, 0x0d, 0x00, 0x14, 0x00, 0x03, 0x00, 0x17, 0x00,
  0x02, 0x00, 0x19, 0x00, 0x0c, 0x00, 0x1c, 0x00, 0x19, 0x00, 0x21, 0x00,
  0x1c, 0x00, 0x25, 0x00, 0x11, 0x00, 0x26, 0x00, 0x01, 0x00, 0x21, 0x00,
  0xf8, 0xff, 0x15, 0x00, 0xfc, 0xff, 0x04, 0x00, 0x09, 0x00, 0xf6, 0xff,
  0x15, 0x00, 0xef, 0xff, 0x17, 0x00, 0xee, 0xff, 0x0d, 0x00, 0xed, 0xff,
  0xfe, 0xff, 0xe7, 0xff, 0xf1, 0xff, 0xdf, 0xff, 0xe9, 0xff, 0xdb, 0xff,
  0xea, 0xff, 0xdd, 0xff, 0xf3, 0xff, 0xe4, 0xff, 0xfb, 0xff, 0xe8, 0xff,
  0xfa, 0xff, 0xe7, 0xff, 0xf2, 0xff, 0xe3, 0xff, 0xe8, 0xff, 0xdf, 0xff,
  0xe2, 0xff, 0xdf, 0xff, 0xe4, 0xff, 0xe4, 0xff, 0xed, 0xff, 0xea, 0xff,
  0xf5, 0xff, 0xed, 0xff, 0xf3, 0xff, 0xee, 0xff, 0xeb, 0xff, 0xf2, 0xff,
  0xe9, 0xff, 0xfc, 0xff, 0xef, 0xff, 0x05, 0x00, 0xf1, 0xff, 0x07, 0x00,
  0xec, 0xff, 0x02, 0x00, 0xe7, 0xff, 0xfe, 0xff, 0xeb, 0xff, 0xfe, 0xff,
  0xf7, 0xff, 0x02, 0x00, 0x03, 0x00, 0x08, 0x00, 0x0c, 0x00, 0x10, 0x00,
  0x12, 0x00, 0x17, 0x00, 0x18, 0x00, 0x1e, 0x00, 0x1d, 0x00, 0x23, 0x00,
  0x1e, 0x00, 0x25, 0x00, 0x16, 0x00, 0x1f, 0x00, 0x07, 0x00, 0x14, 0x00,
  0xf6, 0xff, 0x08, 0x00, 0xeb, 0xff, 0x00, 0x00, 0xe9, 0xff, 0xff, 0xff,
  0xee, 0xff, 0x03, 0x00, 0xf3, 0xff, 0x05, 0x00, 0xfb, 0xff, 0x02, 0x00,
  0x08, 0x00, 0xfe, 0xff, 0x13, 0x00, 0xfd, 0xff, 0x12, 0x00, 0xff, 0xff,
  0xff, 0xff, 0xff, 0xff, 0xea, 0xff, 0xf9, 0xff, 0xe3, 0xff, 0xf0, 0xff,
  0xe8, 0xff, 0xeb, 0xff, 0xed, 0xff, 0xed, 0xff, 0xed, 0xff, 0xf3, 0xff,
  0xef, 0xff, 0xfa, 0xff, 0xf6, 0xff, 0x02, 0x00, 0xfc, 0xff, 0x0b, 0x00,
  0x00, 0x00, 0x14, 0x00, 0x06, 0x00, 0x1b, 0x00, 0x0f, 0x00, 0x20, 0x00,
  0x14, 0x00, 0x21, 0x00, 0x11, 0x00, 0x21, 0x00, 0x0a, 0x00, 0x21, 0x00,
  0x03, 0x00, 0x22, 0x00, 0xfd, 0xff, 0x1f, 0x00, 0xfe, 0xff, 0x19, 0x00,
  0x08, 0x00, 0x13, 0x00, 0x14, 0x00, 0x13, 0x00, 0x15, 0x00, 0x17, 0x00,
  0x0b, 0x00, 0x18, 0x00, 0x03, 0x00, 0x11, 0x00, 0x04, 0x00, 0x07, 0x00,
  0x07, 0x00, 0x03, 0x00, 0x04, 0x00, 0x05, 0x00, 0x01, 0x00, 0x08, 0x00,
  0x03, 0x00, 0x03, 0x00, 0x0a, 0x00, 0xf8, 0xff, 0x0e, 0x00, 0xf2, 0xff,
  0x10, 0x00, 0xf0, 0xff, 0x14, 0x00, 0xf0, 0xff, 0x1b, 0x00, 0xee, 0xff,
  0x21, 0x00, 0xed, 0xff, 0x20, 0x00, 0xed, 0xff, 0x19, 0x00, 0xeb, 0xff,
  0x0d, 0x00, 0xe8, 0xff, 0xff, 0xff, 0xea, 0xff, 0xf4, 0xff, 0xf1, 0xff,
  0xf4, 0xff, 0xf6, 0xff, 0xfe, 0xff, 0xf6, 0xff, 0x06, 0x00, 0xf2, 0xff,
  0x07, 0x00, 0xea, 0xff, 0x04, 0x00, 0xe4, 0xff, 0x01, 0x00, 0xe1, 0xff,
  0xfd, 0xff, 0xe5, 0xff, 0xf7, 0xff, 0xea, 0xff, 0xf4, 0xff, 0xea, 0xff,
  0xf8, 0xff, 0xe6, 0xff, 0xfd, 0xff, 0xe7, 0xff, 0xfb, 0xff, 0xf1, 0xff,
  0xf2, 0xff, 0xfc, 0xff, 0xe8, 0xff, 0xff, 0xff, 0xe2, 0xff, 0xfa, 0xff,
  0xe0, 0xff, 0xf2, 0xff, 0xe3, 0xff, 0xeb, 0xff, 0xea, 0xff, 0xe6, 0xff,
  0xf1, 0xff, 0xe2, 0xff, 0xf3, 0xff, 0xe0, 0xff, 0xf1, 0xff, 0xe1, 0xff,
  0xef, 0xff, 0xe3, 0xff, 0xf0, 0xff, 0xe5, 0xff, 0xf5, 0xff, 0xe8, 0xff,
  0xfa, 0xff, 0xe8, 0xff, 0xfa, 0xff, 0xe6, 0xff, 0xf2, 0xff, 0xe5, 0xff,
  0xe7, 0xff, 0xe9, 0xff, 0xe0, 0xff, 0xef, 0xff, 0xe4, 0xff, 0xf4, 0xff,
  0xf0, 0xff, 0xfb, 0xff, 0xfa, 0xff, 0x05, 0x00, 0xfe, 0xff, 0x11, 0x00,
  0x01, 0x00, 0x1b, 0x00, 0x05, 0x00, 0x20, 0x00, 0x0c, 0x00, 0x22, 0x00,
  0x14, 0x00, 0x26, 0x00, 0x1e, 0x00, 0x30, 0x00, 0x27, 0x00, 0x3c, 0x00,
  0x29, 0x00, 0x44, 0x00, 0x22, 0x00, 0x44, 0x00, 0x1a, 0x00, 0x3d, 0x00,
  0x18, 0x00, 0x36, 0x00, 0x1c, 0x00, 0x34, 0x00, 0x23, 0x00, 0x39, 0x00,
  0x29, 0x00, 0x3a, 0x00, 0x2a, 0x00, 0x2e, 0x00, 0x21, 0x00, 0x18, 0x00,
  0x11, 0x00, 0x09, 0x00, 0x04, 0x00, 0x04, 0x00, 0xfe, 0xff, 0xff, 0xff,
  0xfd, 0xff, 0xf6, 0xff, 0xfd, 0xff, 0xf0, 0xff, 0xfd, 0xff, 0xf0, 0xff,
  0x03, 0x00, 0xf1, 0xff, 0x11, 0x00, 0xf3, 0xff, 0x1c, 0x00, 0xf4, 0xff,
  0x19, 0x00, 0xf3, 0xff, 0x07, 0x00, 0xed, 0xff, 0xf2, 0xff, 0xe3, 0xff,
  0xe6, 0xff, 0xd9, 0xff, 0xe1, 0xff, 0xcc, 0xff, 0xde, 0xff, 0xc0, 0xff,
  0xd8, 0xff, 0xbf, 0xff, 0xd1, 0xff, 0xce, 0xff, 0xcc, 0xff, 0xe2, 0xff,
  0xce, 0xff, 0xee, 0xff, 0xd3, 0xff, 0xed, 0xff, 0xd7, 0xff, 0xe6, 0xff,
  0xd6, 0xff, 0xe4, 0xff, 0xd0, 0xff, 0xea, 0xff, 0xca, 0xff, 0xf2, 0xff,
  0xca, 0xff, 0xf9, 0xff, 0xd2, 0xff, 0xfd, 0xff, 0xe2, 0xff, 0x01, 0x00,
  0xf1, 0xff, 0x04, 0x00, 0xf9, 0xff, 0x0b, 0x00, 0xfc, 0xff, 0x1b, 0x00,
  0xfc, 0xff, 0x2f, 0x00, 0xfc, 0xff, 0x3c, 0x00, 0x03, 0x00, 0x3e, 0x00,
  0x12, 0x00, 0x3a, 0x00, 0x22, 0x00, 0x36, 0x00, 0x2a, 0x00, 0x34, 0x00,
  0x27, 0x00, 0x33, 0x00, 0x23, 0x00, 0x30, 0x00, 0x23, 0x00, 0x2a, 0x00,
  0x27, 0x00, 0x21, 0x00, 0x2c, 0x00, 0x1a, 0x00, 0x32, 0x00, 0x19, 0x00,
  0x36, 0x00, 0x16, 0x00, 0x2f, 0x00, 0x0b, 0x00, 0x1b, 0x00, 0xf8, 0xff,
  0x02, 0x00, 0xea, 0xff, 0xf1, 0xff, 0xe7, 0xff, 0xef, 0xff, 0xeb, 0xff,
  0xfb, 0xff, 0xea, 0xff, 0x09, 0x00, 0xe5, 0xff, 0x13, 0x00, 0xe2, 0xff,
  0x15, 0x00, 0xe6, 0xff, 0x11, 0x00, 0xec, 0xff, 0x0a, 0x00, 0xf1, 0xff,
  0x03, 0x00, 0xf0, 0xff, 0xfa, 0xff, 0xec, 0xff, 0xee, 0xff, 0xeb, 0xff,
  0xe6, 0xff, 0xf0, 0xff, 0xe9, 0xff, 0xf5, 0xff, 0xf5, 0xff, 0xf7, 0xff,
  0x00, 0x00, 0xf7, 0xff, 0x01, 0x00, 0xf7, 0xff, 0xf7, 0xff, 0xf8, 0xff,
  0xed, 0xff, 0xf6, 0xff, 0xe9, 0xff, 0xef, 0xff, 0xe9, 0xff, 0xe6, 0xff,
  0xea, 0xff, 0xe0, 0xff, 0xeb, 0xff, 0xe2, 0xff, 0xf0, 0xff, 0xed, 0xff,
  0xf6, 0xff, 0xfc, 0xff, 0xfd, 0xff, 0x0a, 0x00, 0x05, 0x00, 0x11, 0x00,
  0x0c, 0x00, 0x0f, 0x00, 0x0e, 0x00, 0x09, 0x00, 0x0c, 0x00, 0x01, 0x00,
  0x07, 0x00, 0xfd, 0xff, 0x02, 0x00, 0xff, 0xff, 0xfe, 0xff, 0x06, 0x00,
  0xfb, 0xff, 0x0f, 0x00, 0xfb, 0xff, 0x15, 0x00, 0xfb, 0xff, 0x16, 0x00,
  0xfc, 0xff, 0x16, 0x00, 0x00, 0x00, 0x18, 0x00, 0x09, 0x00, 0x1c, 0x00,
  0x11, 0x00, 0x1d, 0x00, 0x11, 0x00, 0x18, 0x00, 0x0a, 0x00, 0x0f, 0x00,
  0x02, 0x00, 0x06, 0x00, 0x01, 0x00, 0xfe, 0xff, 0x05, 0x00, 0xf8, 0xff,
  0x06, 0x00, 0xf6, 0xff, 0x03, 0x00, 0xf7, 0xff, 0xfb, 0xff, 0xf8, 0xff,
  0xf3, 0xff, 0xf9, 0xff, 0xf5, 0xff, 0xfd, 0xff, 0x04, 0x00, 0x02, 0x00,
  0x16, 0x00, 0x03, 0x00, 0x1f, 0x00, 0xfc, 0xff, 0x1b, 0x00, 0xf1, 0xff,
  0x13, 0x00, 0xee, 0xff, 0x0d, 0x00, 0xf1, 0xff, 0x09, 0x00, 0xf4, 0xff,
  0x06, 0x00, 0xf3, 0xff, 0x05, 0x00, 0xf2, 0xff, 0x07, 0x00, 0xf0, 0xff,
  0x0a, 0x00, 0xef, 0xff, 0x0a, 0x00, 0xf0, 0xff, 0x05, 0x00, 0xf1, 0xff,
  0xfc, 0xff, 0xf0, 0xff, 0xf2, 0xff, 0xef, 0xff, 0xeb, 0xff, 0xf1, 0xff,
  0xeb, 0xff, 0xf6, 0xff, 0xf2, 0xff, 0xf7, 0xff, 0xfa, 0xff, 0xf2, 0xff,
  0x00, 0x00, 0xef, 0xff, 0xff, 0xff, 0xf3, 0xff, 0xf8, 0xff, 0xfe, 0xff,
  0xf1, 0xff, 0x0a, 0x00, 0xec, 0xff, 0x0f, 0x00, 0xeb, 0xff, 0x0c, 0x00,
  0xed, 0xff, 0x06, 0x00, 0xf4, 0xff, 0x05, 0x00, 0xf9, 0xff, 0x0c, 0x00,
  0xf8, 0xff, 0x11, 0x00, 0xf3, 0xff, 0x10, 0x00, 0xef, 0xff, 0x0b, 0x00,
  0xf0, 0xff, 0x06, 0x00, 0xf2, 0xff, 0x04, 0x00, 0xf6, 0xff, 0x04, 0x00,
  0xf9, 0xff, 0x04, 0x00, 0xfb, 0xff, 0x02, 0x00, 0xf8, 0xff, 0xff, 0xff,
  0xf4, 0xff, 0xfb, 0xff, 0xf6, 0xff, 0xf8, 0xff, 0xfe, 0xff, 0xf4, 0xff,
  0x06, 0x00, 0xf0, 0xff, 0x0b, 0x00, 0xee, 0xff, 0x10, 0x00, 0xf1, 0xff,
  0x15, 0x00, 0xf7, 0xff, 0x16, 0x00, 0xfb, 0xff, 0x0e, 0x00, 0xfb, 0xff,
  0x04, 0x00, 0xfa, 0xff, 0x02, 0x00, 0xf9, 0xff, 0x08, 0x00, 0xf8, 0xff,
  0x0e, 0x00, 0xf8, 0xff, 0x0c, 0x00, 0xf8, 0xff, 0x04, 0x00, 0xfa, 0xff,
  0xfd, 0xff, 0xfc, 0xff, 0xfa, 0xff, 0xff, 0xff, 0xfd, 0xff, 0x02, 0x00,
  0x00, 0x00, 0x04, 0x00, 0x00, 0x00, 0x02, 0x00, 0xfb, 0xff, 0xfe, 0xff,
  0xf5, 0xff, 0xfd, 0xff, 0xf1, 0xff, 0xff, 0xff, 0xef, 0xff, 0x04, 0x00,
  0xf0, 0xff, 0x08, 0x00, 0xf5, 0xff, 0x08, 0x00, 0xff, 0xff, 0x06, 0x00,
  0x0c, 0x00, 0x03, 0x00, 0x14, 0x00, 0x03, 0x00, 0x10, 0x00, 0x06, 0x00,
  0x06, 0x00, 0x09, 0x00, 0x00, 0x00, 0x0a, 0x00, 0xff, 0xff, 0x07, 0x00,
  0xfe, 0xff, 0x03, 0x00, 0xf5, 0xff, 0xff, 0xff, 0xeb, 0xff, 0xfd, 0xff,
  0xe8, 0xff, 0x00, 0x00, 0xef, 0xff, 0x08, 0x00, 0xf9, 0xff, 0x15, 0x00,
  0xfe, 0xff, 0x23, 0x00, 0xfa, 0xff, 0x27, 0x00, 0xf2, 0xff, 0x1f, 0x00,
  0xf3, 0xff, 0x13, 0x00, 0x01, 0x00, 0x0b, 0x00, 0x16, 0x00, 0x0a, 0x00,
  0x24, 0x00, 0x0c, 0x00, 0x28, 0x00, 0x0f, 0x00, 0x27, 0x00, 0x0f, 0x00,
  0x23, 0x00, 0x0a, 0x00, 0x20, 0x00, 0x01, 0x00, 0x1d, 0x00, 0xfc, 0xff,
  0x1a, 0x00, 0xfd, 0xff, 0x14, 0x00, 0xfe, 0xff, 0x0f, 0x00, 0xfd, 0xff,
  0x0c, 0x00, 0xfb, 0xff, 0x0a, 0x00, 0xf8, 0xff, 0x08, 0x00, 0xf1, 0xff,
  0x04, 0x00, 0xea, 0xff, 0xfd, 0xff, 0xe8, 0xff, 0xf6, 0xff, 0xee, 0xff,
  0xf6, 0xff, 0xf7, 0xff, 0xf9, 0xff, 0xfc, 0xff, 0xf9, 0xff, 0xf7, 0xff,
  0xf4, 0xff, 0xf0, 0xff, 0xf3, 0xff, 0xee, 0xff, 0xfa, 0xff, 0xf2, 0xff,
  0x06, 0x00, 0xf8, 0xff, 0x0d, 0x00, 0x00, 0x00, 0x0c, 0x00, 0x0c, 0x00,
  0x03, 0x00, 0x15, 0x00, 0xf7, 0xff, 0x15, 0x00, 0xf1, 0xff, 0x0c, 0x00,
  0xf3, 0xff, 0x03, 0x00, 0xf1, 0xff, 0xfe, 0xff, 0xe3, 0xff, 0xfc, 0xff,
  0xd2, 0xff, 0xfd, 0xff, 0xcc, 0xff, 0xfd, 0xff, 0xd7, 0xff, 0xfa, 0xff,
  0xea, 0xff, 0xf6, 0xff, 0xf9, 0xff, 0xf9, 0xff, 0xff, 0xff, 0x03, 0x00,
  0x00, 0x00, 0x0c, 0x00, 0xfe, 0xff, 0x0b, 0x00, 0xfd, 0xff, 0x02, 0x00,
  0x00, 0x00, 0xfc, 0xff, 0x05, 0x00, 0xfc, 0xff, 0x09, 0x00, 0xfe, 0xff,
  0x0a, 0x00, 0xfd, 0xff, 0x09, 0x00, 0xf7, 0xff, 0x0e, 0x00, 0xf1, 0xff,
  0x17, 0x00, 0xf2, 0xff, 0x1f, 0x00, 0xfb, 0xff, 0x21, 0x00, 0x07, 0x00,
  0x1c, 0x00, 0x0d, 0x00, 0x15, 0x00, 0x07, 0x00, 0x0d, 0x00, 0xfb, 0xff,
  0x0a, 0x00, 0xf3, 0xff, 0x0c, 0x00, 0xf1, 0xff, 0x10, 0x00, 0xf2, 0xff,
  0x0f, 0x00, 0xf3, 0xff, 0x08, 0x00, 0xf5, 0xff, 0x02, 0x00, 0xfa, 0xff,
  0x02, 0x00, 0xfd, 0xff, 0x05, 0x00, 0xfc, 0xff, 0x05, 0x00, 0xfc, 0xff,
  0x02, 0x00, 0x01, 0x00, 0x01, 0x00, 0x0b, 0x00, 0x03, 0x00, 0x12, 0x00,
  0x07, 0x00, 0x12, 0x00, 0x06, 0x00, 0x0e, 0x00, 0x01, 0x00, 0x09, 0x00,
  0xf7, 0xff, 0x08, 0x00, 0xee, 0xff, 0x0c, 0x00, 0xeb, 0xff, 0x16, 0x00,
  0xec, 0xff, 0x1f, 0x00, 0xee, 0xff, 0x1f, 0x00, 0xef, 0xff, 0x17, 0x00,
  0xf0, 0xff, 0x0c, 0x00, 0xf1, 0xff, 0x03, 0x00, 0xf2, 0xff, 0xfc, 0xff,
  0xf3, 0xff, 0xfa, 0xff, 0xf6, 0xff, 0xfc, 0xff, 0xfb, 0xff, 0xfd, 0xff,
  0xff, 0xff, 0xfd, 0xff, 0x03, 0x00, 0xfd, 0xff, 0x07, 0x00, 0xfe, 0xff,
  0x0f, 0x00, 0xfe, 0xff, 0x1a, 0x00, 0xfc, 0xff, 0x22, 0x00, 0xfb, 0xff,
  0x24, 0x00, 0xf9, 0xff, 0x1e, 0x00, 0xf6, 0xff, 0x15, 0x00, 0xf0, 0xff,
  0x0b, 0x00, 0xe9, 0xff, 0x04, 0x00, 0xe6, 0xff, 0x02, 0x00, 0xeb, 0xff,
  0x00, 0x00, 0xf2, 0xff, 0xf7, 0xff, 0xf4, 0xff, 0xe7, 0xff, 0xf0, 0xff,
  0xda, 0xff, 0xe9, 0xff, 0xd9, 0xff, 0xe1, 0xff, 0xe3, 0xff, 0xdd, 0xff,
  0xf0, 0xff, 0xdf, 0xff, 0xf7, 0xff, 0xe4, 0xff, 0xf5, 0xff, 0xe5, 0xff,
  0xe9, 0xff, 0xe6, 0xff, 0xdb, 0xff, 0xec, 0xff, 0xd7, 0xff, 0xf6, 0xff,
  0xde, 0xff, 0xfb, 0xff, 0xe9, 0xff, 0xf7, 0xff, 0xee, 0xff, 0xf0, 0xff,
  0xed, 0xff, 0xf2, 0xff, 0xee, 0xff, 0xfd, 0xff, 0xf7, 0xff, 0x08, 0x00,
  0x05, 0x00, 0x0a, 0x00, 0x12, 0x00, 0x09, 0x00, 0x1e, 0x00, 0x0b, 0x00,
  0x26, 0x00, 0x12, 0x00, 0x27, 0x00, 0x18, 0x00, 0x1f, 0x00, 0x17, 0x00,
  0x14, 0x00, 0x12, 0x00, 0x0c, 0x00, 0x0c, 0x00, 0x0b, 0x00, 0x08, 0x00,
  0x12, 0x00, 0x08, 0x00, 0x1a, 0x00, 0x08, 0x00, 0x1c, 0x00, 0x04, 0x00,
  0x17, 0x00, 0x02, 0x00, 0x13, 0x00, 0x0a, 0x00, 0x16, 0x00, 0x19, 0x00,
  0x21, 0x00, 0x26, 0x00, 0x28, 0x00, 0x29, 0x00, 0x22, 0x00, 0x25, 0x00,
  0x16, 0x00, 0x20, 0x00, 0x0e, 0x00, 0x1d, 0x00, 0x0e, 0x00, 0x18, 0x00,
  0x0d, 0x00, 0x10, 0x00, 0x01, 0x00, 0x09, 0x00, 0xf2, 0xff, 0x07, 0x00,
  0xe8, 0xff, 0x07, 0x00, 0xe7, 0xff, 0x04, 0x00, 0xe9, 0xff, 0xfe, 0xff,
  0xe8, 0xff, 0xf8, 0xff, 0xe0, 0xff, 0xf5, 0xff, 0xd7, 0xff, 0xf4, 0xff,
  0xd4, 0xff, 0xef, 0xff, 0xd9, 0xff, 0xe6, 0xff, 0xe0, 0xff, 0xdb, 0xff,
  0xe5, 0xff, 0xd8, 0xff, 0xeb, 0xff, 0xe4, 0xff, 0xf3, 0xff, 0xf6, 0xff,
  0xf9, 0xff, 0x03, 0x00, 0xf8, 0xff, 0x04, 0x00, 0xf5, 0xff, 0xff, 0xff,
  0xf5, 0xff, 0xf8, 0xff, 0xfa, 0xff, 0xf1, 0xff, 0x02, 0x00, 0xe9, 0xff,
  0x06, 0x00, 0xe1, 0xff, 0x03, 0x00, 0xdc, 0xff, 0xfa, 0xff, 0xdd, 0xff,
  0xf5, 0xff, 0xe4, 0xff, 0xfb, 0xff, 0xf0, 0xff, 0x07, 0x00, 0xfa, 0xff,
  0x10, 0x00, 0x00, 0x00, 0x0f, 0x00, 0x03, 0x00, 0x07, 0x00, 0x07, 0x00,
  0x00, 0x00, 0x0a, 0x00, 0xff, 0xff, 0x0c, 0x00, 0x04, 0x00, 0x0b, 0x00,
  0x0b, 0x00, 0x07, 0x00, 0x11, 0x00, 0x03, 0x00, 0x11, 0x00, 0x03, 0x00,
  0x0b, 0x00, 0x06, 0x00, 0x04, 0x00, 0x0d, 0x00, 0xfe, 0xff, 0x14, 0x00,
  0xfb, 0xff, 0x18, 0x00, 0xf9, 0xff, 0x1a, 0x00, 0xf9, 0xff, 0x1d, 0x00,
  0xfe, 0xff, 0x21, 0x00, 0x06, 0x00, 0x22, 0x00, 0x0d, 0x00, 0x1a, 0x00,
  0x0a, 0x00, 0x0c, 0x00, 0xfd, 0xff, 0xff, 0xff, 0xec, 0xff, 0xfb, 0xff,
  0xe0, 0xff, 0x01, 0x00, 0xde, 0xff, 0x08, 0x00, 0xe5, 0xff, 0x08, 0x00,
  0xee, 0xff, 0x02, 0x00, 0xf4, 0xff, 0xfd, 0xff, 0xf5, 0xff, 0xfc, 0xff,
  0xf8, 0xff, 0xfc, 0xff, 0xff, 0xff, 0xfb, 0xff, 0x0b, 0x00, 0xf9, 0xff,
  0x18, 0x00, 0xfa, 0xff, 0x24, 0x00, 0x02, 0x00, 0x2b, 0x00, 0x0b, 0x00,
  0x28, 0x00, 0x0d, 0x00, 0x1e, 0x00, 0x08, 0x00, 0x13, 0x00, 0x01, 0x00,
  0x0d, 0x00, 0xfe, 0xff, 0x0a, 0x00, 0xfc, 0xff, 0x08, 0x00, 0xf8, 0xff,
  0x04, 0x00, 0xf0, 0xff, 0xfe, 0xff, 0xe8, 0xff, 0xfa, 0xff, 0xe7, 0xff,
  0xfa, 0xff, 0xf0, 0xff, 0xfd, 0xff, 0xfb, 0xff, 0x00, 0x00, 0xfd, 0xff,
  0xff, 0xff, 0xf6, 0xff, 0xff, 0xff, 0xf1, 0xff, 0xfd, 0xff, 0xf3, 0xff,
  0xfa, 0xff, 0xf9, 0xff, 0xf7, 0xff, 0xff, 0xff, 0xf4, 0xff, 0x05, 0x00,
  0xf3, 0xff, 0x0b, 0x00, 0xf4, 0xff, 0x0e, 0x00, 0xf7, 0xff, 0x0b, 0x00,
  0xf8, 0xff, 0x03, 0x00, 0xf3, 0xff, 0xfb, 0xff, 0xeb, 0xff, 0xf9, 0xff,
  0xe5, 0xff, 0xff, 0xff, 0xe4, 0xff, 0x05, 0x00, 0xe4, 0xff, 0x02, 0x00,
  0xe4, 0xff, 0xf6, 0xff, 0xe5, 0xff, 0xea, 0xff, 0xe8, 0xff, 0xe9, 0xff,
  0xee, 0xff, 0xf2, 0xff, 0xf6, 0xff, 0xfd, 0xff, 0x01, 0x00, 0x00, 0x00,
  0x0a, 0x00, 0xfc, 0xff, 0x0f, 0x00, 0xf9, 0xff, 0x0f, 0x00, 0xf9, 0xff,
  0x0c, 0x00, 0xfb, 0xff, 0x0b, 0x00, 0xfc, 0xff, 0x0c, 0x00, 0xfc, 0xff,
  0x0d, 0x00, 0xfd, 0xff, 0x0d, 0x00, 0xfd, 0xff, 0x0c, 0x00, 0xfa, 0xff,
  0x0b, 0x00, 0xf3, 0xff, 0x09, 0x00, 0xef, 0xff, 0x08, 0x00, 0xf3, 0xff,
  0x08, 0x00, 0xfb, 0xff, 0x07, 0x00, 0x01, 0x00, 0x03, 0x00, 0x00, 0x00,
  0xfd, 0xff, 0xfb, 0xff, 0xf7, 0xff, 0xf9, 0xff, 0xf6, 0xff, 0xfd, 0xff,
  0xfd, 0xff, 0x07, 0x00, 0x0a, 0x00, 0x12, 0x00, 0x14, 0x00, 0x15, 0x00,
  0x17, 0x00, 0x12, 0x00, 0x15, 0x00, 0x0d, 0x00, 0x0e, 0x00, 0x0d, 0x00,
  0x07, 0x00, 0x0f, 0x00, 0x05, 0x00, 0x13, 0x00, 0x08, 0x00, 0x1a, 0x00,
  0x09, 0x00, 0x1d, 0x00, 0x00, 0x00, 0x1c, 0x00, 0xf2, 0xff, 0x19, 0x00,
  0xed, 0xff, 0x18, 0x00, 0xf3, 0xff, 0x19, 0x00, 0xfd, 0xff, 0x16, 0x00,
  0xff, 0xff, 0x0d, 0x00, 0xf7, 0xff, 0x01, 0x00, 0xec, 0xff, 0xf7, 0xff,
  0xe8, 0xff, 0xf7, 0xff, 0xeb, 0xff, 0xff, 0xff, 0xf2, 0xff, 0x06, 0x00,
  0xf6, 0xff, 0x02, 0x00, 0xf6, 0xff, 0xf5, 0xff, 0xf8, 0xff, 0xe9, 0xff,
  0xff, 0xff, 0xe8, 0xff, 0x0a, 0x00, 0xf0, 0xff, 0x13, 0x00, 0xf8, 0xff,
  0x16, 0x00, 0xf9, 0xff, 0x13, 0x00, 0xf4, 0xff, 0x0b, 0x00, 0xf1, 0xff,
  0xfe, 0xff, 0xf2, 0xff, 0xef, 0xff, 0xf6, 0xff, 0xe5, 0xff, 0xf7, 0xff,
  0xe5, 0xff, 0xf3, 0xff, 0xf0, 0xff, 0xed, 0xff, 0xfd, 0xff, 0xe9, 0xff,
  0x03, 0x00, 0xe8, 0xff, 0x01, 0x00, 0xe6, 0xff, 0xfb, 0xff, 0xe2, 0xff,
  0xf9, 0xff, 0xe4, 0xff, 0xfa, 0xff, 0xec, 0xff, 0xf9, 0xff, 0xf8, 0xff,
  0xf4, 0xff, 0x02, 0x00, 0xee, 0xff, 0x0a, 0x00, 0xeb, 0xff, 0x10, 0x00,
  0xec, 0xff, 0x15, 0x00, 0xed, 0xff, 0x19, 0x00, 0xee, 0xff, 0x1c, 0x00,
  0xf0, 0xff, 0x1d, 0x00, 0xf5, 0xff, 0x1c, 0x00, 0xfe, 0xff, 0x1a, 0x00,
  0x01, 0x00, 0x1a, 0x00, 0xfc, 0xff, 0x1b, 0x00, 0xf6, 0xff, 0x1c, 0x00,
  0xf6, 0xff, 0x1b, 0x00, 0xfb, 0xff, 0x19, 0x00, 0xff, 0xff, 0x18, 0x00,
  0x00, 0x00, 0x17, 0x00, 0x01, 0x00, 0x12, 0x00, 0x05, 0x00, 0x0a, 0x00,
  0x0b, 0x00, 0x05, 0x00, 0x0e, 0x00, 0x04, 0x00, 0x09, 0x00, 0x01, 0x00,
  0x00, 0x00, 0xf9, 0xff, 0xfa, 0xff, 0xf2, 0xff, 0xfe, 0xff, 0xf3, 0xff,
  0x06, 0x00, 0xf8, 0xff, 0x0a, 0x00, 0xf8, 0xff, 0x0a, 0x00, 0xf0, 0xff,
  0x0c, 0x00, 0xe7, 0xff, 0x15, 0x00, 0xe5, 0xff, 0x20, 0x00, 0xe9, 0xff,
  0x25, 0x00, 0xef, 0xff, 0x22, 0x00, 0xf1, 0xff, 0x1a, 0x00, 0xf1, 0xff,
  0x14, 0x00, 0xf1, 0xff, 0x0f, 0x00, 0xf6, 0xff, 0x0d, 0x00, 0xfd, 0xff,
  0x0f, 0x00, 0x02, 0x00, 0x16, 0x00, 0x02, 0x00, 0x1e, 0x00, 0xff, 0xff,
  0x23, 0x00, 0xff, 0xff, 0x20, 0x00, 0x00, 0x00, 0x16, 0x00, 0x00, 0x00,
  0x0c, 0x00, 0xfe, 0xff, 0x0b, 0x00, 0xfe, 0xff, 0x12, 0x00, 0x03, 0x00,
  0x19, 0x00, 0x07, 0x00, 0x17, 0x00, 0x07, 0x00, 0x0e, 0x00, 0x04, 0x00,
  0x06, 0x00, 0x07, 0x00, 0x06, 0x00, 0x14, 0x00, 0x0a, 0x00, 0x23, 0x00,
  0x0d, 0x00, 0x27, 0x00, 0x0d, 0x00, 0x1d, 0x00, 0x0b, 0x00, 0x0b, 0x00,
  0x05, 0x00, 0xfb, 0xff, 0xfc, 0xff, 0xf4, 0xff, 0xf5, 0xff, 0xf3, 0xff,
  0xf1, 0xff, 0xf4, 0xff, 0xee, 0xff, 0xf2, 0xff, 0xe8, 0xff, 0xf0, 0xff,
  0xe1, 0xff, 0xf0, 0xff, 0xdb, 0xff, 0xf3, 0xff, 0xd7, 0xff, 0xf7, 0xff,
  0xd7, 0xff, 0xf9, 0xff, 0xd8, 0xff, 0xfc, 0xff, 0xd9, 0xff, 0xfc, 0xff,
  0xda, 0xff, 0xf7, 0xff, 0xde, 0xff, 0xf5, 0xff, 0xea, 0xff, 0xfa, 0xff,
  0xf6, 0xff, 0x06, 0x00, 0xf9, 0xff, 0x11, 0x00, 0xf2, 0xff, 0x13, 0x00,
  0xe8, 0xff, 0x0e, 0x00, 0xe3, 0xff, 0x05, 0x00, 0xe1, 0xff, 0xfc, 0xff,
  0xde, 0xff, 0xf7, 0xff, 0xdd, 0xff, 0xf6, 0xff, 0xe0, 0xff, 0xf8, 0xff,
  0xe6, 0xff, 0xf9, 0xff, 0xec, 0xff, 0xf9, 0xff, 0xed, 0xff, 0xfc, 0xff,
  0xea, 0xff, 0xff, 0xff, 0xe6, 0xff, 0x03, 0x00, 0xea, 0xff, 0x0a, 0x00,
  0xf5, 0xff, 0x11, 0x00, 0x06, 0x00, 0x12, 0x00, 0x14, 0x00, 0x0a, 0x00,
  0x20, 0x00, 0xff, 0xff, 0x2a, 0x00, 0xf8, 0xff, 0x35, 0x00, 0xf9, 0xff,
  0x3d, 0x00, 0xfd, 0xff, 0x3e, 0x00, 0x01, 0x00, 0x37, 0x00, 0x03, 0x00,
  0x2b, 0x00, 0x05, 0x00, 0x1f, 0x00, 0x07, 0x00, 0x17, 0x00, 0x08, 0x00,
  0x14, 0x00, 0x03, 0x00, 0x15, 0x00, 0xf6, 0xff, 0x19, 0x00, 0xe7, 0xff,
  0x1f, 0x00, 0xe0, 0xff, 0x27, 0x00, 0xe3, 0xff, 0x2b, 0x00, 0xea, 0xff,
  0x2b, 0x00, 0xee, 0xff, 0x26, 0x00, 0xf0, 0xff, 0x21, 0x00, 0xf3, 0xff,
  0x1e, 0x00, 0xf9, 0xff, 0x1d, 0x00, 0x00, 0x00, 0x1b, 0x00, 0x06, 0x00,
  0x17, 0x00, 0x09, 0x00, 0x12, 0x00, 0x07, 0x00, 0x10, 0x00, 0x02, 0x00,
  0x11, 0x00, 0xfe, 0xff, 0x10, 0x00, 0x00, 0x00, 0x09, 0x00, 0x04, 0x00,
  0xfd, 0xff, 0x05, 0x00, 0xf0, 0xff, 0x04, 0x00, 0xe8, 0xff, 0x05, 0x00,
  0xe6, 0xff, 0x09, 0x00, 0xe6, 0xff, 0x0c, 0x00, 0xe4, 0xff, 0x0d, 0x00,
  0xe1, 0xff, 0x0e, 0x00, 0xe0, 0xff, 0x0c, 0x00, 0xe1, 0xff, 0x06, 0x00,
  0xe0, 0xff, 0xfa, 0xff, 0xd7, 0xff, 0xeb, 0xff, 0xcd, 0xff, 0xde, 0xff,
  0xc8, 0xff, 0xd9, 0xff, 0xca, 0xff, 0xe0, 0xff, 0xcf, 0xff, 0xef, 0xff,
  0xd1, 0xff, 0xfc, 0xff, 0xd2, 0xff, 0xfe, 0xff, 0xd8, 0xff, 0xf9, 0xff,
  0xe4, 0xff, 0xfc, 0xff, 0xf1, 0xff, 0x0b, 0x00, 0xf6, 0xff, 0x1c, 0x00,
  0xf1, 0xff, 0x23, 0x00, 0xeb, 0xff, 0x1e, 0x00, 0xeb, 0xff, 0x15, 0x00,
  0xf2, 0xff, 0x0e, 0x00, 0xfc, 0xff, 0x0e, 0x00, 0x04, 0x00, 0x14, 0x00,
  0x0a, 0x00, 0x17, 0x00, 0x0b, 0x00, 0x0f, 0x00, 0x09, 0x00, 0xfe, 0xff,
  0x06, 0x00, 0xf1, 0xff, 0x05, 0x00, 0xf3, 0xff, 0x07, 0x00, 0xfd, 0xff,
  0x0d, 0x00, 0x08, 0x00, 0x14, 0x00, 0x0f, 0x00, 0x17, 0x00, 0x12, 0x00,
  0x16, 0x00, 0x12, 0x00, 0x11, 0x00, 0x10, 0x00, 0x0e, 0x00, 0x12, 0x00,
  0x0f, 0x00, 0x17, 0x00, 0x12, 0x00, 0x15, 0x00, 0x13, 0x00, 0x08, 0x00,
  0x11, 0x00, 0xf8, 0xff, 0x0b, 0x00, 0xf0, 0xff, 0x05, 0x00, 0xf0, 0xff,
  0x00, 0x00, 0xf2, 0xff, 0xfe, 0xff, 0xf4, 0xff, 0x00, 0x00, 0xfb, 0xff,
  0x06, 0x00, 0x06, 0x00, 0x0d, 0x00, 0x11, 0x00, 0x13, 0x00, 0x13, 0x00,
  0x15, 0x00, 0x0d, 0x00, 0x17, 0x00, 0x02, 0x00, 0x1b, 0x00, 0xf5, 0xff,
  0x1e, 0x00, 0xe9, 0xff, 0x19, 0x00, 0xe0, 0xff, 0x10, 0x00, 0xde, 0xff,
  0x0c, 0x00, 0xe6, 0xff, 0x10, 0x00, 0xf6, 0xff, 0x15, 0x00, 0x09, 0x00,
  0x17, 0x00, 0x15, 0x00, 0x15, 0x00, 0x13, 0x00, 0x0f, 0x00, 0x02, 0x00,
  0x08, 0x00, 0xf1, 0xff, 0x04, 0x00, 0xf0, 0xff, 0x05, 0x00, 0xfd, 0xff,
  0x05, 0x00, 0x0a, 0x00, 0x01, 0x00, 0x0f, 0x00, 0xfb, 0xff, 0x0e, 0x00,
  0xf8, 0xff, 0x0a, 0x00, 0xfb, 0xff, 0x04, 0x00, 0xff, 0xff, 0xff, 0xff,
  0xfd, 0xff, 0xfd, 0xff, 0xf5, 0xff, 0xfb, 0xff, 0xeb, 0xff, 0xf5, 0xff,
  0xe5, 0xff, 0xed, 0xff, 0xe4, 0xff, 0xe7, 0xff, 0xe6, 0xff, 0xe4, 0xff,
  0xeb, 0xff, 0xe6, 0xff, 0xf1, 0xff, 0xf1, 0xff, 0xf7, 0xff, 0x04, 0x00,
  0xfa, 0xff, 0x18, 0x00, 0xf7, 0xff, 0x22, 0x00, 0xf2, 0xff, 0x1f, 0x00,
  0xef, 0xff, 0x17, 0x00, 0xef, 0xff, 0x0d, 0x00, 0xf4, 0xff, 0x06, 0x00,
  0xf8, 0xff, 0x00, 0x00, 0xf8, 0xff, 0xfe, 0xff, 0xf6, 0xff, 0xfc, 0xff,
  0xf6, 0xff, 0xf7, 0xff, 0xfd, 0xff, 0xf1, 0xff, 0x06, 0x00, 0xf0, 0xff,
  0x0c, 0x00, 0xf6, 0xff, 0x0d, 0x00, 0x00, 0x00, 0x0b, 0x00, 0x0a, 0x00,
  0x0b, 0x00, 0x12, 0x00, 0x0a, 0x00, 0x15, 0x00, 0x0a, 0x00, 0x10, 0x00,
  0x0a, 0x00, 0x08, 0x00, 0x0a, 0x00, 0x02, 0x00, 0x08, 0x00, 0x02, 0x00,
  0x05, 0x00, 0x03, 0x00, 0x02, 0x00, 0x01, 0x00, 0x01, 0x00, 0xfe, 0xff,
  0x03, 0x00, 0xfd, 0xff, 0x07, 0x00, 0x00, 0x00, 0x08, 0x00, 0x01, 0x00,
  0x00, 0x00, 0xfe, 0xff, 0xf3, 0xff, 0xfd, 0xff, 0xee, 0xff, 0x01, 0x00,
  0xf3, 0xff, 0x0a, 0x00, 0xfe, 0xff, 0x13, 0x00, 0x04, 0x00, 0x19, 0x00,
  0x03, 0x00, 0x17, 0x00, 0x03, 0x00, 0x0e, 0x00, 0x09, 0x00, 0x07, 0x00,
  0x15, 0x00, 0x07, 0x00, 0x1b, 0x00, 0x09, 0x00, 0x13, 0x00, 0x02, 0x00,
  0x03, 0x00, 0xf6, 0xff, 0xf6, 0xff, 0xee, 0xff, 0xf5, 0xff, 0xef, 0xff,
  0x02, 0x00, 0xf5, 0xff, 0x15, 0x00, 0xfc, 0xff, 0x20, 0x00, 0x03, 0x00,
  0x20, 0x00, 0x09, 0x00, 0x1a, 0x00, 0x0e, 0x00, 0x14, 0x00, 0x11, 0x00,
  0x11, 0x00, 0x10, 0x00, 0x10, 0x00, 0x0c, 0x00, 0x12, 0x00, 0x04, 0x00,
  0x14, 0x00, 0xff, 0xff, 0x14, 0x00, 0xfe, 0xff, 0x0e, 0x00, 0x00, 0x00,
  0x07, 0x00, 0xff, 0xff, 0x03, 0x00, 0xf9, 0xff, 0x04, 0x00, 0xf4, 0xff,
  0x0b, 0x00, 0xf4, 0xff, 0x13, 0x00, 0xf7, 0xff, 0x17, 0x00, 0xf7, 0xff,
  0x11, 0x00, 0xf6, 0xff, 0x02, 0x00, 0xf7, 0xff, 0xf2, 0xff, 0xfa, 0xff,
  0xea, 0xff, 0xfd, 0xff, 0xeb, 0xff, 0x01, 0x00, 0xef, 0xff, 0x07, 0x00,
  0xf0, 0xff, 0x0a, 0x00, 0xef, 0xff, 0x08, 0x00, 0xec, 0xff, 0x06, 0x00,
  0xe8, 0xff, 0x06, 0x00, 0xe2, 0xff, 0x07, 0x00, 0xdc, 0xff, 0x03, 0x00,
  0xd5, 0xff, 0xfb, 0xff, 0xd1, 0xff, 0xf5, 0xff, 0xd3, 0xff, 0xf8, 0xff,
  0xdc, 0xff, 0x00, 0x00, 0xe7, 0xff, 0x08, 0x00, 0xee, 0xff, 0x09, 0x00,
  0xf0, 0xff, 0x05, 0x00, 0xf2, 0xff, 0xfd, 0xff, 0xf9, 0xff, 0xfa, 0xff,
  0x01, 0x00, 0xfe, 0xff, 0x07, 0x00, 0x05, 0x00, 0x05, 0x00, 0x04, 0x00,
  0xfa, 0xff, 0xfa, 0xff, 0xec, 0xff, 0xf2, 0xff, 0xe2, 0xff, 0xf2, 0xff,
  0xe2, 0xff, 0xf6, 0xff, 0xeb, 0xff, 0xfa, 0xff, 0xf4, 0xff, 0xfb, 0xff,
  0xf5, 0xff, 0xfb, 0xff, 0xf0, 0xff, 0xfc, 0xff, 0xe8, 0xff, 0xfd, 0xff,
  0xe3, 0xff, 0xfd, 0xff, 0xe1, 0xff, 0xfe, 0xff, 0xe4, 0xff, 0x00, 0x00,
  0xec, 0xff, 0x03, 0x00, 0xf7, 0xff, 0x05, 0x00, 0xff, 0xff, 0x03, 0x00,
  0x04, 0x00, 0xff, 0xff, 0x08, 0x00, 0xfc, 0xff, 0x0c, 0x00, 0xff, 0xff,
  0x12, 0x00, 0x08, 0x00, 0x1a, 0x00, 0x12, 0x00, 0x21, 0x00, 0x18, 0x00,
  0x24, 0x00, 0x1a, 0x00, 0x21, 0x00, 0x1b, 0x00, 0x1c, 0x00, 0x1f, 0x00,
  0x1b, 0x00, 0x21, 0x00, 0x1f, 0x00, 0x21, 0x00, 0x26, 0x00, 0x20, 0x00,
  0x2d, 0x00, 0x1e, 0x00, 0x31, 0x00, 0x1a, 0x00, 0x34, 0x00, 0x16, 0x00,
  0x31, 0x00, 0x13, 0x00, 0x26, 0x00, 0x0d, 0x00, 0x17, 0x00, 0x07, 0x00,
  0x0f, 0x00, 0x03, 0x00, 0x0d, 0x00, 0xff, 0xff, 0x0d, 0x00, 0xfa, 0xff,
  0x0a, 0x00, 0xf6, 0xff, 0x07, 0x00, 0xf3, 0xff, 0x02, 0x00, 0xef, 0xff,
  0xfa, 0xff, 0xe7, 0xff, 0xf4, 0xff, 0xdd, 0xff, 0xf0, 0xff, 0xd8, 0xff,
  0xec, 0xff, 0xda, 0xff, 0xe7, 0xff, 0xe1, 0xff, 0xde, 0xff, 0xe9, 0xff,
  0xd2, 0xff, 0xef, 0xff, 0xc4, 0xff, 0xf0, 0xff, 0xb9, 0xff, 0xee, 0xff,
  0xb4, 0xff, 0xed, 0xff, 0xb9, 0xff, 0xed, 0xff, 0xc6, 0xff, 0xed, 0xff,
  0xd5, 0xff, 0xee, 0xff, 0xe2, 0xff, 0xf0, 0xff, 0xea, 0xff, 0xf3, 0xff,
  0xef, 0xff, 0xf9, 0xff, 0xf1, 0xff, 0x00, 0x00, 0xf4, 0xff, 0x05, 0x00,
  0xfa, 0xff, 0x09, 0x00, 0x05, 0x00, 0x0a, 0x00, 0x10, 0x00, 0x08, 0x00,
  0x18, 0x00, 0x01, 0x00, 0x19, 0x00, 0xfc, 0xff, 0x17, 0x00, 0xfa, 0xff,
  0x18, 0x00, 0xfd, 0xff, 0x20, 0x00, 0x04, 0x00, 0x29, 0x00, 0x0b, 0x00,
  0x2c, 0x00, 0x10, 0x00, 0x26, 0x00, 0x0f, 0x00, 0x19, 0x00, 0x07, 0x00,
  0x11, 0x00, 0xfd, 0xff, 0x13, 0x00, 0xf9, 0xff, 0x1f, 0x00, 0xfc, 0xff,
  0x2e, 0x00, 0x03, 0x00, 0x34, 0x00, 0x08, 0x00, 0x2d, 0x00, 0x0b, 0x00,
  0x1b, 0x00, 0x0d, 0x00, 0x08, 0x00, 0x0f, 0x00, 0xf9, 0xff, 0x10, 0x00,
  0xf5, 0xff, 0x12, 0x00, 0xf8, 0xff, 0x14, 0x00, 0xfe, 0xff, 0x11, 0x00,
  0x03, 0x00, 0x0b, 0x00, 0x07, 0x00, 0x0b, 0x00, 0x06, 0x00, 0x10, 0x00,
  0x00, 0x00, 0x12, 0x00, 0xf8, 0xff, 0x0e, 0x00, 0xf4, 0xff, 0x0b, 0x00,
  0xf8, 0xff, 0x0e, 0x00, 0xff, 0xff, 0x15, 0x00, 0x02, 0x00, 0x16, 0x00,
  0xf9, 0xff, 0x0e, 0x00, 0xe7, 0xff, 0xff, 0xff, 0xda, 0xff, 0xf0, 0xff,
  0xdd, 0xff, 0xea, 0xff, 0xeb, 0xff, 0xec, 0xff, 0xf7, 0xff, 0xf2, 0xff,
  0xf9, 0xff, 0xf2, 0xff, 0xf6, 0xff, 0xed, 0xff, 0xf5, 0xff, 0xe8, 0xff,
  0xf6, 0xff, 0xea, 0xff, 0xfa, 0xff, 0xf1, 0xff, 0xfd, 0xff, 0xf2, 0xff,
  0xff, 0xff, 0xeb, 0xff, 0x01, 0x00, 0xe3, 0xff, 0x07, 0x00, 0xe1, 0xff,
  0x0d, 0x00, 0xe5, 0xff, 0x0c, 0x00, 0xe8, 0xff, 0x01, 0x00, 0xec, 0xff,
  0xf3, 0xff, 0xef, 0xff, 0xeb, 0xff, 0xf2, 0xff, 0xee, 0xff, 0xf6, 0xff,
  0xf6, 0xff, 0xfb, 0xff, 0xfa, 0xff, 0x01, 0x00, 0xf7, 0xff, 0x00, 0x00,
  0xf4, 0xff, 0xf9, 0xff, 0xf8, 0xff, 0xf6, 0xff, 0xff, 0xff, 0xf9, 0xff,
  0x06, 0x00, 0xff, 0xff, 0x0b, 0x00, 0x06, 0x00, 0x0d, 0x00, 0x10, 0x00,
  0x09, 0x00, 0x18, 0x00, 0xff, 0xff, 0x18, 0x00, 0xf8, 0xff, 0x10, 0x00,
  0xfa, 0xff, 0x0a, 0x00, 0x01, 0x00, 0x0b, 0x00, 0x06, 0x00, 0x0c, 0x00,
  0x09, 0x00, 0x08, 0x00, 0x0a, 0x00, 0x02, 0x00, 0x08, 0x00, 0x04, 0x00,
  0x01, 0x00, 0x0d, 0x00, 0xf9, 0xff, 0x13, 0x00, 0xf1, 0xff, 0x11, 0x00,
  0xea, 0xff, 0x07, 0x00, 0xe7, 0xff, 0xfe, 0xff, 0xee, 0xff, 0xfa, 0xff,
  0xfd, 0xff, 0xf8, 0xff, 0x05, 0x00, 0xf5, 0xff, 0xfe, 0xff, 0xed, 0xff,
  0xee, 0xff, 0xe5, 0xff, 0xe1, 0xff, 0xe5, 0xff, 0xdf, 0xff, 0xf3, 0xff,
  0xe6, 0xff, 0x06, 0x00, 0xef, 0xff, 0x0e, 0x00, 0xf5, 0xff, 0x04, 0x00,
  0xf8, 0xff, 0xf6, 0xff, 0xfa, 0xff, 0xf0, 0xff, 0xfb, 0xff, 0xf4, 0xff,
  0xfe, 0xff, 0xf8, 0xff, 0x00, 0x00, 0xf9, 0xff, 0x01, 0x00, 0xfa, 0xff,
  0x02, 0x00, 0x00, 0x00, 0x02, 0x00, 0x06, 0x00, 0x01, 0x00, 0x0a, 0x00,
  0xfc, 0xff, 0x0e, 0x00, 0xf8, 0xff, 0x13, 0x00, 0xfd, 0xff, 0x16, 0x00,
  0x0a, 0x00, 0x14, 0x00, 0x19, 0x00, 0x0d, 0x00, 0x20, 0x00, 0x03, 0x00,
  0x1f, 0x00, 0xf8, 0xff, 0x1e, 0x00, 0xf1, 0xff, 0x20, 0x00, 0xf4, 0xff,
  0x25, 0x00, 0xff, 0xff, 0x2b, 0x00, 0x07, 0x00, 0x2c, 0x00, 0x08, 0x00,
  0x28, 0x00, 0x04, 0x00, 0x24, 0x00, 0x02, 0x00, 0x22, 0x00, 0x02, 0x00,
  0x22, 0x00, 0x00, 0x00, 0x20, 0x00, 0x00, 0x00, 0x1a, 0x00, 0x03, 0x00,
  0x12, 0x00, 0x06, 0x00, 0x0c, 0x00, 0x04, 0x00, 0x08, 0x00, 0xfe, 0xff,
  0x03, 0x00, 0xfe, 0xff, 0xf9, 0xff, 0x06, 0x00, 0xec, 0xff, 0x0f, 0x00,
  0xe2, 0xff, 0x10, 0x00, 0xdd, 0xff, 0x0a, 0x00, 0xdc, 0xff, 0x01, 0x00,
  0xdc, 0xff, 0xf8, 0xff, 0xdc, 0xff, 0xf3, 0xff, 0xdb, 0xff, 0xf4, 0xff,
  0xd8, 0xff, 0xf9, 0xff, 0xd3, 0xff, 0xfd, 0xff, 0xd0, 0xff, 0x00, 0x00,
  0xd1, 0xff, 0x06, 0x00, 0xd8, 0xff, 0x0c, 0x00, 0xe0, 0xff, 0x0a, 0x00,
  0xe8, 0xff, 0x00, 0x00, 0xed, 0xff, 0xfb, 0xff, 0xee, 0xff, 0x00, 0x00,
  0xec, 0xff, 0x08, 0x00, 0xed, 0xff, 0x09, 0x00, 0xf2, 0xff, 0x05, 0x00,
  0xf8, 0xff, 0x00, 0x00, 0xfb, 0xff, 0x01, 0x00, 0xfa, 0xff, 0x06, 0x00,
  0xf7, 0xff, 0x0a, 0x00, 0xf9, 0xff, 0x0a, 0x00, 0x02, 0x00, 0x05, 0x00,
  0x11, 0x00, 0xfe, 0xff, 0x20, 0x00, 0xf6, 0xff, 0x29, 0x00, 0xf3, 0xff,
  0x27, 0x00, 0xf4, 0xff, 0x1f, 0x00, 0xf5, 0xff, 0x16, 0x00, 0xf6, 0xff,
  0x13, 0x00, 0xfa, 0xff, 0x14, 0x00, 0xfe, 0xff, 0x17, 0x00, 0xfd, 0xff,
  0x16, 0x00, 0xf8, 0xff, 0x13, 0x00, 0xf9, 0xff, 0x11, 0x00, 0x02, 0x00,
  0x10, 0x00, 0x09, 0x00, 0x0f, 0x00, 0x0a, 0x00, 0x0f, 0x00, 0x0b, 0x00,
  0x0e, 0x00, 0x0f, 0x00, 0x0b, 0x00, 0x16, 0x00, 0x08, 0x00, 0x18, 0x00,
  0x06, 0x00, 0x13, 0x00, 0x02, 0x00, 0x0b, 0x00, 0xfb, 0xff, 0x04, 0x00,
  0xf6, 0xff, 0x02, 0x00, 0xf5, 0xff, 0x04, 0x00, 0xf6, 0xff, 0x05, 0x00,
  0xf9, 0xff, 0x05, 0x00, 0xf9, 0xff, 0x07, 0x00, 0xf8, 0xff, 0x0a, 0x00,
  0xf9, 0xff, 0x0e, 0x00, 0xfc, 0xff, 0x0d, 0x00, 0x02, 0x00, 0x04, 0x00,
  0x06, 0x00, 0xf8, 0xff, 0x06, 0x00, 0xef, 0xff, 0x03, 0x00, 0xec, 0xff,
  0x01, 0x00, 0xe9, 0xff, 0x00, 0x00, 0xe8, 0xff, 0xfe, 0xff, 0xed, 0xff,
  0xfb, 0xff, 0xfa, 0xff, 0xf7, 0xff, 0x05, 0x00, 0xf4, 0xff, 0x03, 0x00,
  0xf4, 0xff, 0xf3, 0xff, 0xf6, 0xff, 0xe4, 0xff, 0xf8, 0xff, 0xe2, 0xff,
  0xf9, 0xff, 0xeb, 0xff, 0xf8, 0xff, 0xf1, 0xff, 0xfa, 0xff, 0xf2, 0xff,
  0x00, 0x00, 0xef, 0xff, 0x06, 0x00, 0xed, 0xff, 0x09, 0x00, 0xeb, 0xff,
  0x0a, 0x00, 0xeb, 0xff, 0x0d, 0x00, 0xeb, 0xff, 0x0f, 0x00, 0xea, 0xff,
  0x0b, 0x00, 0xe9, 0xff, 0x04, 0x00, 0xec, 0xff, 0xfe, 0xff, 0xf3, 0xff,
  0xfd, 0xff, 0xf8, 0xff, 0x01, 0x00, 0xfc, 0xff, 0x05, 0x00, 0x01, 0x00,
  0x05, 0x00, 0x0b, 0x00, 0xfe, 0xff, 0x14, 0x00, 0xf7, 0xff, 0x16, 0x00,
  0xf6, 0xff, 0x13, 0x00, 0xfb, 0xff, 0x0e, 0x00, 0x05, 0x00, 0x0e, 0x00,
  0x0d, 0x00, 0x0e, 0x00, 0x0d, 0x00, 0x0a, 0x00, 0x07, 0x00, 0x03, 0x00,
  0xff, 0xff, 0x04, 0x00, 0xf7, 0xff, 0x0d, 0x00, 0xf3, 0xff, 0x19, 0x00,
  0xf3, 0xff, 0x20, 0x00, 0xf9, 0xff, 0x21, 0x00, 0xfe, 0xff, 0x1d, 0x00,
  0xff, 0xff, 0x16, 0x00, 0xfc, 0xff, 0x0f, 0x00, 0xfb, 0xff, 0x09, 0x00,
  0xfb, 0xff, 0x05, 0x00, 0xfd, 0xff, 0x03, 0x00, 0xff, 0xff, 0x05, 0x00,
  0xff, 0xff, 0x0b, 0x00, 0xfb, 0xff, 0x11, 0x00, 0xf5, 0xff, 0x17, 0x00,
  0xee, 0xff, 0x1b, 0x00, 0xec, 0xff, 0x1c, 0x00, 0xec, 0xff, 0x16, 0x00,
  0xf0, 0xff, 0x08, 0x00, 0xf7, 0xff, 0xf7, 0xff, 0xfd, 0xff, 0xef, 0xff,
  0x01, 0x00, 0xf6, 0xff, 0x03, 0x00, 0x08, 0x00, 0x04, 0x00, 0x16, 0x00,
  0x06, 0x00, 0x18, 0x00, 0x0b, 0x00, 0x12, 0x00, 0x10, 0x00, 0x0c, 0x00,
  0x16, 0x00, 0x09, 0x00, 0x1b, 0x00, 0x05, 0x00, 0x1c, 0x00, 0xfc, 0xff,
  0x17, 0x00, 0xf2, 0xff, 0x10, 0x00, 0xeb, 0xff, 0x0b, 0x00, 0xeb, 0xff,
  0x0a, 0x00, 0xf0, 0xff, 0x0a, 0x00, 0xf5, 0xff, 0x08, 0x00, 0xf6, 0xff,
  0x07, 0x00, 0xf5, 0xff, 0x07, 0x00, 0xf6, 0xff, 0x06, 0x00, 0xfb, 0xff,
  0x05, 0x00, 0xff, 0xff, 0x04, 0x00, 0xfb, 0xff, 0x07, 0x00, 0xf0, 0xff,
  0x0b, 0x00, 0xe4, 0xff, 0x0b, 0x00, 0xe0, 0xff, 0x06, 0x00, 0xe2, 0xff,
  0xfb, 0xff, 0xe6, 0xff, 0xed, 0xff, 0xec, 0xff, 0xe1, 0xff, 0xf0, 0xff,
  0xdf, 0xff, 0xf3, 0xff, 0xe5, 0xff, 0xf2, 0xff, 0xed, 0xff, 0xef, 0xff,
  0xf2, 0xff, 0xee, 0xff, 0xf4, 0xff, 0xf0, 0xff, 0xf6, 0xff, 0xf4, 0xff,
  0xf4, 0xff, 0xf6, 0xff, 0xec, 0xff, 0xf5, 0xff, 0xe4, 0xff, 0xf1, 0xff,
  0xe2, 0xff, 0xf0, 0xff, 0xe5, 0xff, 0xf7, 0xff, 0xe8, 0xff, 0x04, 0x00,
  0xe8, 0xff, 0x14, 0x00, 0xe8, 0xff, 0x1b, 0x00, 0xeb, 0xff, 0x16, 0x00,
  0xf2, 0xff, 0x0d, 0x00, 0xfe, 0xff, 0x06, 0x00, 0x0c, 0x00, 0x04, 0x00,
  0x16, 0x00, 0x07, 0x00, 0x18, 0x00, 0x0d, 0x00, 0x15, 0x00, 0x15, 0x00,
  0x13, 0x00, 0x1a, 0x00, 0x15, 0x00, 0x1a, 0x00, 0x1b, 0x00, 0x19, 0x00,
  0x20, 0x00, 0x16, 0x00, 0x23, 0x00, 0x11, 0x00, 0x25, 0x00, 0x0e, 0x00,
  0x21, 0x00, 0x0f, 0x00, 0x15, 0x00, 0x14, 0x00, 0x08, 0x00, 0x14, 0x00,
  0x03, 0x00, 0x0c, 0x00, 0x05, 0x00, 0x00, 0x00, 0x08, 0x00, 0xf9, 0xff,
  0x08, 0x00, 0xfb, 0xff, 0x06, 0x00, 0x01, 0x00, 0x06, 0x00, 0x05, 0x00,
  0x06, 0x00, 0x05, 0x00, 0x0a, 0x00, 0x01, 0x00, 0x0f, 0x00, 0xfa, 0xff,
  0x12, 0x00, 0xf4, 0xff, 0x0c, 0x00, 0xf3, 0xff, 0xfe, 0xff, 0xf6, 0xff,
  0xf0, 0xff, 0xf9, 0xff, 0xe7, 0xff, 0xfc, 0xff, 0xe3, 0xff, 0x00, 0x00,
  0xe0, 0xff, 0x02, 0x00, 0xdf, 0xff, 0x00, 0x00, 0xe3, 0xff, 0xfc, 0xff,
  0xea, 0xff, 0xfc, 0xff, 0xef, 0xff, 0xff, 0xff, 0xf0, 0xff, 0xff, 0xff,
  0xef, 0xff, 0xfc, 0xff, 0xf1, 0xff, 0xfb, 0xff, 0xf2, 0xff, 0xfe, 0xff,
  0xf1, 0xff, 0x01, 0x00, 0xf4, 0xff, 0x00, 0x00, 0xfa, 0xff, 0xfd, 0xff,
  0xff, 0xff, 0xfb, 0xff, 0x01, 0x00, 0xf7, 0xff, 0x02, 0x00, 0xf0, 0xff,
  0x04, 0x00, 0xe7, 0xff, 0x05, 0x00, 0xe3, 0xff, 0x05, 0x00, 0xe4, 0xff,
  0x05, 0x00, 0xe9, 0xff, 0x09, 0x00, 0xec, 0xff, 0x10, 0x00, 0xee, 0xff,
  0x15, 0x00, 0xef, 0xff, 0x18, 0x00, 0xf2, 0xff, 0x1a, 0x00, 0xf7, 0xff,
  0x17, 0x00, 0xfb, 0xff, 0x10, 0x00, 0xf9, 0xff, 0x0a, 0x00, 0xf0, 0xff,
  0x08, 0x00, 0xed, 0xff, 0x09, 0x00, 0xf7, 0xff, 0x05, 0x00, 0x0a, 0x00,
  0xfe, 0xff, 0x19, 0x00, 0xf9, 0xff, 0x1c, 0x00, 0xfc, 0xff, 0x14, 0x00,
  0x05, 0x00, 0x0d, 0x00, 0x10, 0x00, 0x0e, 0x00, 0x18, 0x00, 0x14, 0x00,
  0x19, 0x00, 0x17, 0x00, 0x15, 0x00, 0x15, 0x00, 0x0f, 0x00, 0x12, 0x00,
  0x0a, 0x00, 0x12, 0x00, 0x08, 0x00, 0x15, 0x00, 0x08, 0x00, 0x19, 0x00,
  0x07, 0x00, 0x1b, 0x00, 0x02, 0x00, 0x1b, 0x00, 0xf9, 0xff, 0x19, 0x00,
  0xf1, 0xff, 0x16, 0x00, 0xed, 0xff, 0x11, 0x00, 0xee, 0xff, 0x0a, 0x00,
  0xf0, 0xff, 0x05, 0x00, 0xf1, 0xff, 0x04, 0x00, 0xed, 0xff, 0x06, 0x00,
  0xe6, 0xff, 0x06, 0x00, 0xe2, 0xff, 0x04, 0x00, 0xe3, 0xff, 0x02, 0x00,
  0xe7, 0xff, 0xff, 0xff, 0xeb, 0xff, 0xfa, 0xff, 0xf0, 0xff, 0xf5, 0xff,
  0xf7, 0xff, 0xf0, 0xff, 0xfd, 0xff, 0xed, 0xff, 0xfd, 0xff, 0xeb, 0xff,
  0xf6, 0xff, 0xe9, 0xff, 0xed, 0xff, 0xe6, 0xff, 0xea, 0xff, 0xe4, 0xff,
  0xee, 0xff, 0xe4, 0xff, 0xf4, 0xff, 0xe9, 0xff, 0xf7, 0xff, 0xf0, 0xff,
  0xf4, 0xff, 0xf7, 0xff, 0xf0, 0xff, 0xfb, 0xff, 0xf2, 0xff, 0xfc, 0xff,
  0xfa, 0xff, 0xfd, 0xff, 0x02, 0x00, 0xfe, 0xff, 0x04, 0x00, 0xfe, 0xff,
  0x01, 0x00, 0xfe, 0xff, 0xfe, 0xff, 0x01, 0x00, 0xff, 0xff, 0x02, 0x00,
  0x04, 0x00, 0x00, 0x00, 0x0c, 0x00, 0xfb, 0xff, 0x12, 0x00, 0xf5, 0xff,
  0x13, 0x00, 0xf1, 0xff, 0x11, 0x00, 0xef, 0xff, 0x11, 0x00, 0xf2, 0xff,
  0x13, 0x00, 0xf9, 0xff, 0x13, 0x00, 0xff, 0xff, 0x14, 0x00, 0x00, 0x00,
  0x19, 0x00, 0x00, 0x00, 0x20, 0x00, 0x04, 0x00, 0x22, 0x00, 0x07, 0x00,
  0x1a, 0x00, 0x07, 0x00, 0x0e, 0x00, 0x04, 0x00, 0x05, 0x00, 0x00, 0x00,
  0x03, 0x00, 0x00, 0x00, 0x07, 0x00, 0x01, 0x00, 0x0b, 0x00, 0x01, 0x00,
  0x07, 0x00, 0xfd, 0xff, 0xfb, 0xff, 0xfa, 0xff, 0xed, 0xff, 0xfa, 0xff,
  0xe6, 0xff, 0xfe, 0xff, 0xe9, 0xff, 0x03, 0x00, 0xed, 0xff, 0x06, 0x00,
  0xee, 0xff, 0x06, 0x00, 0xea, 0xff, 0x04, 0x00, 0xe6, 0xff, 0x04, 0x00,
  0xe6, 0xff, 0x05, 0x00, 0xec, 0xff, 0x08, 0x00, 0xf4, 0xff, 0x0a, 0x00,
  0xfd, 0xff, 0x0d, 0x00, 0x01, 0x00, 0x10, 0x00, 0x00, 0x00, 0x12, 0x00,
  0xf9, 0xff, 0x0e, 0x00, 0xf4, 0xff, 0x07, 0x00, 0xf3, 0xff, 0xff, 0xff,
  0xf6, 0xff, 0xfc, 0xff, 0xfb, 0xff, 0xfd, 0xff, 0xfe, 0xff, 0xfe, 0xff,
  0x02, 0x00, 0xfe, 0xff, 0x07, 0x00, 0xfb, 0xff, 0x0d, 0x00, 0xf7, 0xff,
  0x13, 0x00, 0xf3, 0xff, 0x17, 0x00, 0xf2, 0xff, 0x1b, 0x00, 0xf3, 0xff,
  0x1e, 0x00, 0xf1, 0xff, 0x1c, 0x00, 0xed, 0xff, 0x16, 0x00, 0xed, 0xff,
  0x0d, 0x00, 0xf4, 0xff, 0x05, 0x00, 0xfa, 0xff, 0x01, 0x00, 0xfc, 0xff,
  0x02, 0x00, 0xfa, 0xff, 0x02, 0x00, 0xfc, 0xff, 0xff, 0xff, 0x02, 0x00,
  0xfc, 0xff, 0x0b, 0x00, 0xfc, 0xff, 0x12, 0x00, 0xff, 0xff, 0x14, 0x00,
  0x02, 0x00, 0x11, 0x00, 0x03, 0x00, 0x0e, 0x00, 0x00, 0x00, 0x0b, 0x00,
  0xfb, 0xff, 0x0b, 0x00, 0xfa, 0xff, 0x0c, 0x00, 0xfd, 0xff, 0x0b, 0x00,
  0x00, 0x00, 0x0b, 0x00, 0xff, 0xff, 0x0b, 0x00, 0xfc, 0xff, 0x0d, 0x00,
  0xf6, 0xff, 0x0d, 0x00, 0xee, 0xff, 0x0a, 0x00, 0xe5, 0xff, 0x06, 0x00,
  0xe1, 0xff, 0x06, 0x00, 0xe7, 0xff, 0x05, 0x00, 0xf4, 0xff, 0x00, 0x00,
  0xfd, 0xff, 0xf9, 0xff, 0xfb, 0xff, 0xf3, 0xff, 0xf6, 0xff, 0xf0, 0xff,
  0xf5, 0xff, 0xf1, 0xff, 0xfa, 0xff, 0xf7, 0xff, 0xfe, 0xff, 0xff, 0xff,
  0xfb, 0xff, 0x08, 0x00, 0xf3, 0xff, 0x0b, 0x00, 0xec, 0xff, 0x05, 0x00,
  0xe9, 0xff, 0xf9, 0xff, 0xeb, 0xff, 0xef, 0xff, 0xf1, 0xff, 0xec, 0xff,
  0xf4, 0xff, 0xee, 0xff, 0xf6, 0xff, 0xf1, 0xff, 0xf8, 0xff, 0xf1, 0xff,
  0xfb, 0xff, 0xf1, 0xff, 0xfd, 0xff, 0xf1, 0xff, 0xfc, 0xff, 0xf4, 0xff,
  0xfc, 0xff, 0xf8, 0xff, 0x01, 0x00, 0xfc, 0xff, 0x06, 0x00, 0xfe, 0xff,
  0x06, 0x00, 0x01, 0x00, 0x01, 0x00, 0x05, 0x00, 0xfc, 0xff, 0x04, 0x00,
  0xfc, 0xff, 0xfe, 0xff, 0xfe, 0xff, 0xf7, 0xff, 0xff, 0xff, 0xf6, 0xff,
  0xfe, 0xff, 0xfd, 0xff, 0xfd, 0xff, 0x05, 0x00, 0x01, 0x00, 0x06, 0x00,
  0x05, 0x00, 0xfe, 0xff, 0x09, 0x00, 0xf4, 0xff, 0x0d, 0x00, 0xed, 0xff,
  0x15, 0x00, 0xee, 0xff, 0x21, 0x00, 0xf2, 0xff, 0x2b, 0x00, 0xf6, 0xff,
  0x2d, 0x00, 0xf6, 0xff, 0x26, 0x00, 0xf5, 0xff, 0x17, 0x00, 0xf3, 0xff,
  0x0c, 0x00, 0xf2, 0xff, 0x09, 0x00, 0xf4, 0xff, 0x0c, 0x00, 0xfb, 0xff,
  0x0e, 0x00, 0x06, 0x00, 0x0b, 0x00, 0x0c, 0x00, 0x0a, 0x00, 0x09, 0x00,
  0x0c, 0x00, 0x02, 0x00, 0x0f, 0x00, 0xfc, 0xff, 0x0c, 0x00, 0xfb, 0xff,
  0x03, 0x00, 0xff, 0xff, 0xfc, 0xff, 0x06, 0x00, 0xf8, 0xff, 0x0c, 0x00,
  0xf8, 0xff, 0x10, 0x00, 0xf6, 0xff, 0x11, 0x00, 0xf3, 0xff, 0x0e, 0x00,
  0xef, 0xff, 0x09, 0x00, 0xf0, 0xff, 0x07, 0x00, 0xf6, 0xff, 0x0a, 0x00,
  0xfd, 0xff, 0x10, 0x00, 0xfe, 0xff, 0x16, 0x00, 0xf8, 0xff, 0x19, 0x00,
  0xf1, 0xff, 0x19, 0x00, 0xef, 0xff, 0x14, 0x00, 0xf2, 0xff, 0x0c, 0x00,
  0xf7, 0xff, 0x06, 0x00, 0xfa, 0xff, 0x07, 0x00, 0xf9, 0xff, 0x0c, 0x00,
  0xf9, 0xff, 0x11, 0x00, 0xfa, 0xff, 0x13, 0x00, 0xfa, 0xff, 0x0e, 0x00,
  0xf8, 0xff, 0x06, 0x00, 0xf4, 0xff, 0xfe, 0xff, 0xf0, 0xff, 0xfa, 0xff,
  0xee, 0xff, 0xfa, 0xff, 0xf1, 0xff, 0xfb, 0xff, 0xf8, 0xff, 0xfa, 0xff,
  0x00, 0x00, 0xf5, 0xff, 0x07, 0x00, 0xed, 0xff, 0x0a, 0x00, 0xe8, 0xff,
  0x0b, 0x00, 0xe8, 0xff, 0x0c, 0x00, 0xec, 0xff, 0x0f, 0x00, 0xf0, 0xff,
  0x10, 0x00, 0xf3, 0xff, 0x0d, 0x00, 0xf6, 0xff, 0x05, 0x00, 0xf7, 0xff,
  0xfb, 0xff, 0xf8, 0xff, 0xf7, 0xff, 0xf9, 0xff, 0xf8, 0xff, 0xfc, 0xff,
  0xfb, 0xff, 0x01, 0x00, 0xfd, 0xff, 0x08, 0x00, 0xfd, 0xff, 0x0e, 0x00,
  0xfb, 0xff, 0x10, 0x00, 0xf8, 0xff, 0x0d, 0x00, 0xf7, 0xff, 0x06, 0x00,
  0xf7, 0xff, 0xff, 0xff, 0xf8, 0xff, 0xfa, 0xff, 0xf9, 0xff, 0xf9, 0xff,
  0xfc, 0xff, 0xfb, 0xff, 0xff, 0xff, 0x00, 0x00, 0x02, 0x00, 0x02, 0x00,
  0x05, 0x00, 0xff, 0xff, 0x08, 0x00, 0xf9, 0xff, 0x0d, 0x00, 0xf3, 0xff,
  0x11, 0x00, 0xf1, 0xff, 0x14, 0x00, 0xf5, 0xff, 0x14, 0x00, 0xfd, 0xff,
  0x15, 0x00, 0x04, 0x00, 0x15, 0x00, 0x04, 0x00, 0x12, 0x00, 0xfd, 0xff,
  0x0d, 0x00, 0xf4, 0xff, 0x0a, 0x00, 0xf2, 0xff, 0x09, 0x00, 0xf8, 0xff,
  0x05, 0x00, 0xff, 0xff, 0xff, 0xff, 0x03, 0x00, 0xf9, 0xff, 0x03, 0x00,
  0xf6, 0xff, 0x02, 0x00, 0xf8, 0xff, 0x00, 0x00, 0xfc, 0xff, 0xff, 0xff,
  0xff, 0xff, 0xfe, 0xff, 0xff, 0xff, 0xfb, 0xff, 0xfb, 0xff, 0xf8, 0xff,
  0xf8, 0xff, 0xf8, 0xff, 0xf9, 0xff, 0xfc, 0xff, 0x00, 0x00, 0x04, 0x00,
  0x08, 0x00, 0x0b, 0x00, 0x0a, 0x00, 0x0b, 0x00, 0x07, 0x00, 0x09, 0x00,
  0x02, 0x00, 0x08, 0x00, 0xfd, 0xff, 0x0a, 0x00, 0xfa, 0xff, 0x0b, 0x00,
  0xfd, 0xff, 0x08, 0x00, 0x07, 0x00, 0x03, 0x00, 0x11, 0x00, 0xfd, 0xff,
  0x12, 0x00, 0xf8, 0xff, 0x0a, 0x00, 0xf6, 0xff, 0x03, 0x00, 0xf9, 0xff,
  0x01, 0x00, 0x00, 0x00, 0x01, 0x00, 0x04, 0x00, 0x00, 0x00, 0x00, 0x00,
  0xfc, 0xff, 0xfb, 0xff, 0xf9, 0xff, 0xf8, 0xff, 0xf8, 0xff, 0xfa, 0xff,
  0xf9, 0xff, 0xff, 0xff, 0xfc, 0xff, 0x07, 0x00, 0x00, 0x00, 0x0e, 0x00,
  0x02, 0x00, 0x11, 0x00, 0x00, 0x00, 0x0f, 0x00, 0xfd, 0xff, 0x0c, 0x00,
  0xfa, 0xff, 0x0e, 0x00, 0xf8, 0xff, 0x15, 0x00, 0xf6, 0xff, 0x1a, 0x00,
  0xf5, 0xff, 0x16, 0x00, 0xf7, 0xff, 0x0b, 0x00, 0xfa, 0xff, 0x03, 0x00,
  0xfb, 0xff, 0x02, 0x00, 0xfb, 0xff, 0x09, 0x00, 0xfd, 0xff, 0x11, 0x00,
  0x01, 0x00, 0x14, 0x00, 0x03, 0x00, 0x10, 0x00, 0x01, 0x00, 0x06, 0x00,
  0xfc, 0xff, 0xfd, 0xff, 0xf6, 0xff, 0xf9, 0xff, 0xf4, 0xff, 0xfa, 0xff,
  0xf5, 0xff, 0x00, 0x00, 0xfa, 0xff, 0x05, 0x00, 0xfe, 0xff, 0x02, 0x00,
  0x01, 0x00, 0xf8, 0xff, 0x04, 0x00, 0xef, 0xff, 0x04, 0x00, 0xea, 0xff,
  0x02, 0x00, 0xeb, 0xff, 0xfe, 0xff, 0xef, 0xff, 0xfb, 0xff, 0xf0, 0xff,
  0xfa, 0xff, 0xea, 0xff, 0xf7, 0xff, 0xe2, 0xff, 0xf4, 0xff, 0xe2, 0xff,
  0xf3, 0xff, 0xed, 0xff, 0xf3, 0xff, 0xf9, 0xff, 0xf5, 0xff, 0xfd, 0xff,
  0xf7, 0xff, 0xf9, 0xff, 0xf8, 0xff, 0xf5, 0xff, 0xf7, 0xff, 0xf7, 0xff,
  0xf4, 0xff, 0xfc, 0xff, 0xf1, 0xff, 0xfd, 0xff, 0xef, 0xff, 0xf6, 0xff,
  0xf0, 0xff, 0xed, 0xff, 0xf4, 0xff, 0xe9, 0xff, 0xfc, 0xff, 0xf0, 0xff,
  0x06, 0x00, 0xfe, 0xff, 0x0d, 0x00, 0x09, 0x00, 0x12, 0x00, 0x0c, 0x00,
  0x12, 0x00, 0x0c, 0x00, 0x10, 0x00, 0x0e, 0x00, 0x0c, 0x00, 0x12, 0x00,
  0x09, 0x00, 0x15, 0x00, 0x07, 0x00, 0x14, 0x00, 0x07, 0x00, 0x0f, 0x00,
  0x09, 0x00, 0x0a, 0x00, 0x0f, 0x00, 0x04, 0x00, 0x16, 0x00, 0x00, 0x00,
  0x1b, 0x00, 0xff, 0xff, 0x1b, 0x00, 0x02, 0x00, 0x1a, 0x00, 0x0a, 0x00,
  0x1b, 0x00, 0x11, 0x00, 0x1d, 0x00, 0x12, 0x00, 0x1b, 0x00, 0x0c, 0x00,
  0x15, 0x00, 0x05, 0x00, 0x0f, 0x00, 0x00, 0x00, 0x09, 0x00, 0xff, 0xff,
  0x07, 0x00, 0x00, 0x00, 0x07, 0x00, 0x00, 0x00, 0x07, 0x00, 0xfe, 0xff,
  0x07, 0x00, 0xfd, 0xff, 0x07, 0x00, 0xff, 0xff, 0x07, 0x00, 0x03, 0x00,
  0x05, 0x00, 0x06, 0x00, 0x00, 0x00, 0x05, 0x00, 0xfa, 0xff, 0x03, 0x00,
  0xf5, 0xff, 0x02, 0x00, 0xf5, 0xff, 0x02, 0x00, 0xf9, 0xff, 0x06, 0x00,
  0xfd, 0xff, 0x0b, 0x00, 0xfe, 0xff, 0x0d, 0x00, 0xfa, 0xff, 0x0b, 0x00,
  0xf9, 0xff, 0x06, 0x00, 0xfc, 0xff, 0x05, 0x00, 0xff, 0xff, 0x07, 0x00,
  0xff, 0xff, 0x0a, 0x00, 0xfb, 0xff, 0x0b, 0x00, 0xf8, 0xff, 0x0a, 0x00,
  0xf7, 0xff, 0x09, 0x00, 0xf7, 0xff, 0x09, 0x00, 0xf7, 0xff, 0x07, 0x00,
  0xf7, 0xff, 0x05, 0x00, 0xf8, 0xff, 0x05, 0x00, 0xfa, 0xff, 0x08, 0x00,
  0xfd, 0xff, 0x09, 0x00, 0x00, 0x00, 0x0a, 0x00, 0x01, 0x00, 0x09, 0x00,
  0xfd, 0xff, 0x08, 0x00, 0xf9, 0xff, 0x06, 0x00, 0xfb, 0xff, 0x03, 0x00,
  0x02, 0x00, 0xfe, 0xff, 0x09, 0x00, 0xf8, 0xff, 0x09, 0x00, 0xf2, 0xff,
  0x07, 0x00, 0xef, 0xff, 0x05, 0x00, 0xee, 0xff, 0x06, 0x00, 0xf3, 0xff,
  0x0a, 0x00, 0xfb, 0xff, 0x0c, 0x00, 0x00, 0x00, 0x0c, 0x00, 0xff, 0xff,
  0x0a, 0x00, 0xfe, 0xff, 0x09, 0x00, 0xff, 0xff, 0x07, 0x00, 0x00, 0x00,
  0x06, 0x00, 0xff, 0xff, 0x05, 0x00, 0xfb, 0xff, 0x04, 0x00, 0xf9, 0xff,
  0x04, 0x00, 0xf8, 0xff, 0x04, 0x00, 0xf6, 0xff, 0x01, 0x00, 0xef, 0xff,
  0xfa, 0xff, 0xe9, 0xff, 0xf5, 0xff, 0xe9, 0xff, 0xf3, 0xff, 0xed, 0xff,
  0xf5, 0xff, 0xf2, 0xff, 0xf5, 0xff, 0xf1, 0xff, 0xf2, 0xff, 0xed, 0xff,
  0xee, 0xff, 0xe8, 0xff, 0xee, 0xff, 0xe8, 0xff, 0xf4, 0xff, 0xec, 0xff,
  0xfb, 0xff, 0xf2, 0xff, 0xfe, 0xff, 0xf7, 0xff, 0xfd, 0xff, 0xfa, 0xff,
  0xfc, 0xff, 0xfd, 0xff, 0xff, 0xff, 0x03, 0x00, 0x04, 0x00, 0x07, 0x00,
  0x09, 0x00, 0x08, 0x00, 0x0b, 0x00, 0x07, 0x00, 0x0d, 0x00, 0x0b, 0x00,
  0x10, 0x00, 0x12, 0x00, 0x13, 0x00, 0x19, 0x00, 0x14, 0x00, 0x1d, 0x00,
  0x13, 0x00, 0x1c, 0x00, 0x13, 0x00, 0x1b, 0x00, 0x14, 0x00, 0x20, 0x00,
  0x14, 0x00, 0x29, 0x00, 0x0f, 0x00, 0x2f, 0x00, 0x08, 0x00, 0x2e, 0x00,
  0x05, 0x00, 0x29, 0x00, 0x06, 0x00, 0x22, 0x00, 0x07, 0x00, 0x1e, 0x00,
  0x05, 0x00, 0x1b, 0x00, 0x00, 0x00, 0x17, 0x00, 0xfa, 0xff, 0x12, 0x00,
  0xf6, 0xff, 0x10, 0x00, 0xf5, 0xff, 0x11, 0x00, 0xf3, 0xff, 0x10, 0x00,
  0xef, 0xff, 0x08, 0x00, 0xe9, 0xff, 0xfc, 0xff, 0xe6, 0xff, 0xf2, 0xff,
  0xe8, 0xff, 0xed, 0xff, 0xef, 0xff, 0xec, 0xff, 0xf5, 0xff, 0xed, 0xff,
  0xf7, 0xff, 0xea, 0xff, 0xf2, 0xff, 0xe3, 0xff, 0xed, 0xff, 0xdd, 0xff,
  0xe9, 0xff, 0xdd, 0xff, 0xe8, 0xff, 0xe2, 0xff, 0xe8, 0xff, 0xe6, 0xff,
  0xea, 0xff, 0xe7, 0xff, 0xef, 0xff, 0xe8, 0xff, 0xf4, 0xff, 0xe7, 0xff,
  0xf4, 0xff, 0xe4, 0xff, 0xf5, 0xff, 0xe1, 0xff, 0xf9, 0xff, 0xe1, 0xff,
  0xff, 0xff, 0xe5, 0xff, 0x03, 0x00, 0xeb, 0xff, 0x05, 0x00, 0xee, 0xff,
  0x06, 0x00, 0xee, 0xff, 0x07, 0x00, 0xed, 0xff, 0x09, 0x00, 0xec, 0xff,
  0x09, 0x00, 0xee, 0xff, 0x0a, 0x00, 0xf3, 0xff, 0x09, 0x00, 0xfb, 0xff,
  0x07, 0x00, 0x02, 0x00, 0x04, 0x00, 0x07, 0x00, 0x01, 0x00, 0x09, 0x00,
  0x00, 0x00, 0x0b, 0x00, 0x01, 0x00, 0x0d, 0x00, 0x00, 0x00, 0x10, 0x00,
  0x00, 0x00, 0x12, 0x00, 0x03, 0x00, 0x14, 0x00, 0x08, 0x00, 0x13, 0x00,
  0x0e, 0x00, 0x0f, 0x00, 0x10, 0x00, 0x08, 0x00, 0x0b, 0x00, 0x03, 0x00,
  0x03, 0x00, 0x05, 0x00, 0x00, 0x00, 0x0a, 0x00, 0x04, 0x00, 0x0d, 0x00,
  0x0e, 0x00, 0x0d, 0x00, 0x19, 0x00, 0x0c, 0x00, 0x1e, 0x00, 0x09, 0x00,
  0x19, 0x00, 0x05, 0x00, 0x0f, 0x00, 0x03, 0x00, 0x05, 0x00, 0x05, 0x00,
  0x02, 0x00, 0x09, 0x00, 0x04, 0x00, 0x0a, 0x00, 0x0a, 0x00, 0x0b, 0x00,
  0x0f, 0x00, 0x0b, 0x00, 0x0f, 0x00, 0x0b, 0x00, 0x0c, 0x00, 0x0c, 0x00,
  0x0b, 0x00, 0x0f, 0x00, 0x0f, 0x00, 0x13, 0x00, 0x12, 0x00, 0x11, 0x00,
  0x11, 0x00, 0x0c, 0x00, 0x0d, 0x00, 0x09, 0x00, 0x06, 0x00, 0x0c, 0x00,
  0xfc, 0xff, 0x0f, 0x00, 0xf3, 0xff, 0x0d, 0x00, 0xef, 0xff, 0x0a, 0x00,
  0xf1, 0xff, 0x0a, 0x00, 0xf6, 0xff, 0x0a, 0x00, 0xfc, 0xff, 0x06, 0x00,
  0x03, 0x00, 0xfc, 0xff, 0x07, 0x00, 0xf1, 0xff, 0x06, 0x00, 0xea, 0xff,
  0x01, 0x00, 0xe9, 0xff, 0xfd, 0xff, 0xea, 0xff, 0xfb, 0xff, 0xeb, 0xff,
  0xf9, 0xff, 0xec, 0xff, 0xf1, 0xff, 0xee, 0xff, 0xe6, 0xff, 0xf2, 0xff,
  0xde, 0xff, 0xf7, 0xff, 0xdc, 0xff, 0xf6, 0xff, 0xdf, 0xff, 0xf0, 0xff,
  0xe6, 0xff, 0xe9, 0xff, 0xf0, 0xff, 0xeb, 0xff, 0xf9, 0xff, 0xf6, 0xff,
  0xfd, 0xff, 0xfe, 0xff, 0xfd, 0xff, 0xfc, 0xff, 0xfb, 0xff, 0xf3, 0xff,
  0xfa, 0xff, 0xed, 0xff, 0xfb, 0xff, 0xee, 0xff, 0xfb, 0xff, 0xf6, 0xff,
  0xff, 0xff, 0xfc, 0xff, 0x07, 0x00, 0xff, 0xff, 0x11, 0x00, 0xfe, 0xff,
  0x15, 0x00, 0xfb, 0xff, 0x10, 0x00, 0xfa, 0xff, 0x0b, 0x00, 0x01, 0x00,
  0x0a, 0x00, 0x0c, 0x00, 0x0c, 0x00, 0x14, 0x00, 0x0c, 0x00, 0x15, 0x00,
  0x08, 0x00, 0x13, 0x00, 0x01, 0x00, 0x10, 0x00, 0xfc, 0xff, 0x0c, 0x00,
  0xfd, 0xff, 0x08, 0x00, 0x01, 0x00, 0x08, 0x00, 0x02, 0x00, 0x09, 0x00,
  0xfc, 0xff, 0x05, 0x00, 0xf1, 0xff, 0xfc, 0xff, 0xec, 0xff, 0xf7, 0xff,
  0xef, 0xff, 0xfa, 0xff, 0xf2, 0xff, 0xff, 0xff, 0xef, 0xff, 0xff, 0xff,
  0xeb, 0xff, 0xfa, 0xff, 0xec, 0xff, 0xf5, 0xff, 0xf4, 0xff, 0xf5, 0xff,
  0xfd, 0xff, 0xf6, 0xff, 0x04, 0x00, 0xf8, 0xff, 0x07, 0x00, 0xf7, 0xff,
  0x05, 0x00, 0xf6, 0xff, 0x03, 0x00, 0xf6, 0xff, 0x01, 0x00, 0xfa, 0xff,
  0x00, 0x00, 0x02, 0x00, 0xfe, 0xff, 0x0a, 0x00, 0xff, 0xff, 0x0e, 0x00,
  0x04, 0x00, 0x0f, 0x00, 0x09, 0x00, 0x0d, 0x00, 0x07, 0x00, 0x09, 0x00,
  0x02, 0x00, 0x02, 0x00, 0x03, 0x00, 0xfe, 0xff, 0x0f, 0x00, 0x00, 0x00,
  0x1a, 0x00, 0x06, 0x00, 0x1c, 0x00, 0x0c, 0x00, 0x14, 0x00, 0x0b, 0x00,
  0x0b, 0x00, 0x05, 0x00, 0x06, 0x00, 0x01, 0x00, 0x06, 0x00, 0x03, 0x00,
  0x06, 0x00, 0x08, 0x00, 0x06, 0x00, 0x09, 0x00, 0x04, 0x00, 0x02, 0x00,
  0x02, 0x00, 0xf8, 0xff, 0xfc, 0xff, 0xf3, 0xff, 0xf4, 0xff, 0xf7, 0xff,
  0xee, 0xff, 0x01, 0x00, 0xed, 0xff, 0x09, 0x00, 0xf0, 0xff, 0x0b, 0x00,
  0xf5, 0xff, 0x09, 0x00, 0xf8, 0xff, 0x08, 0x00, 0xf7, 0xff, 0x08, 0x00,
  0xf3, 0xff, 0x08, 0x00, 0xf4, 0xff, 0x06, 0x00, 0xfe, 0xff, 0x03, 0x00,
  0x08, 0x00, 0x01, 0x00, 0x0a, 0x00, 0xfe, 0xff, 0x03, 0x00, 0xff, 0xff,
  0xff, 0xff, 0x02, 0x00, 0x02, 0x00, 0x06, 0x00, 0x06, 0x00, 0x07, 0x00,
  0x07, 0x00, 0x03, 0x00, 0x05, 0x00, 0xfd, 0xff, 0x04, 0x00, 0xf6, 0xff,
  0x06, 0x00, 0xf0, 0xff, 0x08, 0x00, 0xee, 0xff, 0x08, 0x00, 0xf0, 0xff,
  0x03, 0x00, 0xf1, 0xff, 0xfa, 0xff, 0xf0, 0xff, 0xf3, 0xff, 0xf0, 0xff,
  0xf0, 0xff, 0xf4, 0xff, 0xf0, 0xff, 0xfa, 0xff, 0xee, 0xff, 0xfd, 0xff,
  0xeb, 0xff, 0xfe, 0xff, 0xec, 0xff, 0xfd, 0xff, 0xf0, 0xff, 0xf9, 0xff,
  0xf5, 0xff, 0xf1, 0xff, 0xf6, 0xff, 0xeb, 0xff, 0xf6, 0xff, 0xec, 0xff,
  0xf5, 0xff, 0xef, 0xff, 0xf5, 0xff, 0xf4, 0xff, 0xf9, 0xff, 0xfa, 0xff,
  0xfe, 0xff, 0x03, 0x00, 0x05, 0x00, 0x09, 0x00, 0x0a, 0x00, 0x09, 0x00,
  0x0f, 0x00, 0x04, 0x00, 0x10, 0x00, 0x02, 0x00, 0x0c, 0x00, 0x03, 0x00,
  0x07, 0x00, 0x07, 0x00, 0x05, 0x00, 0x0b, 0x00, 0x07, 0x00, 0x0e, 0x00,
  0x09, 0x00, 0x0e, 0x00, 0x07, 0x00, 0x0c, 0x00, 0x06, 0x00, 0x0a, 0x00,
  0x07, 0x00, 0x0a, 0x00, 0x0b, 0x00, 0x0d, 0x00, 0x0b, 0x00, 0x0f, 0x00,
  0x07, 0x00, 0x10, 0x00, 0x03, 0x00, 0x0e, 0x00, 0x01, 0x00, 0x0a, 0x00,
  0x03, 0x00, 0x04, 0x00, 0x04, 0x00, 0xff, 0xff, 0x02, 0x00, 0x01, 0x00,
  0xfd, 0xff, 0x0a, 0x00, 0xfa, 0xff, 0x10, 0x00, 0xfb, 0xff, 0x0c, 0x00,
  0x00, 0x00, 0x02, 0x00, 0x04, 0x00, 0xfc, 0xff, 0x02, 0x00, 0xfe, 0xff,
  0xfd, 0xff, 0x05, 0x00, 0xfa, 0xff, 0x09, 0x00, 0xfa, 0xff, 0x09, 0x00,
  0xfd, 0xff, 0x08, 0x00, 0xfe, 0xff, 0x05, 0x00, 0xfe, 0xff, 0x02, 0x00,
  0xff, 0xff, 0xff, 0xff, 0x01, 0x00, 0xfd, 0xff, 0x01, 0x00, 0xfc, 0xff,
  0xff, 0xff, 0xfb, 0xff, 0xff, 0xff, 0xf8, 0xff, 0x04, 0x00, 0xf5, 0xff,
  0x0a, 0x00, 0xf0, 0xff, 0x0a, 0x00, 0xeb, 0xff, 0x06, 0x00, 0xe6, 0xff,
  0x03, 0x00, 0xe5, 0xff, 0x05, 0x00, 0xe6, 0xff, 0x0a, 0x00, 0xea, 0xff,
  0x0d, 0x00, 0xf2, 0xff, 0x0c, 0x00, 0xfc, 0xff, 0x09, 0x00, 0x02, 0x00,
  0x05, 0x00, 0x01, 0x00, 0x03, 0x00, 0xfa, 0xff, 0x01, 0x00, 0xf5, 0xff,
  0xfd, 0xff, 0xf6, 0xff, 0xf7, 0xff, 0xfc, 0xff, 0xf0, 0xff, 0x03, 0x00,
  0xed, 0xff, 0x03, 0x00, 0xed, 0xff, 0xfe, 0xff, 0xf0, 0xff, 0xf5, 0xff,
  0xf2, 0xff, 0xf2, 0xff, 0xf0, 0xff, 0xf4, 0xff, 0xed, 0xff, 0xf9, 0xff,
  0xe9, 0xff, 0xfd, 0xff, 0xe7, 0xff, 0xfe, 0xff, 0xe7, 0xff, 0xff, 0xff,
  0xe9, 0xff, 0x01, 0x00, 0xed, 0xff, 0x07, 0x00, 0xf2, 0xff, 0x12, 0x00,
  0xf4, 0xff, 0x1e, 0x00, 0xf4, 0xff, 0x25, 0x00, 0xf6, 0xff, 0x23, 0x00,
  0xfa, 0xff, 0x19, 0x00, 0x02, 0x00, 0x0d, 0x00, 0x09, 0x00, 0x05, 0x00,
  0x0f, 0x00, 0x02, 0x00, 0x10, 0x00, 0x05, 0x00, 0x0e, 0x00, 0x0a, 0x00,
  0x0b, 0x00, 0x11, 0x00, 0x0d, 0x00, 0x16, 0x00, 0x12, 0x00, 0x14, 0x00,
  0x17, 0x00, 0x0e, 0x00, 0x19, 0x00, 0x07, 0x00, 0x15, 0x00, 0x04, 0x00,
  0x10, 0x00, 0x03, 0x00, 0x0d, 0x00, 0x00, 0x00, 0x0f, 0x00, 0xf9, 0xff,
  0x12, 0x00, 0xf0, 0xff, 0x14, 0x00, 0xe6, 0xff, 0x11, 0x00, 0xdf, 0xff,
  0x0c, 0x00, 0xde, 0xff, 0x09, 0x00, 0xe3, 0xff, 0x09, 0x00, 0xe9, 0xff,
  0x09, 0x00, 0xeb, 0xff, 0x04, 0x00, 0xea, 0xff, 0xfa, 0xff, 0xe9, 0xff,
  0xf1, 0xff, 0xe9, 0xff, 0xeb, 0xff, 0xe8, 0xff, 0xe9, 0xff, 0xe7, 0xff,
  0xe7, 0xff, 0xea, 0xff, 0xe3, 0xff, 0xf4, 0xff, 0xe1, 0xff, 0x02, 0x00,
  0xe1, 0xff, 0x09, 0x00, 0xe7, 0xff, 0x05, 0x00, 0xee, 0xff, 0xfe, 0xff,
  0xf4, 0xff, 0xfb, 0xff, 0xf6, 0xff, 0xff, 0xff, 0xf6, 0xff, 0x09, 0x00,
  0xf4, 0xff, 0x10, 0x00, 0xf1, 0xff, 0x13, 0x00, 0xee, 0xff, 0x13, 0x00,
  0xed, 0xff, 0x15, 0x00, 0xf2, 0xff, 0x1d, 0x00, 0xfa, 0xff, 0x26, 0x00,
  0x02, 0x00, 0x2a, 0x00, 0x07, 0x00, 0x28, 0x00, 0x09, 0x00, 0x22, 0x00,
  0x0a, 0x00, 0x1e, 0x00, 0x0b, 0x00, 0x1a, 0x00, 0x0b, 0x00, 0x14, 0x00,
  0x0b, 0x00, 0x0e, 0x00, 0x0a, 0x00, 0x0a, 0x00, 0x08, 0x00, 0x0d, 0x00,
  0x08, 0x00, 0x11, 0x00, 0x08, 0x00, 0x11, 0x00, 0x08, 0x00, 0x07, 0x00,
  0x09, 0x00, 0xf9, 0xff, 0x0c, 0x00, 0xed, 0xff, 0x0d, 0x00, 0xe7, 0xff,
  0x09, 0x00, 0xe8, 0xff, 0x01, 0x00, 0xee, 0xff, 0xfa, 0xff, 0xf5, 0xff,
  0xf7, 0xff, 0xf8, 0xff, 0xf8, 0xff, 0xf2, 0xff, 0xfa, 0xff, 0xe8, 0xff,
  0xf8, 0xff, 0xdf, 0xff, 0xf6, 0xff, 0xdc, 0xff, 0xf6, 0xff, 0xe0, 0xff,
  0xf8, 0xff, 0xe6, 0xff, 0xfb, 0xff, 0xec, 0xff, 0xfc, 0xff, 0xf0, 0xff,
  0xfb, 0xff, 0xf1, 0xff, 0xf9, 0xff, 0xf0, 0xff, 0xf9, 0xff, 0xf0, 0xff,
  0xfa, 0xff, 0xf3, 0xff, 0xfc, 0xff, 0xfa, 0xff, 0xfe, 0xff, 0x01, 0x00,
  0xfe, 0xff, 0x02, 0x00, 0x00, 0x00, 0xfb, 0xff, 0x04, 0x00, 0xf0, 0xff,
  0x08, 0x00, 0xe9, 0xff, 0x09, 0x00, 0xea, 0xff, 0x08, 0x00, 0xf4, 0xff,
  0x07, 0x00, 0x00, 0x00, 0x07, 0x00, 0x06, 0x00, 0x06, 0x00, 0x05, 0x00,
  0x04, 0x00, 0x04, 0x00, 0x03, 0x00, 0x08, 0x00, 0x04, 0x00, 0x0f, 0x00,
  0x03, 0x00, 0x14, 0x00, 0xff, 0xff, 0x15, 0x00, 0xfc, 0xff, 0x15, 0x00,
  0xfb, 0xff, 0x15, 0x00, 0xfd, 0xff, 0x14, 0x00, 0x00, 0x00, 0x12, 0x00,
  0x05, 0x00, 0x11, 0x00, 0x09, 0x00, 0x10, 0x00, 0x0d, 0x00, 0x10, 0x00,
  0x0f, 0x00, 0x11, 0x00, 0x12, 0x00, 0x11, 0x00, 0x14, 0x00, 0x0d, 0x00,
  0x14, 0x00, 0x06, 0x00, 0x11, 0x00, 0x00, 0x00, 0x0d, 0x00, 0xff, 0xff,
  0x09, 0x00, 0x02, 0x00, 0x05, 0x00, 0x03, 0x00, 0x04, 0x00, 0x05, 0x00,
  0x05, 0x00, 0x08, 0x00, 0x07, 0x00, 0x0a, 0x00, 0x07, 0x00, 0x07, 0x00,
  0x04, 0x00, 0xfd, 0xff, 0x01, 0x00, 0xf3, 0xff, 0xff, 0xff, 0xf1, 0xff,
  0xff, 0xff, 0xf4, 0xff, 0xff, 0xff, 0xf6, 0xff, 0xfe, 0xff, 0xf3, 0xff,
  0xfb, 0xff, 0xee, 0xff, 0xf6, 0xff, 0xea, 0xff, 0xf2, 0xff, 0xeb, 0xff,
  0xf2, 0xff, 0xee, 0xff, 0xf1, 0xff, 0xf0, 0xff, 0xf0, 0xff, 0xf0, 0xff,
  0xef, 0xff, 0xef, 0xff, 0xf1, 0xff, 0xed, 0xff, 0xf7, 0xff, 0xea, 0xff,
  0xfc, 0xff, 0xe9, 0xff, 0xfb, 0xff, 0xec, 0xff, 0xf5, 0xff, 0xf3, 0xff,
  0xf0, 0xff, 0x00, 0x00, 0xf0, 0xff, 0x0c, 0x00, 0xf6, 0xff, 0x10, 0x00,
  0xfd, 0xff, 0x0b, 0x00, 0x02, 0x00, 0x04, 0x00, 0x04, 0x00, 0x04, 0x00,
  0x03, 0x00, 0x0c, 0x00, 0xff, 0xff, 0x15, 0x00, 0xf8, 0xff, 0x18, 0x00,
  0xf2, 0xff, 0x19, 0x00, 0xf1, 0xff, 0x19, 0x00, 0xf5, 0xff, 0x1c, 0x00,
  0xfb, 0xff, 0x1d, 0x00, 0x02, 0x00, 0x19, 0x00, 0x09, 0x00, 0x13, 0x00,
  0x0d, 0x00, 0x0d, 0x00, 0x10, 0x00, 0x09, 0x00, 0x12, 0x00, 0x05, 0x00,
  0x0f, 0x00, 0xfc, 0xff, 0x09, 0x00, 0xf1, 0xff, 0x04, 0x00, 0xeb, 0xff,
  0x00, 0x00, 0xef, 0xff, 0xfe, 0xff, 0xf6, 0xff, 0xfc, 0xff, 0xfa, 0xff,
  0xfb, 0xff, 0xf9, 0xff, 0xfd, 0xff, 0xf6, 0xff, 0xff, 0xff, 0xf2, 0xff,
  0x00, 0x00, 0xef, 0xff, 0x00, 0x00, 0xec, 0xff, 0xfe, 0xff, 0xe9, 0xff,
  0xfc, 0xff, 0xe8, 0xff, 0xfc, 0xff, 0xec, 0xff, 0xff, 0xff, 0xf5, 0xff,
  0x02, 0x00, 0xfe, 0xff, 0x03, 0x00, 0x01, 0x00, 0x03, 0x00, 0xff, 0xff,
  0x06, 0x00, 0xfe, 0xff, 0x0b, 0x00, 0x03, 0x00, 0x0c, 0x00, 0x0b, 0x00,
  0x0a, 0x00, 0x0f, 0x00, 0x0a, 0x00, 0x0e, 0x00, 0x0f, 0x00, 0x0a, 0x00,
  0x16, 0x00, 0x09, 0x00, 0x1a, 0x00, 0x0c, 0x00, 0x18, 0x00, 0x12, 0x00,
  0x13, 0x00, 0x17, 0x00, 0x10, 0x00, 0x1b, 0x00, 0x12, 0x00, 0x1d, 0x00,
  0x16, 0x00, 0x1d, 0x00, 0x13, 0x00, 0x18, 0x00, 0x09, 0x00, 0x0f, 0x00,
  0xfc, 0xff, 0x06, 0x00, 0xf3, 0xff, 0xff, 0xff, 0xef, 0xff, 0xfc, 0xff,
  0xef, 0xff, 0xfe, 0xff, 0xee, 0xff, 0xff, 0xff, 0xec, 0xff, 0xfb, 0xff,
  0xed, 0xff, 0xf3, 0xff, 0xf1, 0xff, 0xee, 0xff, 0xf7, 0xff, 0xee, 0xff,
  0xfa, 0xff, 0xf2, 0xff, 0xfb, 0xff, 0xf4, 0xff, 0xfb, 0xff, 0xf1, 0xff,
  0xfc, 0xff, 0xec, 0xff, 0xfc, 0xff, 0xe7, 0xff, 0xfc, 0xff, 0xe5, 0xff,
  0xfc, 0xff, 0xe7, 0xff, 0xfc, 0xff, 0xee, 0xff, 0xfa, 0xff, 0xf5, 0xff,
  0xf6, 0xff, 0xfb, 0xff, 0xf3, 0xff, 0xff, 0xff, 0xef, 0xff, 0x02, 0x00,
  0xee, 0xff, 0x03, 0x00, 0xf0, 0xff, 0x01, 0x00, 0xf7, 0xff, 0xff, 0xff,
  0xfd, 0xff, 0xff, 0xff, 0xfe, 0xff, 0x01, 0x00, 0xff, 0xff, 0x03, 0x00,
  0x05, 0x00, 0x05, 0x00, 0x0c, 0x00, 0x03, 0x00, 0x0e, 0x00, 0xfd, 0xff,
  0x0a, 0x00, 0xf7, 0xff, 0x02, 0x00, 0xf4, 0xff, 0xfb, 0xff, 0xf5, 0xff,
  0xf4, 0xff, 0xf7, 0xff, 0xf1, 0xff, 0xf9, 0xff, 0xf4, 0xff, 0xf8, 0xff,
  0xfc, 0xff, 0xf6, 0xff, 0x07, 0x00, 0xf6, 0xff, 0x12, 0x00, 0xfb, 0xff,
  0x16, 0x00, 0x02, 0x00, 0x14, 0x00, 0x06, 0x00, 0x0d, 0x00, 0x03, 0x00,
  0x0a, 0x00, 0xfc, 0xff, 0x0a, 0x00, 0xf6, 0xff, 0x0b, 0x00, 0xf5, 0xff,
  0x07, 0x00, 0xf9, 0xff, 0xff, 0xff, 0xff, 0xff, 0xf9, 0xff, 0x04, 0x00,
  0xfa, 0xff, 0x05, 0x00, 0x02, 0x00, 0x05, 0x00, 0x0b, 0x00, 0x06, 0x00,
  0x0e, 0x00, 0x07, 0x00, 0x09, 0x00, 0x07, 0x00, 0x04, 0x00, 0x07, 0x00,
  0x02, 0x00, 0x08, 0x00, 0x03, 0x00, 0x0a, 0x00, 0x03, 0x00, 0x09, 0x00,
  0x03, 0x00, 0x07, 0x00, 0x04, 0x00, 0x06, 0x00, 0x06, 0x00, 0x08, 0x00,
  0x0a, 0x00, 0x09, 0x00, 0x10, 0x00, 0x08, 0x00, 0x13, 0x00, 0x05, 0x00,
  0x10, 0x00, 0x02, 0x00, 0x05, 0x00, 0x01, 0x00, 0xfb, 0xff, 0x03, 0x00,
  0xf8, 0xff, 0x05, 0x00, 0xfc, 0xff, 0x05, 0x00, 0x01, 0x00, 0x03, 0x00,
  0x04, 0x00, 0x02, 0x00, 0x05, 0x00, 0x01, 0x00, 0x05, 0x00, 0x02, 0x00,
  0x04, 0x00, 0x01, 0x00, 0x04, 0x00, 0xfe, 0xff, 0x03, 0x00, 0xf8, 0xff,
  0xfe, 0xff, 0xf5, 0xff, 0xf7, 0xff, 0xf7, 0xff, 0xf0, 0xff, 0xfc, 0xff,
  0xee, 0xff, 0xff, 0xff, 0xef, 0xff, 0xfe, 0xff, 0xf2, 0xff, 0xfc, 0xff,
  0xf6, 0xff, 0xfd, 0xff, 0xfb, 0xff, 0xff, 0xff, 0x03, 0x00, 0x00, 0x00,
  0x0a, 0x00, 0x01, 0x00, 0x0c, 0x00, 0x01, 0x00, 0x07, 0x00, 0x01, 0x00,
  0xfe, 0xff, 0x01, 0x00, 0xf8, 0xff, 0x04, 0x00, 0xf6, 0xff, 0x08, 0x00,
  0xf8, 0xff, 0x0a, 0x00, 0xfd, 0xff, 0x0a, 0x00, 0x01, 0x00, 0x08, 0x00,
  0x02, 0x00, 0x07, 0x00, 0xff, 0xff, 0x06, 0x00, 0xfa, 0xff, 0x05, 0x00,
  0xf8, 0xff, 0x06, 0x00, 0xfa, 0xff, 0x07, 0x00, 0xff, 0xff, 0x09, 0x00,
  0x02, 0x00, 0x0b, 0x00, 0x03, 0x00, 0x0e, 0x00, 0x00, 0x00, 0x0f, 0x00,
  0xfb, 0xff, 0x0d, 0x00, 0xfa, 0xff, 0x07, 0x00, 0xfe, 0xff, 0x01, 0x00,
  0x02, 0x00, 0xfe, 0xff, 0x03, 0x00, 0xfa, 0xff, 0x01, 0x00, 0xf5, 0xff,
  0xfe, 0xff, 0xed, 0xff, 0xfe, 0xff, 0xe8, 0xff, 0x00, 0x00, 0xe9, 0xff,
  0x03, 0x00, 0xec, 0xff, 0x06, 0x00, 0xee, 0xff, 0x08, 0x00, 0xeb, 0xff,
  0x09, 0x00, 0xe5, 0xff, 0x0a, 0x00, 0xe1, 0xff, 0x0a, 0x00, 0xe1, 0xff,
  0x08, 0x00, 0xe5, 0xff, 0x05, 0x00, 0xed, 0xff, 0x05, 0x00, 0xf6, 0xff,
  0x05, 0x00, 0xfe, 0xff, 0x03, 0x00, 0x00, 0x00, 0x01, 0x00, 0x00, 0x00,
  0xfe, 0xff, 0xfe, 0xff, 0xfd, 0xff, 0xfc, 0xff, 0x00, 0x00, 0xfe, 0xff,
  0x04, 0x00, 0x03, 0x00, 0x08, 0x00, 0x07, 0x00, 0x09, 0x00, 0x07, 0x00,
  0x05, 0x00, 0x04, 0x00, 0xff, 0xff, 0x04, 0x00, 0xfd, 0xff, 0x0a, 0x00,
  0xff, 0xff, 0x11, 0x00, 0x02, 0x00, 0x12, 0x00, 0x05, 0x00, 0x10, 0x00,
  0x06, 0x00, 0x0f, 0x00, 0x06, 0x00, 0x12, 0x00, 0x04, 0x00, 0x17, 0x00,
  0x00, 0x00, 0x18, 0x00, 0xfd, 0xff, 0x15, 0x00, 0xfb, 0xff, 0x10, 0x00,
  0xfa, 0xff, 0x0d, 0x00, 0xf9, 0xff, 0x0c, 0x00, 0xf7, 0xff, 0x09, 0x00,
  0xf9, 0xff, 0x05, 0x00, 0xfd, 0xff, 0x02, 0x00, 0x02, 0x00, 0x02, 0x00,
  0x03, 0x00, 0x03, 0x00, 0x00, 0x00, 0x05, 0x00, 0xff, 0xff, 0x05, 0x00,
  0xfe, 0xff, 0x05, 0x00, 0xfc, 0xff, 0x05, 0x00, 0xf8, 0xff, 0x03, 0x00,
  0xf3, 0xff, 0x00, 0x00, 0xef, 0xff, 0xfa, 0xff, 0xee, 0xff, 0xf3, 0xff,
  0xf4, 0xff, 0xec, 0xff, 0xfc, 0xff, 0xe6, 0xff, 0x00, 0x00, 0xe2, 0xff,
  0xfb, 0xff, 0xdf, 0xff, 0xf3, 0xff, 0xde, 0xff, 0xed, 0xff, 0xe0, 0xff,
  0xec, 0xff, 0xe5, 0xff, 0xec, 0xff, 0xeb, 0xff, 0xe9, 0xff, 0xf0, 0xff,
  0xe6, 0xff, 0xf5, 0xff, 0xe6, 0xff, 0xfa, 0xff, 0xec, 0xff, 0xfe, 0xff,
  0xf7, 0xff, 0xff, 0xff, 0x00, 0x00, 0xfd, 0xff, 0x06, 0x00, 0xf8, 0xff,
  0x09, 0x00, 0xf7, 0xff, 0x0b, 0x00, 0xfc, 0xff, 0x0d, 0x00, 0x04, 0x00,
  0x0d, 0x00, 0x07, 0x00, 0x0d, 0x00, 0x05, 0x00, 0x0f, 0x00, 0x01, 0x00,
  0x12, 0x00, 0x00, 0x00, 0x15, 0x00, 0x04, 0x00, 0x17, 0x00, 0x0b, 0x00,
  0x17, 0x00, 0x11, 0x00, 0x17, 0x00, 0x12, 0x00, 0x18, 0x00, 0x10, 0x00,
  0x19, 0x00, 0x0d, 0x00, 0x1a, 0x00, 0x0b, 0x00, 0x19, 0x00, 0x08, 0x00,
  0x13, 0x00, 0x03, 0x00, 0x0b, 0x00, 0xff, 0xff, 0x05, 0x00, 0xff, 0xff,
  0x02, 0x00, 0x00, 0x00, 0x02, 0x00, 0x02, 0x00, 0x02, 0x00, 0x02, 0x00,
  0xff, 0xff, 0x04, 0x00, 0xfa, 0xff, 0x08, 0x00, 0xf6, 0xff, 0x0c, 0x00,
  0xf3, 0xff, 0x0b, 0x00, 0xf3, 0xff, 0x09, 0x00, 0xf4, 0xff, 0x06, 0x00,
  0xf3, 0xff, 0x05, 0x00, 0xf2, 0xff, 0x06, 0x00, 0xf1, 0xff, 0x08, 0x00,
  0xf3, 0xff, 0x08, 0x00, 0xf7, 0xff, 0x05, 0x00, 0xfb, 0xff, 0x00, 0x00,
  0xfd, 0xff, 0xfa, 0xff, 0xff, 0xff, 0xf5, 0xff, 0xff, 0xff, 0xf3, 0xff,
  0xfe, 0xff, 0xf3, 0xff, 0xfc, 0xff, 0xf8, 0xff, 0xfa, 0xff, 0xfe, 0xff,
  0xfc, 0xff, 0x04, 0x00, 0xff, 0xff, 0x07, 0x00, 0x03, 0x00, 0x0b, 0x00,
  0x07, 0x00, 0x0f, 0x00, 0x0c, 0x00, 0x11, 0x00, 0x0f, 0x00, 0x0e, 0x00,
  0x11, 0x00, 0x05, 0x00, 0x13, 0x00, 0xfd, 0xff, 0x12, 0x00, 0xf7, 0xff,
  0x0d, 0x00, 0xf4, 0xff, 0x07, 0x00, 0xf1, 0xff, 0x04, 0x00, 0xef, 0xff,
  0x06, 0x00, 0xf1, 0xff, 0x09, 0x00, 0xf6, 0xff, 0x09, 0x00, 0xfc, 0xff,
  0x04, 0x00, 0x00, 0x00, 0xff, 0xff, 0x00, 0x00, 0xfb, 0xff, 0xfd, 0xff,
  0xfc, 0xff, 0xfc, 0xff, 0xff, 0xff, 0xfc, 0xff, 0x02, 0x00, 0xfb, 0xff,
  0x03, 0x00, 0xf7, 0xff, 0x01, 0x00, 0xf2, 0xff, 0xfc, 0xff, 0xf1, 0xff,
  0xf8, 0xff, 0xf6, 0xff, 0xf7, 0xff, 0xfe, 0xff, 0xf8, 0xff, 0x04, 0x00,
  0xf9, 0xff, 0x06, 0x00, 0xf8, 0xff, 0x08, 0x00, 0xf5, 0xff, 0x0b, 0x00,
  0xf1, 0xff, 0x0e, 0x00, 0xef, 0xff, 0x0e, 0x00, 0xf1, 0xff, 0x0c, 0x00,
  0xf5, 0xff, 0x0a, 0x00, 0xf7, 0xff, 0x0b, 0x00, 0xf4, 0xff, 0x0f, 0x00,
  0xf0, 0xff, 0x14, 0x00, 0xef, 0xff, 0x14, 0x00, 0xf1, 0xff, 0x0d, 0x00,
  0xf2, 0xff, 0x00, 0x00, 0xf1, 0xff, 0xf5, 0xff, 0xf0, 0xff, 0xf0, 0xff,
  0xf1, 0xff, 0xf2, 0xff, 0xf4, 0xff, 0xf6, 0xff, 0xf9, 0xff, 0xf8, 0xff,
  0xfd, 0xff, 0xf7, 0xff, 0xff, 0xff, 0xf6, 0xff, 0xff, 0xff, 0xf8, 0xff,
  0xff, 0xff, 0xfe, 0xff, 0x02, 0x00, 0x06, 0x00, 0x05, 0x00, 0x0a, 0x00,
  0x06, 0x00, 0x0a, 0x00, 0x07, 0x00, 0x05, 0x00, 0x08, 0x00, 0xff, 0xff,
  0x07, 0x00, 0xfb, 0xff, 0x05, 0x00, 0xf9, 0xff, 0x02, 0x00, 0xfa, 0xff,
  0x03, 0x00, 0xfd, 0xff, 0x06, 0x00, 0xff, 0xff, 0x07, 0x00, 0xfe, 0xff,
  0x04, 0x00, 0xfb, 0xff, 0x00, 0x00, 0xf7, 0xff, 0x01, 0x00, 0xf6, 0xff,
  0x06, 0x00, 0xfb, 0xff, 0x0f, 0x00, 0x01, 0x00, 0x15, 0x00, 0x05, 0x00,
  0x13, 0x00, 0x02, 0x00, 0x0c, 0x00, 0xfb, 0xff, 0x05, 0x00, 0xf6, 0xff,
  0x04, 0x00, 0xf4, 0xff, 0x09, 0x00, 0xf2, 0xff, 0x0d, 0x00, 0xf1, 0xff,
  0x09, 0x00, 0xf1, 0xff, 0x03, 0x00, 0xf0, 0xff, 0x01, 0x00, 0xef, 0xff,
  0x04, 0x00, 0xee, 0xff, 0x07, 0x00, 0xef, 0xff, 0x06, 0x00, 0xf2, 0xff,
  0x03, 0x00, 0xf8, 0xff, 0xfe, 0xff, 0xff, 0xff, 0xfb, 0xff, 0x03, 0x00,
  0xf9, 0xff, 0x00, 0x00, 0xf9, 0xff, 0xf7, 0xff, 0xfa, 0xff, 0xf1, 0xff,
  0xf9, 0xff, 0xf2, 0xff, 0xf6, 0xff, 0xf8, 0xff, 0xf5, 0xff, 0xfe, 0xff,
  0xf6, 0xff, 0x01, 0x00, 0xf7, 0xff, 0x04, 0x00, 0xf6, 0xff, 0x0b, 0x00,
  0xf5, 0xff, 0x14, 0x00, 0xf4, 0xff, 0x19, 0x00, 0xf4, 0xff, 0x1a, 0x00,
  0xf3, 0xff, 0x18, 0x00, 0xf3, 0xff, 0x18, 0x00, 0xf6, 0xff, 0x19, 0x00,
  0xfc, 0xff, 0x1b, 0x00, 0x01, 0x00, 0x1a, 0x00, 0x02, 0x00, 0x17, 0x00,
  0x02, 0x00, 0x13, 0x00, 0x01, 0x00, 0x11, 0x00, 0x00, 0x00, 0x11, 0x00,
  0xfe, 0xff, 0x0f, 0x00, 0xfe, 0xff, 0x0a, 0x00, 0x01, 0x00, 0x05, 0x00,
  0x06, 0x00, 0x02, 0x00, 0x09, 0x00, 0x02, 0x00, 0x0b, 0x00, 0xff, 0xff,
  0x0c, 0x00, 0xf9, 0xff, 0x0d, 0x00, 0xf4, 0xff, 0x0e, 0x00, 0xf2, 0xff,
  0x0f, 0x00, 0xf3, 0xff, 0x0e, 0x00, 0xf1, 0xff, 0x0b, 0x00, 0xee, 0xff,
  0x07, 0x00, 0xea, 0xff, 0x03, 0x00, 0xe7, 0xff, 0x00, 0x00, 0xe5, 0xff,
  0x00, 0x00, 0xe4, 0xff, 0x03, 0x00, 0xe3, 0xff, 0x06, 0x00, 0xe4, 0xff,
  0x0a, 0x00, 0xe8, 0xff, 0x0e, 0x00, 0xef, 0xff, 0x0d, 0x00, 0xf6, 0xff,
  0x0a, 0x00, 0xfb, 0xff, 0x06, 0x00, 0xfc, 0xff, 0x03, 0x00, 0xfe, 0xff,
  0x01, 0x00, 0x02, 0x00, 0x00, 0x00, 0x08, 0x00, 0xfd, 0xff, 0x0b, 0x00,
  0xfa, 0xff, 0x0b, 0x00, 0xf7, 0xff, 0x0a, 0x00, 0xf7, 0xff, 0x0a, 0x00,
  0xfa, 0xff, 0x0e, 0x00, 0x00, 0x00, 0x13, 0x00, 0x05, 0x00, 0x15, 0x00,
  0x07, 0x00, 0x12, 0x00, 0x06, 0x00, 0x0c, 0x00, 0x03, 0x00, 0x09, 0x00,
  0x00, 0x00, 0x07, 0x00, 0xfc, 0xff, 0x08, 0x00, 0xf9, 0xff, 0x09, 0x00,
  0xf7, 0xff, 0x0a, 0x00, 0xf5, 0xff, 0x0a, 0x00, 0xf3, 0xff, 0x09, 0x00,
  0xf2, 0xff, 0x07, 0x00, 0xf1, 0xff, 0x04, 0x00, 0xef, 0xff, 0x02, 0x00,
  0xec, 0xff, 0x00, 0x00, 0xe9, 0xff, 0x02, 0x00, 0xea, 0xff, 0x04, 0x00,
  0xec, 0xff, 0x04, 0x00, 0xee, 0xff, 0xff, 0xff, 0xf0, 0xff, 0xfa, 0xff,
  0xf2, 0xff, 0xf9, 0xff, 0xf6, 0xff, 0xfe, 0xff, 0xfa, 0xff, 0x04, 0x00,
  0xfd, 0xff, 0x06, 0x00, 0xff, 0xff, 0x05, 0x00, 0x00, 0x00, 0x04, 0x00,
  0x02, 0x00, 0x04, 0x00, 0x05, 0x00, 0x03, 0x00, 0x07, 0x00, 0x00, 0x00,
  0x08, 0x00, 0xfd, 0xff, 0x08, 0x00, 0xfb, 0xff, 0x09, 0x00, 0xfb, 0xff,
  0x0e, 0x00, 0xfb, 0xff, 0x14, 0x00, 0xfc, 0xff, 0x1a, 0x00, 0xfc, 0xff,
  0x1d, 0x00, 0xfb, 0xff, 0x1b, 0x00, 0xfa, 0xff, 0x19, 0x00, 0xfa, 0xff,
  0x18, 0x00, 0xfb, 0xff, 0x18, 0x00, 0xf8, 0xff, 0x18, 0x00, 0xf4, 0xff,
  0x16, 0x00, 0xf2, 0xff, 0x14, 0x00, 0xf6, 0xff, 0x10, 0x00, 0xfb, 0xff,
  0x0b, 0x00, 0xfc, 0xff, 0x07, 0x00, 0xfa, 0xff, 0x04, 0x00, 0xf5, 0xff,
  0x01, 0x00, 0xf0, 0xff, 0xfe, 0xff, 0xec, 0xff, 0xf9, 0xff, 0xea, 0xff,
  0xf2, 0xff, 0xec, 0xff, 0xed, 0xff, 0xf1, 0xff, 0xe9, 0xff, 0xf8, 0xff,
  0xe9, 0xff, 0xfd, 0xff, 0xec, 0xff, 0xfe, 0xff, 0xee, 0xff, 0xfb, 0xff,
  0xef, 0xff, 0xf8, 0xff, 0xee, 0xff, 0xf9, 0xff, 0xed, 0xff, 0xff, 0xff,
  0xeb, 0xff, 0x03, 0x00, 0xec, 0xff, 0x03, 0x00, 0xee, 0xff, 0x01, 0x00,
  0xf0, 0xff, 0x00, 0x00, 0xf1, 0xff, 0x02, 0x00, 0xf2, 0xff, 0x05, 0x00,
  0xf3, 0xff, 0x0a, 0x00, 0xf6, 0xff, 0x0e, 0x00, 0xfa, 0xff, 0x11, 0x00,
  0xfe, 0xff, 0x11, 0x00, 0x00, 0x00, 0x10, 0x00, 0x02, 0x00, 0x0f, 0x00,
  0x03, 0x00, 0x0d, 0x00, 0x04, 0x00, 0x0b, 0x00, 0x02, 0x00, 0x08, 0x00,
  0x01, 0x00, 0x07, 0x00, 0x02, 0x00, 0x07, 0x00, 0x06, 0x00, 0x05, 0x00,
  0x0b, 0x00, 0x04, 0x00, 0x0c, 0x00, 0x04, 0x00, 0x0a, 0x00, 0x04, 0x00,
  0x07, 0x00, 0xfe, 0xff, 0x06, 0x00, 0xf7, 0xff, 0x09, 0x00, 0xf4, 0xff,
  0x0e, 0x00, 0xf8, 0xff, 0x11, 0x00, 0xfe, 0xff, 0x11, 0x00, 0xfd, 0xff,
  0x0f, 0x00, 0xf7, 0xff, 0x0e, 0x00, 0xf2, 0xff, 0x10, 0x00, 0xf2, 0xff,
  0x0f, 0x00, 0xf5, 0xff, 0x09, 0x00, 0xf6, 0xff, 0x03, 0x00, 0xf6, 0xff,
  0x01, 0x00, 0xf4, 0xff, 0x04, 0x00, 0xf2, 0xff, 0x06, 0x00, 0xf2, 0xff,
  0x06, 0x00, 0xf8, 0xff, 0x04, 0x00, 0x01, 0x00, 0x02, 0x00, 0x09, 0x00,
  0x02, 0x00, 0x0f, 0x00, 0x03, 0x00, 0x13, 0x00, 0x05, 0x00, 0x14, 0x00,
  0x05, 0x00, 0x12, 0x00, 0x03, 0x00, 0x0f, 0x00, 0xff, 0xff, 0x0f, 0x00,
  0xfc, 0xff, 0x14, 0x00, 0xf9, 0xff, 0x17, 0x00, 0xf6, 0xff, 0x13, 0x00,
  0xf2, 0xff, 0x0c, 0x00, 0xf0, 0xff, 0x07, 0x00, 0xf2, 0xff, 0x07, 0x00,
  0xf4, 0xff, 0x0a, 0x00, 0xf2, 0xff, 0x0d, 0x00, 0xee, 0xff, 0x10, 0x00,
  0xec, 0xff, 0x11, 0x00, 0xee, 0xff, 0x10, 0x00, 0xf3, 0xff, 0x0b, 0x00,
  0xf8, 0xff, 0x04, 0x00, 0xfa, 0xff, 0xfa, 0xff, 0xf7, 0xff, 0xf3, 0xff,
  0xf2, 0xff, 0xf2, 0xff, 0xef, 0xff, 0xf7, 0xff, 0xf3, 0xff, 0xfb, 0xff,
  0xf8, 0xff, 0xfa, 0xff, 0xfb, 0xff, 0xf4, 0xff, 0xfb, 0xff, 0xf0, 0xff,
  0xfa, 0xff, 0xf2, 0xff, 0xfc, 0xff, 0xf5, 0xff, 0xfd, 0xff, 0xf5, 0xff,
  0xff, 0xff, 0xf3, 0xff, 0x03, 0x00, 0xf2, 0xff, 0x0b, 0x00, 0xf4, 0xff,
  0x14, 0x00, 0xf4, 0xff, 0x17, 0x00, 0xf3, 0xff, 0x15, 0x00, 0xf1, 0xff,
  0x12, 0x00, 0xf2, 0xff, 0x10, 0x00, 0xf4, 0xff, 0x11, 0x00, 0xf6, 0xff,
  0x15, 0x00, 0xf7, 0xff, 0x19, 0x00, 0xf5, 0xff, 0x1a, 0x00, 0xf3, 0xff,
  0x14, 0x00, 0xf6, 0xff, 0x0e, 0x00, 0xfe, 0xff, 0x0a, 0x00, 0x08, 0x00,
  0x09, 0x00, 0x0d, 0x00, 0x07, 0x00, 0x0b, 0x00, 0x05, 0x00, 0x08, 0x00,
  0x04, 0x00, 0x0a, 0x00, 0x04, 0x00, 0x0f, 0x00, 0x01, 0x00, 0x12, 0x00,
  0xfb, 0xff, 0x11, 0x00, 0xf6, 0xff, 0x0c, 0x00, 0xf4, 0xff, 0x06, 0x00,
  0xf3, 0xff, 0x01, 0x00, 0xf0, 0xff, 0xff, 0xff, 0xec, 0xff, 0x00, 0x00,
  0xe9, 0xff, 0x02, 0x00, 0xe6, 0xff, 0x02, 0x00, 0xe4, 0xff, 0x00, 0x00,
  0xe6, 0xff, 0xff, 0xff, 0xea, 0xff, 0x00, 0x00, 0xed, 0xff, 0x03, 0x00,
  0xf0, 0xff, 0x05, 0x00, 0xf3, 0xff, 0x05, 0x00, 0xf9, 0xff, 0x02, 0x00,
  0xfe, 0xff, 0x00, 0x00, 0xfd, 0xff, 0x01, 0x00, 0xfb, 0xff, 0x03, 0x00,
  0xfd, 0xff, 0x04, 0x00, 0x04, 0x00, 0x01, 0x00, 0x0b, 0x00, 0xfc, 0xff,
  0x0d, 0x00, 0xf9, 0xff, 0x0a, 0x00, 0xfa, 0xff, 0x06, 0x00, 0xfc, 0xff,
  0x04, 0x00, 0xff, 0xff, 0x06, 0x00, 0x04, 0x00, 0x0b, 0x00, 0x0a, 0x00,
  0x0f, 0x00, 0x0e, 0x00, 0x0f, 0x00, 0x0d, 0x00, 0x0d, 0x00, 0x08, 0x00,
  0x0c, 0x00, 0x03, 0x00, 0x0d, 0x00, 0x00, 0x00, 0x0b, 0x00, 0x02, 0x00,
  0x07, 0x00, 0x04, 0x00, 0x05, 0x00, 0x04, 0x00, 0x06, 0x00, 0x00, 0x00,
  0x07, 0x00, 0xfc, 0xff, 0x00, 0x00, 0xfe, 0xff, 0xf7, 0xff, 0x07, 0x00,
  0xf2, 0xff, 0x10, 0x00, 0xf6, 0xff, 0x14, 0x00, 0xff, 0xff, 0x11, 0x00,
  0x06, 0x00, 0x0c, 0x00, 0x08, 0x00, 0x09, 0x00, 0x06, 0x00, 0x07, 0x00,
  0x05, 0x00, 0x05, 0x00, 0x09, 0x00, 0x03, 0x00, 0x0f, 0x00, 0xfe, 0xff,
  0x13, 0x00, 0xf6, 0xff, 0x11, 0x00, 0xef, 0xff, 0x0d, 0x00, 0xec, 0xff,
  0x0b, 0x00, 0xf1, 0xff, 0x0c, 0x00, 0xf9, 0xff, 0x0b, 0x00, 0xfd, 0xff,
  0x09, 0x00, 0xfd, 0xff, 0x07, 0x00, 0xfb, 0xff, 0x08, 0x00, 0xf9, 0xff,
  0x08, 0x00, 0xf8, 0xff, 0x07, 0x00, 0xfa, 0xff, 0x03, 0x00, 0x00, 0x00,
  0xfd, 0xff, 0x06, 0x00, 0xf6, 0xff, 0x08, 0x00, 0xf0, 0xff, 0x06, 0x00,
  0xee, 0xff, 0x04, 0x00, 0xf1, 0xff, 0x05, 0x00, 0xf5, 0xff, 0x07, 0x00,
  0xf5, 0xff, 0x05, 0x00, 0xef, 0xff, 0x02, 0x00, 0xe8, 0xff, 0x00, 0x00,
  0xe5, 0xff, 0x01, 0x00, 0xe5, 0xff, 0x02, 0x00, 0xe9, 0xff, 0x04, 0x00,
  0xed, 0xff, 0x05, 0x00, 0xef, 0xff, 0x05, 0x00, 0xef, 0xff, 0x03, 0x00,
  0xf0, 0xff, 0x01, 0x00, 0xf5, 0xff, 0x01, 0x00, 0xfd, 0xff, 0x03, 0x00,
  0x02, 0x00, 0x01, 0x00, 0x02, 0x00, 0xfa, 0xff, 0x00, 0x00, 0xf5, 0xff,
  0xfe, 0xff, 0xf5, 0xff, 0xfe, 0xff, 0xf9, 0xff, 0xff, 0xff, 0xfa, 0xff,
  0x02, 0x00, 0xf9, 0xff, 0x08, 0x00, 0xf7, 0xff, 0x0d, 0x00, 0xf8, 0xff,
  0x10, 0x00, 0xfa, 0xff, 0x0e, 0x00, 0xfd, 0xff, 0x09, 0x00, 0x03, 0x00,
  0x04, 0x00, 0x08, 0x00, 0x03, 0x00, 0x0a, 0x00, 0x06, 0x00, 0x09, 0x00,
  0x0c, 0x00, 0x06, 0x00, 0x10, 0x00, 0x03, 0x00, 0x0f, 0x00, 0xff, 0xff,
  0x0b, 0x00, 0xfd, 0xff, 0x07, 0x00, 0x00, 0x00, 0x07, 0x00, 0x06, 0x00,
  0x09, 0x00, 0x0a, 0x00, 0x08, 0x00, 0x0a, 0x00, 0x02, 0x00, 0x09, 0x00,
  0xfa, 0xff, 0x09, 0x00, 0xf3, 0xff, 0x09, 0x00, 0xf0, 0xff, 0x07, 0x00,
  0xf1, 0xff, 0x05, 0x00, 0xf3, 0xff, 0x02, 0x00, 0xf4, 0xff, 0xfe, 0xff,
  0xf6, 0xff, 0xf7, 0xff, 0xfa, 0xff, 0xf2, 0xff, 0xfe, 0xff, 0xf0, 0xff,
  0x01, 0x00, 0xf2, 0xff, 0x01, 0x00, 0xf4, 0xff, 0x00, 0x00, 0xf5, 0xff,
  0x01, 0x00, 0xf6, 0xff, 0x04, 0x00, 0xf6, 0xff, 0x06, 0x00, 0xf2, 0xff,
  0x08, 0x00, 0xee, 0xff, 0x07, 0x00, 0xed, 0xff, 0x07, 0x00, 0xee, 0xff,
  0x09, 0x00, 0xf2, 0xff, 0x0c, 0x00, 0xf7, 0xff, 0x0e, 0x00, 0xfd, 0xff,
  0x0d, 0x00, 0x03, 0x00, 0x09, 0x00, 0x04, 0x00, 0x04, 0x00, 0x00, 0x00,
  0xfe, 0xff, 0xfe, 0xff, 0xf8, 0xff, 0x02, 0x00, 0xf2, 0xff, 0x07, 0x00,
  0xf1, 0xff, 0x07, 0x00, 0xf5, 0xff, 0x04, 0x00, 0xfc, 0xff, 0x00, 0x00,
  0xff, 0xff, 0xff, 0xff, 0xfe, 0xff, 0x02, 0x00, 0xf9, 0xff, 0x09, 0x00,
  0xf5, 0xff, 0x12, 0x00, 0xf6, 0xff, 0x17, 0x00, 0xf8, 0xff, 0x14, 0x00,
  0xf7, 0xff, 0x0d, 0x00, 0xf2, 0xff, 0x06, 0x00, 0xed, 0xff, 0x03, 0x00,
  0xed, 0xff, 0x02, 0x00, 0xf2, 0xff, 0x02, 0x00, 0xf7, 0xff, 0x04, 0x00,
  0xf9, 0xff, 0x06, 0x00, 0xfa, 0xff, 0x05, 0x00, 0xfc, 0xff, 0x02, 0x00,
  0x01, 0x00, 0x01, 0x00, 0x04, 0x00, 0x01, 0x00, 0x03, 0x00, 0x00, 0x00,
  0x01, 0x00, 0xfd, 0xff, 0x03, 0x00, 0xfc, 0xff, 0x0b, 0x00, 0xfd, 0xff,
  0x13, 0x00, 0xfb, 0xff, 0x15, 0x00, 0xf7, 0xff, 0x13, 0x00, 0xf4, 0xff,
  0x11, 0x00, 0xf6, 0xff, 0x11, 0x00, 0xfb, 0xff, 0x13, 0x00, 0xfe, 0xff,
  0x12, 0x00, 0xfd, 0xff, 0x0f, 0x00, 0xfa, 0xff, 0x0c, 0x00, 0xf7, 0xff,
  0x0c, 0x00, 0xf8, 0xff, 0x0c, 0x00, 0xfd, 0xff, 0x0b, 0x00, 0x05, 0x00,
  0x08, 0x00, 0x0b, 0x00, 0x04, 0x00, 0x0c, 0x00, 0x02, 0x00, 0x0c, 0x00,
  0x01, 0x00, 0x0c, 0x00, 0x01, 0x00, 0x0c, 0x00, 0xff, 0xff, 0x0a, 0x00,
  0xfc, 0xff, 0x06, 0x00, 0xf6, 0xff, 0x04, 0x00, 0xf0, 0xff, 0x04, 0x00,
  0xed, 0xff, 0x06, 0x00, 0xee, 0xff, 0x06, 0x00, 0xf3, 0xff, 0x05, 0x00,
  0xf7, 0xff, 0x03, 0x00, 0xf8, 0xff, 0x02, 0x00, 0xf7, 0xff, 0x00, 0x00,
  0xf6, 0xff, 0xff, 0xff, 0xf8, 0xff, 0x02, 0x00, 0xfa, 0xff, 0x04, 0x00,
  0xfc, 0xff, 0x05, 0x00, 0xfc, 0xff, 0x05, 0x00, 0xfc, 0xff, 0x06, 0x00,
  0xfe, 0xff, 0x08, 0x00, 0x00, 0x00, 0x0a, 0x00, 0xff, 0xff, 0x0b, 0x00,
  0xfb, 0xff, 0x0b, 0x00, 0xf6, 0xff, 0x0b, 0x00, 0xf4, 0xff, 0x08, 0x00,
  0xf4, 0xff, 0x05, 0x00, 0xf5, 0xff, 0x01, 0x00, 0xf5, 0xff, 0xff, 0xff,
  0xf3, 0xff, 0xfe, 0xff, 0xf3, 0xff, 0x00, 0x00, 0xf7, 0xff, 0x03, 0x00,
  0xfd, 0xff, 0x05, 0x00, 0x02, 0x00, 0x01, 0x00, 0x02, 0x00, 0xfc, 0xff,
  0xfe, 0xff, 0xfa, 0xff, 0xfb, 0xff, 0xff, 0xff, 0xf9, 0xff, 0x06, 0x00,
  0xfa, 0xff, 0x09, 0x00, 0xfd, 0xff, 0x06, 0x00, 0x03, 0x00, 0x00, 0x00,
  0x0c, 0x00, 0xfb, 0xff, 0x13, 0x00, 0xfa, 0xff, 0x17, 0x00, 0xfa, 0xff,
  0x19, 0x00, 0xf9, 0xff, 0x19, 0x00, 0xf9, 0xff, 0x19, 0x00, 0xf9, 0xff,
  0x19, 0x00, 0xfa, 0xff, 0x19, 0x00, 0xfa, 0xff, 0x19, 0x00, 0xf8, 0xff,
  0x17, 0x00, 0xf6, 0xff, 0x14, 0x00, 0xf5, 0xff, 0x10, 0x00, 0xf4, 0xff,
  0x0e, 0x00, 0xf4, 0xff, 0x0c, 0x00, 0xf1, 0xff, 0x0a, 0x00, 0xec, 0xff,
  0x08, 0x00, 0xe8, 0xff, 0x08, 0x00, 0xe7, 0xff, 0x07, 0x00, 0xec, 0xff,
  0x02, 0x00, 0xf3, 0xff, 0xfa, 0xff, 0xf8, 0xff, 0xf4, 0xff, 0xf9, 0xff,
  0xf3, 0xff, 0xfb, 0xff, 0xf6, 0xff, 0xfe, 0xff, 0xf7, 0xff, 0x03, 0x00,
  0xf3, 0xff, 0x08, 0x00, 0xeb, 0xff, 0x0b, 0x00, 0xe4, 0xff, 0x0c, 0x00,
  0xe2, 0xff, 0x0c, 0x00, 0xe6, 0xff, 0x0c, 0x00, 0xea, 0xff, 0x0b, 0x00,
  0xec, 0xff, 0x0a, 0x00, 0xec, 0xff, 0x09, 0x00, 0xeb, 0xff, 0x09, 0x00,
  0xee, 0xff, 0x0a, 0x00, 0xf2, 0xff, 0x0a, 0x00, 0xf7, 0xff, 0x08, 0x00,
  0xfc, 0xff, 0x06, 0x00, 0x00, 0x00, 0x04, 0x00, 0x01, 0x00, 0x03, 0x00,
  0xff, 0xff, 0x03, 0x00, 0xfe, 0xff, 0x02, 0x00, 0x01, 0x00, 0x01, 0x00,
  0x05, 0x00, 0x02, 0x00, 0x08, 0x00, 0x03, 0x00, 0x09, 0x00, 0x04, 0x00,
  0x08, 0x00, 0x01, 0x00, 0x08, 0x00, 0xfe, 0xff, 0x07, 0x00, 0xfd, 0xff,
  0x06, 0x00, 0xff, 0xff, 0x05, 0x00, 0x01, 0x00, 0x05, 0x00, 0x01, 0x00,
  0x04, 0x00, 0xff, 0xff, 0x03, 0x00, 0xfd, 0xff, 0x03, 0x00, 0xfd, 0xff,
  0x05, 0x00, 0xff, 0xff, 0x07, 0x00, 0x03, 0x00, 0x08, 0x00, 0x06, 0x00,
  0x06, 0x00, 0x07, 0x00, 0x03, 0x00, 0x06, 0x00, 0x00, 0x00, 0x04, 0x00,
  0x00, 0x00, 0x04, 0x00, 0x01, 0x00, 0x05, 0x00, 0x00, 0x00, 0x07, 0x00,
  0xfd, 0xff, 0x0a, 0x00, 0xfb, 0xff, 0x0b, 0x00, 0xfd, 0xff, 0x0a, 0x00,
  0x00, 0x00, 0x08, 0x00, 0x01, 0x00, 0x05, 0x00, 0xfe, 0xff, 0x05, 0x00,
  0xf9, 0xff, 0x07, 0x00, 0xf6, 0xff, 0x09, 0x00, 0xf7, 0xff, 0x09, 0x00,
  0xfa, 0xff, 0x04, 0x00, 0xfd, 0xff, 0xff, 0xff, 0xff, 0xff, 0xfb, 0xff,
  0x01, 0x00, 0xf9, 0xff, 0x04, 0x00, 0xf9, 0xff, 0x07, 0x00, 0xf8, 0xff,
  0x09, 0x00, 0xf5, 0xff, 0x08, 0x00, 0xf2, 0xff, 0x05, 0x00, 0xef, 0xff,
  0x02, 0x00, 0xed, 0xff, 0xff, 0xff, 0xed, 0xff, 0xfb, 0xff, 0xef, 0xff,
  0xf7, 0xff, 0xf1, 0xff, 0xf6, 0xff, 0xf3, 0xff, 0xf8, 0xff, 0xf4, 0xff,
  0xfc, 0xff, 0xf4, 0xff, 0xff, 0xff, 0xf4, 0xff, 0xff, 0xff, 0xf4, 0xff,
  0xff, 0xff, 0xf5, 0xff, 0x00, 0x00, 0xf5, 0xff, 0x03, 0x00, 0xf6, 0xff,
  0x06, 0x00, 0xf7, 0xff, 0x07, 0x00, 0xf9, 0xff, 0x05, 0x00, 0xfd, 0xff,
  0x03, 0x00, 0x01, 0x00, 0x04, 0x00, 0x05, 0x00, 0x09, 0x00, 0x08, 0x00,
  0x0f, 0x00, 0x0b, 0x00, 0x11, 0x00, 0x0d, 0x00, 0x10, 0x00, 0x0f, 0x00,
  0x0e, 0x00, 0x10, 0x00, 0x0c, 0x00, 0x0f, 0x00, 0x0a, 0x00, 0x0f, 0x00,
  0x07, 0x00, 0x0d, 0x00, 0x06, 0x00, 0x0c, 0x00, 0x06, 0x00, 0x0a, 0x00,
  0x05, 0x00, 0x0a, 0x00, 0x01, 0x00, 0x0c, 0x00, 0xfa, 0xff, 0x0d, 0x00,
  0xf7, 0xff, 0x0d, 0x00, 0xf8, 0xff, 0x09, 0x00, 0xf9, 0xff, 0x03, 0x00,
  0xf5, 0xff, 0xfd, 0xff, 0xef, 0xff, 0xf9, 0xff, 0xe9, 0xff, 0xf7, 0xff,
  0xe8, 0xff, 0xf5, 0xff, 0xec, 0xff, 0xf2, 0xff, 0xf1, 0xff, 0xef, 0xff,
  0xf3, 0xff, 0xef, 0xff, 0xf0, 0xff, 0xf1, 0xff, 0xee, 0xff, 0xf3, 0xff,
  0xf0, 0xff, 0xf4, 0xff, 0xf5, 0xff, 0xf5, 0xff, 0xf8, 0xff, 0xf7, 0xff,
  0xf5, 0xff, 0xf8, 0xff, 0xf1, 0xff, 0xf8, 0xff, 0xf0, 0xff, 0xf7, 0xff,
  0xf4, 0xff, 0xf7, 0xff, 0xfa, 0xff, 0xfa, 0xff, 0xfe, 0xff, 0xfd, 0xff,
  0xfe, 0xff, 0xff, 0xff, 0xfc, 0xff, 0x01, 0x00, 0xfb, 0xff, 0x03, 0x00,
  0xfe, 0xff, 0x07, 0x00, 0x02, 0x00, 0x09, 0x00, 0x07, 0x00, 0x08, 0x00,
  0x0b, 0x00, 0x04, 0x00, 0x0e, 0x00, 0xff, 0xff, 0x11, 0x00, 0xfd, 0xff,
  0x12, 0x00, 0xfe, 0xff, 0x12, 0x00, 0x01, 0x00, 0x0f, 0x00, 0x03, 0x00,
  0x0c, 0x00, 0x02, 0x00, 0x0a, 0x00, 0x04, 0x00, 0x08, 0x00, 0x09, 0x00,
  0x05, 0x00, 0x10, 0x00, 0x01, 0x00, 0x13, 0x00, 0xff, 0xff, 0x12, 0x00,
  0x00, 0x00, 0x0f, 0x00, 0x04, 0x00, 0x0d, 0x00, 0x08, 0x00, 0x0c, 0x00,
  0x09, 0x00, 0x0a, 0x00, 0x06, 0x00, 0x06, 0x00, 0x00, 0x00, 0x03, 0x00,
  0xfb, 0xff, 0x03, 0x00, 0xf9, 0xff, 0x05, 0x00, 0xf8, 0xff, 0x06, 0x00,
  0xf7, 0xff, 0x04, 0x00, 0xf8, 0xff, 0x00, 0x00, 0xfa, 0xff, 0xfd, 0xff,
  0xff, 0xff, 0xfc, 0xff, 0x03, 0x00, 0xfc, 0xff, 0x05, 0x00, 0xfb, 0xff,
  0x05, 0x00, 0xf8, 0xff, 0x04, 0x00, 0xf6, 0xff, 0x02, 0x00, 0xf6, 0xff,
  0x02, 0x00, 0xf6, 0xff, 0x01, 0x00, 0xf5, 0xff, 0xff, 0xff, 0xf4, 0xff,
  0xfc, 0xff, 0xf5, 0xff, 0xf9, 0xff, 0xf9, 0xff, 0xf8, 0xff, 0xfc, 0xff,
  0xfb, 0xff, 0xfd, 0xff, 0xff, 0xff, 0xfc, 0xff, 0x03, 0x00, 0xfb, 0xff,
  0x03, 0x00, 0xfd, 0xff, 0x00, 0x00, 0x01, 0x00, 0xfc, 0xff, 0x03, 0x00,
  0xfa, 0xff, 0x00, 0x00, 0xfc, 0xff, 0xfb, 0xff, 0x01, 0x00, 0xf8, 0xff,
  0x04, 0x00, 0xf9, 0xff, 0x04, 0x00, 0xfd, 0xff, 0x01, 0x00, 0x02, 0x00,
  0xff, 0xff, 0x05, 0x00, 0xff, 0xff, 0x08, 0x00, 0x02, 0x00, 0x0c, 0x00,
  0x03, 0x00, 0x0e, 0x00, 0x02, 0x00, 0x0f, 0x00, 0x01, 0x00, 0x0e, 0x00,
  0x00, 0x00, 0x0b, 0x00, 0xff, 0xff, 0x0a, 0x00, 0xfd, 0xff, 0x0a, 0x00,
  0xfc, 0xff, 0x0a, 0x00, 0xfd, 0xff, 0x08, 0x00, 0x01, 0x00, 0x05, 0x00,
  0x06, 0x00, 0x02, 0x00, 0x07, 0x00, 0x02, 0x00, 0x05, 0x00, 0x03, 0x00,
  0x02, 0x00, 0x05, 0x00, 0x02, 0x00, 0x03, 0x00, 0x05, 0x00, 0xff, 0xff,
  0x09, 0x00, 0xfd, 0xff, 0x0a, 0x00, 0xfd, 0xff, 0x08, 0x00, 0xff, 0xff,
  0x05, 0x00, 0x00, 0x00, 0x03, 0x00, 0x01, 0x00, 0x01, 0x00, 0x01, 0x00,
  0xff, 0xff, 0x02, 0x00, 0xfb, 0xff, 0x04, 0x00, 0xf8, 0xff, 0x04, 0x00,
  0xf8, 0xff, 0x04, 0x00, 0xf8, 0xff, 0x04, 0x00, 0xf8, 0xff, 0x06, 0x00,
  0xf8, 0xff, 0x06, 0x00, 0xf8, 0xff, 0x04, 0x00, 0xfa, 0xff, 0x01, 0x00,
  0xfa, 0xff, 0x02, 0x00, 0xfa, 0xff, 0x05, 0x00, 0xfb, 0xff, 0x09, 0x00,
  0xfd, 0xff, 0x0a, 0x00, 0xff, 0xff, 0x08, 0x00, 0x00, 0x00, 0x05, 0x00,
  0xff, 0xff, 0x00, 0x00, 0x00, 0x00, 0xfb, 0xff, 0x02, 0x00, 0xf6, 0xff,
  0x05, 0x00, 0xf0, 0xff, 0x07, 0x00, 0xec, 0xff, 0x07, 0x00, 0xea, 0xff,
  0x04, 0x00, 0xeb, 0xff, 0x02, 0x00, 0xed, 0xff, 0x02, 0x00, 0xee, 0xff,
  0x05, 0x00, 0xee, 0xff, 0x09, 0x00, 0xf0, 0xff, 0x0c, 0x00, 0xf2, 0xff,
  0x0c, 0x00, 0xf4, 0xff, 0x0a, 0x00, 0xf4, 0xff, 0x07, 0x00, 0xf3, 0xff,
  0x05, 0x00, 0xf5, 0xff, 0x04, 0x00, 0xf7, 0xff, 0x06, 0x00, 0xf8, 0xff,
  0x08, 0x00, 0xf7, 0xff, 0x07, 0x00, 0xf7, 0xff, 0x04, 0x00, 0xf8, 0xff,
  0x01, 0x00, 0xfa, 0xff, 0x00, 0x00, 0xfb, 0xff, 0xfd, 0xff, 0xfc, 0xff,
  0xf9, 0xff, 0xff, 0xff, 0xf5, 0xff, 0x04, 0x00, 0xf6, 0xff, 0x07, 0x00,
  0xf8, 0xff, 0x06, 0x00, 0xf9, 0xff, 0x04, 0x00, 0xf5, 0xff, 0x01, 0x00,
  0xf0, 0xff, 0x03, 0x00, 0xed, 0xff, 0x09, 0x00, 0xf0, 0xff, 0x0f, 0x00,
  0xf6, 0xff, 0x11, 0x00, 0xfd, 0xff, 0x0d, 0x00, 0x00, 0x00, 0x0a, 0x00,
  0xff, 0xff, 0x0c, 0x00, 0xfd, 0xff, 0x11, 0x00, 0xfe, 0xff, 0x14, 0x00,
  0x02, 0x00, 0x12, 0x00, 0x06, 0x00, 0x0d, 0x00, 0x08, 0x00, 0x0a, 0x00,
  0x08, 0x00, 0x0a, 0x00, 0x07, 0x00, 0x0a, 0x00, 0x06, 0x00, 0x07, 0x00,
  0x05, 0x00, 0x02, 0x00, 0x07, 0x00, 0xff, 0xff, 0x0a, 0x00, 0x00, 0x00,
  0x0d, 0x00, 0x02, 0x00, 0x0c, 0x00, 0x01, 0x00, 0x06, 0x00, 0xff, 0xff,
  0x00, 0x00, 0xfe, 0xff, 0xfb, 0xff, 0x00, 0x00, 0xfa, 0xff, 0x04, 0x00,
  0xfb, 0xff, 0x04, 0x00, 0xfd, 0xff, 0x03, 0x00, 0xfd, 0xff, 0x02, 0x00,
  0xfb, 0xff, 0x06, 0x00, 0xf9, 0xff, 0x0a, 0x00, 0xf9, 0xff, 0x0c, 0x00,
  0xfa, 0xff, 0x0a, 0x00, 0xfb, 0xff, 0x06, 0x00, 0xfb, 0xff, 0x03, 0x00,
  0xfc, 0xff, 0x02, 0x00, 0xff, 0xff, 0x01, 0x00, 0x01, 0x00, 0xff, 0xff,
  0x01, 0x00, 0xfc, 0xff, 0xfe, 0xff, 0xfa, 0xff, 0xfb, 0xff, 0xfd, 0xff,
  0xfb, 0xff, 0x02, 0x00, 0xfd, 0xff, 0x06, 0x00, 0x01, 0x00, 0x07, 0x00,
  0x04, 0x00, 0x05, 0x00, 0x05, 0x00, 0x02, 0x00, 0x04, 0x00, 0xfd, 0xff,
  0x03, 0x00, 0xf6, 0xff, 0x02, 0x00, 0xee, 0xff, 0x03, 0x00, 0xeb, 0xff,
  0x06, 0x00, 0xeb, 0xff, 0x08, 0x00, 0xed, 0xff, 0x08, 0x00, 0xf0, 0xff,
  0x06, 0x00, 0xf3, 0xff, 0x05, 0x00, 0xf5, 0xff, 0x06, 0x00, 0xf6, 0xff,
  0x08, 0x00, 0xf6, 0xff, 0x09, 0x00, 0xf4, 0xff, 0x08, 0x00, 0xf5, 0xff,
  0x04, 0x00, 0xf7, 0xff, 0x00, 0x00, 0xf9, 0xff, 0x00, 0x00, 0xfb, 0xff,
  0x02, 0x00, 0xfc, 0xff, 0x06, 0x00, 0xff, 0xff, 0x08, 0x00, 0x03, 0x00,
  0x0a, 0x00, 0x07, 0x00, 0x0a, 0x00, 0x0a, 0x00, 0x08, 0x00, 0x09, 0x00,
  0x04, 0x00, 0x07, 0x00, 0x00, 0x00, 0x06, 0x00, 0xfd, 0xff, 0x07, 0x00,
  0xfb, 0xff, 0x09, 0x00, 0xfa, 0xff, 0x09, 0x00, 0xf9, 0xff, 0x09, 0x00,
  0xfa, 0xff, 0x0a, 0x00, 0xfa, 0xff, 0x0d, 0x00, 0xf9, 0xff, 0x0f, 0x00,
  0xf8, 0xff, 0x0f, 0x00, 0xf9, 0xff, 0x0b, 0x00, 0xfb, 0xff, 0x07, 0x00,
  0xfc, 0xff, 0x03, 0x00, 0xfd, 0xff, 0x02, 0x00, 0xff, 0xff, 0x02, 0x00,
  0x01, 0x00, 0x02, 0x00, 0x01, 0x00, 0x02, 0x00, 0xfe, 0xff, 0x03, 0x00,
  0xf9, 0xff, 0x02, 0x00, 0xf7, 0xff, 0x01, 0x00, 0xf7, 0xff, 0xff, 0xff,
  0xfa, 0xff, 0xfc, 0xff, 0xfe, 0xff, 0xf8, 0xff, 0x00, 0x00, 0xf4, 0xff,
  0x01, 0x00, 0xf2, 0xff, 0x01, 0x00, 0xf0, 0xff, 0x01, 0x00, 0xf0, 0xff,
  0x02, 0x00, 0xf1, 0xff, 0x02, 0x00, 0xf5, 0xff, 0x03, 0x00, 0xfa, 0xff,
  0x02, 0x00, 0x00, 0x00, 0x01, 0x00, 0x03, 0x00, 0x00, 0x00, 0x03, 0x00,
  0xfe, 0xff, 0x00, 0x00, 0xfd, 0xff, 0xfc, 0xff, 0xfe, 0xff, 0xf9, 0xff,
  0xff, 0xff, 0xf8, 0xff, 0xfc, 0xff, 0xfb, 0xff, 0xf9, 0xff, 0xff, 0xff,
  0xf6, 0xff, 0x05, 0x00, 0xf5, 0xff, 0x07, 0x00, 0xf5, 0xff, 0x05, 0x00,
  0xf6, 0xff, 0x00, 0x00, 0xf8, 0xff, 0xfa, 0xff, 0xfb, 0xff, 0xf8, 0xff,
  0xfd, 0xff, 0xfb, 0xff, 0xfd, 0xff, 0x01, 0x00, 0xfe, 0xff, 0x07, 0x00,
  0x01, 0x00, 0x09, 0x00, 0x06, 0x00, 0x07, 0x00, 0x0a, 0x00, 0x05, 0x00,
  0x09, 0x00, 0x04, 0x00, 0x05, 0x00, 0x06, 0x00, 0xff, 0xff, 0x07, 0x00,
  0xfb, 0xff, 0x05, 0x00, 0xfb, 0xff, 0x01, 0x00, 0xfd, 0xff, 0xfc, 0xff,
  0xff, 0xff, 0xfb, 0xff, 0x00, 0x00, 0xfe, 0xff, 0x02, 0x00, 0x03, 0x00,
  0x05, 0x00, 0x06, 0x00, 0x08, 0x00, 0x06, 0x00, 0x0a, 0x00, 0x03, 0x00,
  0x08, 0x00, 0x01, 0x00, 0x05, 0x00, 0x01, 0x00, 0x03, 0x00, 0x02, 0x00,
  0x02, 0x00, 0x03, 0x00, 0x03, 0x00, 0x01, 0x00, 0x03, 0x00, 0xfd, 0xff,
  0x02, 0x00, 0xf9, 0xff, 0x01, 0x00, 0xf9, 0xff, 0x03, 0x00, 0xfb, 0xff,
  0x06, 0x00, 0xfc, 0xff, 0x0b, 0x00, 0xf8, 0xff, 0x0e, 0x00, 0xf1, 0xff,
  0x10, 0x00, 0xea, 0xff, 0x10, 0x00, 0xe9, 0xff, 0x0f, 0x00, 0xec, 0xff,
  0x0d, 0x00, 0xf0, 0xff, 0x0c, 0x00, 0xf1, 0xff, 0x0c, 0x00, 0xef, 0xff,
  0x0b, 0x00, 0xee, 0xff, 0x09, 0x00, 0xf1, 0xff, 0x03, 0x00, 0xf6, 0xff,
  0xfe, 0xff, 0xf9, 0xff, 0xfc, 0xff, 0xf9, 0xff, 0xfe, 0xff, 0xf5, 0xff,
  0x00, 0x00, 0xf2, 0xff, 0xff, 0xff, 0xf2, 0xff, 0xfc, 0xff, 0xf6, 0xff,
  0xf8, 0xff, 0xfb, 0xff, 0xf7, 0xff, 0x02, 0x00, 0xf8, 0xff, 0x07, 0x00,
  0xfc, 0xff, 0x0c, 0x00, 0xfe, 0xff, 0x0f, 0x00, 0xfd, 0xff, 0x10, 0x00,
  0xf7, 0xff, 0x0f, 0x00, 0xf2, 0xff, 0x0e, 0x00, 0xef, 0xff, 0x0c, 0x00,
  0xef, 0xff, 0x0c, 0x00, 0xf0, 0xff, 0x0c, 0x00, 0xf3, 0xff, 0x0d, 0x00,
  0xf5, 0xff, 0x0e, 0x00, 0xf7, 0xff, 0x0f, 0x00, 0xf9, 0xff, 0x11, 0x00,
  0xfc, 0xff, 0x12, 0x00, 0x02, 0x00, 0x13, 0x00, 0x06, 0x00, 0x11, 0x00,
  0x07, 0x00, 0x10, 0x00, 0x05, 0x00, 0x0e, 0x00, 0x04, 0x00, 0x0c, 0x00,
  0x05, 0x00, 0x09, 0x00, 0x07, 0x00, 0x06, 0x00, 0x05, 0x00, 0x05, 0x00,
  0x02, 0x00, 0x05, 0x00, 0x00, 0x00, 0x06, 0x00, 0x01, 0x00, 0x06, 0x00,
  0x04, 0x00, 0x06, 0x00, 0x08, 0x00, 0x04, 0x00, 0x0a, 0x00, 0x00, 0x00,
  0x09, 0x00, 0xfd, 0xff, 0x05, 0x00, 0xfd, 0xff, 0x00, 0x00, 0x00, 0x00,
  0xfb, 0xff, 0x03, 0x00, 0xfa, 0xff, 0x03, 0x00, 0xfb, 0xff, 0xff, 0xff,
  0xff, 0xff, 0xfa, 0xff, 0x03, 0x00, 0xf8, 0xff, 0x05, 0x00, 0xf7, 0xff,
  0x02, 0x00, 0xf9, 0xff, 0xfe, 0xff, 0xfa, 0xff, 0xfc, 0xff, 0xf8, 0xff,
  0xfc, 0xff, 0xf4, 0xff, 0xfd, 0xff, 0xf2, 0xff, 0xfd, 0xff, 0xf4, 0xff,
  0xfe, 0xff, 0xf8, 0xff, 0x00, 0x00, 0xfb, 0xff, 0x03, 0x00, 0xf9, 0xff,
  0x05, 0x00, 0xf6, 0xff, 0x06, 0x00, 0xf4, 0xff, 0x07, 0x00, 0xf4, 0xff,
  0x05, 0x00, 0xf6, 0xff, 0x03, 0x00, 0xf9, 0xff, 0x01, 0x00, 0xfa, 0xff,
  0x00, 0x00, 0xf7, 0xff, 0x00, 0x00, 0xf4, 0xff, 0x00, 0x00, 0xf4, 0xff,
  0x00, 0x00, 0xf8, 0xff, 0x00, 0x00, 0xfb, 0xff, 0x02, 0x00, 0xfa, 0xff,
  0x03, 0x00, 0xf8, 0xff, 0x02, 0x00, 0xfa, 0xff, 0xff, 0xff, 0xff, 0xff,
  0xfa, 0xff, 0x04, 0x00, 0xf7, 0xff, 0x05, 0x00, 0xf6, 0xff, 0x03, 0x00,
  0xf9, 0xff, 0xff, 0xff, 0xfd, 0xff, 0xfe, 0xff, 0xff, 0xff, 0xff, 0xff,
  0xfe, 0xff, 0x03, 0x00, 0xfc, 0xff, 0x08, 0x00, 0xfb, 0xff, 0x0d, 0x00,
  0xfd, 0xff, 0x10, 0x00, 0x02, 0x00, 0x10, 0x00, 0x05, 0x00, 0x10, 0x00,
  0x04, 0x00, 0x11, 0x00, 0x00, 0x00, 0x13, 0x00, 0xfb, 0xff, 0x16, 0x00,
  0xf9, 0xff, 0x1a, 0x00, 0xfc, 0xff, 0x19, 0x00, 0x04, 0x00, 0x15, 0x00,
  0x0a, 0x00, 0x0e, 0x00, 0x0d, 0x00, 0x0a, 0x00, 0x0c, 0x00, 0x09, 0x00,
  0x09, 0x00, 0x08, 0x00, 0x04, 0x00, 0x07, 0x00, 0x00, 0x00, 0x07, 0x00,
  0xff, 0xff, 0x08, 0x00, 0x02, 0x00, 0x08, 0x00, 0x06, 0x00, 0x04, 0x00,
  0x09, 0x00, 0xfe, 0xff, 0x09, 0x00, 0xfa, 0xff, 0x08, 0x00, 0xf7, 0xff,
  0x08, 0x00, 0xf5, 0xff, 0x09, 0x00, 0xf1, 0xff, 0x0a, 0x00, 0xed, 0xff,
  0x09, 0x00, 0xec, 0xff, 0x08, 0x00, 0xef, 0xff, 0x04, 0x00, 0xf3, 0xff,
  0x00, 0x00, 0xf5, 0xff, 0xfe, 0xff, 0xf2, 0xff, 0xfe, 0xff, 0xef, 0xff,
  0x00, 0x00, 0xed, 0xff, 0x03, 0x00, 0xf0, 0xff, 0x04, 0x00, 0xf4, 0xff,
  0x02, 0x00, 0xf4, 0xff, 0xfd, 0xff, 0xf2, 0xff, 0xf9, 0xff, 0xf3, 0xff,
  0xf7, 0xff, 0xf7, 0xff, 0xf9, 0xff, 0xfc, 0xff, 0xfa, 0xff, 0xff, 0xff,
  0xf9, 0xff, 0x00, 0x00, 0xf7, 0xff, 0xff, 0xff, 0xf6, 0xff, 0xfe, 0xff,
  0xf6, 0xff, 0xfc, 0xff, 0xf7, 0xff, 0xfb, 0xff, 0xf9, 0xff, 0xfd, 0xff,
  0xfd, 0xff, 0x00, 0x00, 0x00, 0x00, 0x03, 0x00, 0x02, 0x00, 0x05, 0x00,
  0x01, 0x00, 0x04, 0x00, 0xfe, 0xff, 0x03, 0x00, 0xfa, 0xff, 0x01, 0x00,
  0xf7, 0xff, 0x02, 0x00, 0xf7, 0xff, 0x03, 0x00, 0xfa, 0xff, 0x03, 0x00,
  0xfe, 0xff, 0x01, 0x00, 0x00, 0x00, 0xfe, 0xff, 0xfc, 0xff, 0xfe, 0xff,
  0xf6, 0xff, 0x01, 0x00, 0xf3, 0xff, 0x05, 0x00, 0xf4, 0xff, 0x06, 0x00,
  0xf9, 0xff, 0x06, 0x00, 0xfe, 0xff, 0x05, 0x00, 0x00, 0x00, 0x03, 0x00,
  0x00, 0x00, 0x00, 0x00, 0xfd, 0xff, 0xfe, 0xff, 0xfa, 0xff, 0xfd, 0xff,
  0xf9, 0xff, 0xff, 0xff, 0xfa, 0xff, 0x01, 0x00, 0xfc, 0xff, 0x04, 0x00,
  0xfd, 0xff, 0x07, 0x00, 0xfd, 0xff, 0x0b, 0x00, 0xfc, 0xff, 0x0f, 0x00,
  0xfa, 0xff, 0x10, 0x00, 0xfb, 0xff, 0x0f, 0x00, 0x00, 0x00, 0x0c, 0x00,
  0x07, 0x00, 0x09, 0x00, 0x0c, 0x00, 0x07, 0x00, 0x0e, 0x00, 0x07, 0x00,
  0x0c, 0x00, 0x09, 0x00, 0x09, 0x00, 0x09, 0x00, 0x05, 0x00, 0x06, 0x00,
  0x02, 0x00, 0x02, 0x00, 0x00, 0x00, 0x01, 0x00, 0x01, 0x00, 0x02, 0x00,
  0x03, 0x00, 0x03, 0x00, 0x05, 0x00, 0x02, 0x00, 0x05, 0x00, 0xff, 0xff,
  0x04, 0x00, 0xfd, 0xff, 0x01, 0x00, 0xfc, 0xff, 0xff, 0xff, 0xfb, 0xff,
  0xfd, 0xff, 0xfb, 0xff, 0xfc, 0xff, 0xfd, 0xff, 0xfc, 0xff, 0xff, 0xff,
  0xfb, 0xff, 0x01, 0x00, 0xf7, 0xff, 0x01, 0x00, 0xf4, 0xff, 0x00, 0x00,
  0xf4, 0xff, 0xfd, 0xff, 0xf7, 0xff, 0xf9, 0xff, 0xf9, 0xff, 0xf8, 0xff,
  0xf9, 0xff, 0xfa, 0xff, 0xf7, 0xff, 0xff, 0xff, 0xf4, 0xff, 0x03, 0x00,
  0xf3, 0xff, 0x03, 0x00, 0xf4, 0xff, 0x01, 0x00, 0xf7, 0xff, 0x01, 0x00,
  0xfc, 0xff, 0x03, 0x00, 0x01, 0x00, 0x03, 0x00, 0x06, 0x00, 0x01, 0x00,
  0x09, 0x00, 0xfd, 0xff, 0x09, 0x00, 0xf9, 0xff, 0x07, 0x00, 0xfa, 0xff,
  0x04, 0x00, 0xfd, 0xff, 0x04, 0x00, 0x01, 0x00, 0x06, 0x00, 0x01, 0x00,
  0x0a, 0x00, 0xfe, 0xff, 0x0c, 0x00, 0xfd, 0xff, 0x0c, 0x00, 0xfe, 0xff,
  0x0b, 0x00, 0xff, 0xff, 0x0c, 0x00, 0xfe, 0xff, 0x0f, 0x00, 0xfb, 0xff,
  0x10, 0x00, 0xfa, 0xff, 0x0f, 0x00, 0xfa, 0xff, 0x0b, 0x00, 0xfc, 0xff,
  0x07, 0x00, 0xfd, 0xff, 0x04, 0x00, 0xfd, 0xff, 0x03, 0x00, 0xfc, 0xff,
  0x01, 0x00, 0xfb, 0xff, 0xff, 0xff, 0xf9, 0xff, 0xfd, 0xff, 0xf7, 0xff,
  0xfe, 0xff, 0xf7, 0xff, 0x00, 0x00, 0xfa, 0xff, 0xff, 0xff, 0x00, 0x00,
  0xfb, 0xff, 0x05, 0x00, 0xf8, 0xff, 0x07, 0x00, 0xf7, 0xff, 0x06, 0x00,
  0xf8, 0xff, 0x05, 0x00, 0xfa, 0xff, 0x05, 0x00, 0xfc, 0xff, 0x09, 0x00,
  0xfd, 0xff, 0x0d, 0x00, 0xfe, 0xff, 0x0e, 0x00, 0xff, 0xff, 0x0c, 0x00,
  0xff, 0xff, 0x08, 0x00, 0xff, 0xff, 0x04, 0x00, 0xfe, 0xff, 0x03, 0x00,
  0xfe, 0xff, 0x05, 0x00, 0xfd, 0xff, 0x09, 0x00, 0xfb, 0xff, 0x0d, 0x00,
  0xf8, 0xff, 0x0b, 0x00, 0xf8, 0xff, 0x06, 0x00, 0xfc, 0xff, 0x00, 0x00,
  0x02, 0x00, 0xfe, 0xff, 0x05, 0x00, 0x00, 0x00, 0x04, 0x00, 0x03, 0x00,
  0x00, 0x00, 0x04, 0x00, 0xfb, 0xff, 0x02, 0x00, 0xf9, 0xff, 0xff, 0xff,
  0xf8, 0xff, 0xfe, 0xff, 0xf8, 0xff, 0x01, 0x00, 0xfa, 0xff, 0x06, 0x00,
  0xfb, 0xff, 0x07, 0x00, 0xfd, 0xff, 0x06, 0x00, 0xfc, 0xff, 0x02, 0x00,
  0xfa, 0xff, 0xff, 0xff, 0xfa, 0xff, 0x00, 0x00, 0xfc, 0xff, 0x03, 0x00,
  0xff, 0xff, 0x09, 0x00, 0x00, 0x00, 0x0e, 0x00, 0xff, 0xff, 0x10, 0x00,
  0xfc, 0xff, 0x0c, 0x00, 0xfb, 0xff, 0x06, 0x00, 0xfd, 0xff, 0x01, 0x00,
  0x01, 0x00, 0xfd, 0xff, 0x05, 0x00, 0xf9, 0xff, 0x07, 0x00, 0xf5, 0xff,
  0x08, 0x00, 0xf2, 0xff, 0x09, 0x00, 0xf1, 0xff, 0x0c, 0x00, 0xf3, 0xff,
  0x0f, 0x00, 0xf7, 0xff, 0x0f, 0x00, 0xfa, 0xff, 0x0e, 0x00, 0xfb, 0xff,
  0x0e, 0x00, 0xf9, 0xff, 0x11, 0x00, 0xf7, 0xff, 0x13, 0x00, 0xf5, 0xff,
  0x11, 0x00, 0xf3, 0xff, 0x0d, 0x00, 0xf2, 0xff, 0x07, 0x00, 0xf1, 0xff,
  0x03, 0x00, 0xf1, 0xff, 0x02, 0x00, 0xf1, 0xff, 0x02, 0x00, 0xf1, 0xff,
  0x03, 0x00, 0xf1, 0xff, 0x02, 0x00, 0xf2, 0xff, 0xfd, 0xff, 0xf6, 0xff,
  0xf7, 0xff, 0xfb, 0xff, 0xf2, 0xff, 0xff, 0xff, 0xf0, 0xff, 0xff, 0xff,
  0xef, 0xff, 0xfd, 0xff, 0xf0, 0xff, 0xfb, 0xff, 0xf0, 0xff, 0xfd, 0xff,
  0xee, 0xff, 0x03, 0x00, 0xed, 0xff, 0x0b, 0x00, 0xec, 0xff, 0x0f, 0x00,
  0xed, 0xff, 0x0e, 0x00, 0xef, 0xff, 0x0b, 0x00, 0xf3, 0xff, 0x0a, 0x00,
  0xf6, 0xff, 0x0c, 0x00, 0xf7, 0xff, 0x0e, 0x00, 0xf5, 0xff, 0x0e, 0x00,
  0xf4, 0xff, 0x0b, 0x00, 0xf6, 0xff, 0x07, 0x00, 0xfb, 0xff, 0x05, 0x00,
  0x02, 0x00, 0x05, 0x00, 0x07, 0x00, 0x06, 0x00, 0x0a, 0x00, 0x08, 0x00,
  0x0a, 0x00, 0x07, 0x00, 0x09, 0x00, 0x05, 0x00, 0x0a, 0x00, 0x03, 0x00,
  0x0b, 0x00, 0x03, 0x00, 0x0c, 0x00, 0x03, 0x00, 0x0b, 0x00, 0x01, 0x00,
  0x0b, 0x00, 0xff, 0xff, 0x0d, 0x00, 0x00, 0x00, 0x0f, 0x00, 0x03, 0x00,
  0x0f, 0x00, 0x06, 0x00, 0x0e, 0x00, 0x06, 0x00, 0x0d, 0x00, 0x02, 0x00,
  0x0b, 0x00, 0xfd, 0xff, 0x09, 0x00, 0xf9, 0xff, 0x07, 0x00, 0xfb, 0xff,
  0x03, 0x00, 0x01, 0x00, 0xff, 0xff, 0x07, 0x00, 0xfc, 0xff, 0x0a, 0x00,
  0xfa, 0xff, 0x08, 0x00, 0xf9, 0xff, 0x06, 0x00, 0xf8, 0xff, 0x05, 0x00,
  0xf7, 0xff, 0x05, 0x00, 0xf7, 0xff, 0x04, 0x00, 0xf9, 0xff, 0x02, 0x00,
  0xf9, 0xff, 0x01, 0x00, 0xf8, 0xff, 0x00, 0x00, 0xf6, 0xff, 0xfe, 0xff,
  0xf7, 0xff, 0xfc, 0xff, 0xf9, 0xff, 0xfc, 0xff, 0xfb, 0xff, 0xfe, 0xff,
  0xfb, 0xff, 0x01, 0x00, 0xfc, 0xff, 0x02, 0x00, 0xfe, 0xff, 0xff, 0xff,
  0x02, 0x00, 0xf8, 0xff, 0x06, 0x00, 0xf0, 0xff, 0x09, 0x00, 0xed, 0xff,
  0x0a, 0x00, 0xee, 0xff, 0x09, 0x00, 0xf2, 0xff, 0x08, 0x00, 0xf3, 0xff,
  0x07, 0x00, 0xf1, 0xff, 0x05, 0x00, 0xef, 0xff, 0x04, 0x00, 0xef, 0xff,
  0x04, 0x00, 0xf0, 0xff, 0x04, 0x00, 0xf0, 0xff, 0x03, 0x00, 0xf0, 0xff,
  0x01, 0x00, 0xf2, 0xff, 0xfe, 0xff, 0xf4, 0xff, 0xfd, 0xff, 0xf6, 0xff,
  0xff, 0xff, 0xf7, 0xff, 0x02, 0x00, 0xf9, 0xff, 0x03, 0x00, 0xfd, 0xff,
  0x03, 0x00, 0x02, 0x00, 0x01, 0x00, 0x06, 0x00, 0x01, 0x00, 0x08, 0x00,
  0x00, 0x00, 0x09, 0x00, 0x00, 0x00, 0x0a, 0x00, 0x00, 0x00, 0x0c, 0x00,
  0x00, 0x00, 0x0e, 0x00, 0xff, 0xff, 0x0e, 0x00, 0xfd, 0xff, 0x0d, 0x00,
  0xfc, 0xff, 0x0d, 0x00, 0xfd, 0xff, 0x11, 0x00, 0xff, 0xff, 0x16, 0x00,
  0x02, 0x00, 0x18, 0x00, 0x05, 0x00, 0x15, 0x00, 0x06, 0x00, 0x10, 0x00,
  0x07, 0x00, 0x0d, 0x00, 0x06, 0x00, 0x0d, 0x00, 0x06, 0x00, 0x0d, 0x00,
  0x06, 0x00, 0x0c, 0x00, 0x06, 0x00, 0x0a, 0x00, 0x05, 0x00, 0x08, 0x00,
  0x03, 0x00, 0x06, 0x00, 0x01, 0x00, 0x05, 0x00, 0x00, 0x00, 0x04, 0x00,
  0x00, 0x00, 0x04, 0x00, 0x01, 0x00, 0x04, 0x00, 0x01, 0x00, 0x02, 0x00,
  0x02, 0x00, 0x00, 0x00, 0x01, 0x00, 0xfd, 0xff, 0xff, 0xff, 0xfb, 0xff,
  0xfc, 0xff, 0xfc, 0xff, 0xf8, 0xff, 0x00, 0x00, 0xf6, 0xff, 0x06, 0x00,
  0xf6, 0xff, 0x0a, 0x00, 0xf6, 0xff, 0x09, 0x00, 0xf7, 0xff, 0x05, 0x00,
  0xf8, 0xff, 0x00, 0x00, 0xf8, 0xff, 0xfd, 0xff, 0xf8, 0xff, 0xfb, 0xff,
  0xf6, 0xff, 0xf9, 0xff, 0xf5, 0xff, 0xf7, 0xff, 0xf4, 0xff, 0xf7, 0xff,
  0xf6, 0xff, 0xf8, 0xff, 0xfa, 0xff, 0xf9, 0xff, 0x00, 0x00, 0xfa, 0xff,
  0x06, 0x00, 0xfb, 0xff, 0x09, 0x00, 0xfa, 0xff, 0x0a, 0x00, 0xf7, 0xff,
  0x0a, 0x00, 0xf3, 0xff, 0x0a, 0x00, 0xef, 0xff, 0x0a, 0x00, 0xeb, 0xff,
  0x0b, 0x00, 0xe9, 0xff, 0x0c, 0x00, 0xe9, 0xff, 0x0c, 0x00, 0xeb, 0xff,
  0x0b, 0x00, 0xec, 0xff, 0x0a, 0x00, 0xee, 0xff, 0x0b, 0x00, 0xf1, 0xff,
  0x0c, 0x00, 0xf5, 0xff, 0x0c, 0x00, 0xf9, 0xff, 0x09, 0x00, 0xfb, 0xff,
  0x06, 0x00, 0xfb, 0xff, 0x04, 0x00, 0xfd, 0xff, 0x03, 0x00, 0x01, 0x00,
  0x02, 0x00, 0x06, 0x00, 0x02, 0x00, 0x0a, 0x00, 0x01, 0x00, 0x0b, 0x00,
  0xfe, 0xff, 0x09, 0x00, 0xfa, 0xff, 0x06, 0x00, 0xf6, 0xff, 0x05, 0x00,
  0xf3, 0xff, 0x06, 0x00, 0xf1, 0xff, 0x07, 0x00, 0xf0, 0xff, 0x06, 0x00,
  0xef, 0xff, 0x05, 0x00, 0xf0, 0xff, 0x05, 0x00, 0xf2, 0xff, 0x06, 0x00,
  0xf5, 0xff, 0x07, 0x00, 0xf9, 0xff, 0x07, 0x00, 0xfd, 0xff, 0x07, 0x00,
  0x00, 0x00, 0x07, 0x00, 0x01, 0x00, 0x08, 0x00, 0x01, 0x00, 0x07, 0x00,
  0x01, 0x00, 0x04, 0x00, 0x00, 0x00, 0x00, 0x00, 0xff, 0xff, 0xff, 0xff,
  0xff, 0xff, 0x02, 0x00, 0xff, 0xff, 0x06, 0x00, 0x00, 0x00, 0x08, 0x00,
  0x01, 0x00, 0x06, 0x00, 0x02, 0x00, 0x04, 0x00, 0x06, 0x00, 0x03, 0x00,
  0x08, 0x00, 0x04, 0x00, 0x08, 0x00, 0x06, 0x00, 0x07, 0x00, 0x06, 0x00,
  0x04, 0x00, 0x05, 0x00, 0x04, 0x00, 0x05, 0x00, 0x04, 0x00, 0x06, 0x00,
  0x04, 0x00, 0x07, 0x00, 0x05, 0x00, 0x04, 0x00, 0x05, 0x00, 0x01, 0x00,
  0x06, 0x00, 0x00, 0x00, 0x06, 0x00, 0x02, 0x00, 0x06, 0x00, 0x04, 0x00,
  0x04, 0x00, 0x04, 0x00, 0x03, 0x00, 0x00, 0x00, 0x02, 0x00, 0xfd, 0xff,
  0x01, 0x00, 0xfb, 0xff, 0x00, 0x00, 0xfd, 0xff, 0xfe, 0xff, 0xff, 0xff,
  0xfd, 0xff, 0x00, 0x00, 0xfd, 0xff, 0x00, 0x00, 0xff, 0xff, 0xff, 0xff,
  0x01, 0x00, 0xfe, 0xff, 0x02, 0x00, 0xfc, 0xff, 0x01, 0x00, 0xfa, 0xff,
  0xff, 0xff, 0xf8, 0xff, 0xff, 0xff, 0xf7, 0xff, 0xfe, 0xff, 0xf6, 0xff,
  0xfc, 0xff, 0xf5, 0xff, 0xfb, 0xff, 0xf3, 0xff, 0xfd, 0xff, 0xf2, 0xff,
  0xff, 0xff, 0xf4, 0xff, 0x02, 0x00, 0xf7, 0xff, 0x03, 0x00, 0xfa, 0xff,
  0x04, 0x00, 0xfb, 0xff, 0x04, 0x00, 0xfb, 0xff, 0x04, 0x00, 0xfb, 0xff,
  0x04, 0x00, 0xfc, 0xff, 0x03, 0x00, 0xfe, 0xff, 0x00, 0x00, 0x00, 0x00,
  0xfb, 0xff, 0x02, 0x00, 0xf6, 0xff, 0x05, 0x00, 0xf4, 0xff, 0x06, 0x00,
  0xf4, 0xff, 0x06, 0x00, 0xf6, 0xff, 0x04, 0x00, 0xf8, 0xff, 0x02, 0x00,
  0xfa, 0xff, 0x02, 0x00, 0xfd, 0xff, 0x03, 0x00, 0xff, 0xff, 0x04, 0x00,
  0x00, 0x00, 0x05, 0x00, 0x00, 0x00, 0x04, 0x00, 0x01, 0x00, 0x04, 0x00,
  0x02, 0x00, 0x03, 0x00, 0x02, 0x00, 0x01, 0x00, 0x02, 0x00, 0xfe, 0xff,
  0x02, 0x00, 0xfd, 0xff, 0x03, 0x00, 0xfd, 0xff, 0x03, 0x00, 0xff, 0xff,
  0x04, 0x00, 0xff, 0xff, 0x05, 0x00, 0xfe, 0xff, 0x07, 0x00, 0xfd, 0xff,
  0x08, 0x00, 0xfc, 0xff, 0x09, 0x00, 0xfd, 0xff, 0x0b, 0x00, 0xfd, 0xff,
  0x0b, 0x00, 0xfb, 0xff, 0x0a, 0x00, 0xf8, 0xff, 0x09, 0x00, 0xf7, 0xff,
  0x08, 0x00, 0xf7, 0xff, 0x08, 0x00, 0xf9, 0xff, 0x06, 0x00, 0xfb, 0xff,
  0x03, 0x00, 0xfd, 0xff, 0x01, 0x00, 0x01, 0x00, 0x00, 0x00, 0x05, 0x00,
  0xff, 0xff, 0x0a, 0x00, 0xfe, 0xff, 0x0b, 0x00, 0xfb, 0xff, 0x0a, 0x00,
  0xf9, 0xff, 0x08, 0x00, 0xf9, 0xff, 0x08, 0x00, 0xf9, 0xff, 0x0a, 0x00,
  0xfa, 0xff, 0x0c, 0x00, 0xfa, 0xff, 0x0d, 0x00, 0xfa, 0xff, 0x0c, 0x00,
  0xfb, 0xff, 0x0a, 0x00, 0xfb, 0xff, 0x08, 0x00, 0xfc, 0xff, 0x07, 0x00,
  0xfd, 0xff, 0x07, 0x00, 0xfd, 0xff, 0x08, 0x00, 0xfe, 0xff, 0x08, 0x00,
  0x00, 0x00, 0x05, 0x00, 0x03, 0x00, 0xff, 0xff, 0x02, 0x00, 0xfa, 0xff,
  0x00, 0x00, 0xf7, 0xff, 0x00, 0x00, 0xf7, 0xff, 0x03, 0x00, 0xf9, 0xff,
  0x06, 0x00, 0xfa, 0xff, 0x08, 0x00, 0xf8, 0xff, 0x06, 0x00, 0xf7, 0xff,
  0x04, 0x00, 0xf8, 0xff, 0x04, 0x00, 0xf9, 0xff, 0x08, 0x00, 0xf9, 0xff,
  0x0c, 0x00, 0xf8, 0xff, 0x0d, 0x00, 0xf5, 0xff, 0x09, 0x00, 0xf4, 0xff,
  0x02, 0x00, 0xf4, 0xff, 0xfd, 0xff, 0xf4, 0xff, 0xfc, 0xff, 0xf5, 0xff,
  0xfe, 0xff, 0xf7, 0xff, 0xff, 0xff, 0xfa, 0xff, 0xfe, 0xff, 0xfe, 0xff,
  0xfb, 0xff, 0x01, 0x00, 0xf8, 0xff, 0x00, 0x00, 0xf6, 0xff, 0xfd, 0xff,
  0xf5, 0xff, 0xfb, 0xff, 0xf7, 0xff, 0xfb, 0xff, 0xf9, 0xff, 0xfc, 0xff,
  0xfa, 0xff, 0xfd, 0xff, 0xf8, 0xff, 0xfe, 0xff, 0xf5, 0xff, 0x00, 0x00,
  0xf3, 0xff, 0x03, 0x00, 0xf3, 0xff, 0x05, 0x00, 0xf6, 0xff, 0x05, 0x00,
  0xf9, 0xff, 0x03, 0x00, 0xfb, 0xff, 0x02, 0x00, 0xfb, 0xff, 0x02, 0x00,
  0xfb, 0xff, 0x04, 0x00, 0xfd, 0xff, 0x04, 0x00, 0xff, 0xff, 0x03, 0x00,
  0x00, 0x00, 0x03, 0x00, 0x00, 0x00, 0x05, 0x00, 0xff, 0xff, 0x08, 0x00,
  0xff, 0xff, 0x0a, 0x00, 0xff, 0xff, 0x0b, 0x00, 0xff, 0xff, 0x0a, 0x00,
  0xff, 0xff, 0x09, 0x00, 0x01, 0x00, 0x08, 0x00, 0x04, 0x00, 0x07, 0x00,
  0x06, 0x00, 0x06, 0x00, 0x06, 0x00, 0x06, 0x00, 0x04, 0x00, 0x08, 0x00,
  0x04, 0x00, 0x0a, 0x00, 0x06, 0x00, 0x09, 0x00, 0x08, 0x00, 0x08, 0x00,
  0x08, 0x00, 0x07, 0x00, 0x05, 0x00, 0x07, 0x00, 0x03, 0x00, 0x08, 0x00,
  0x03, 0x00, 0x08, 0x00, 0x06, 0x00, 0x04, 0x00, 0x0b, 0x00, 0x01, 0x00,
  0x0c, 0x00, 0xff, 0xff, 0x0b, 0x00, 0x00, 0x00, 0x0a, 0x00, 0x00, 0x00,
  0x0b, 0x00, 0xff, 0xff, 0x0e, 0x00, 0xfc, 0xff, 0x0f, 0x00, 0xfa, 0xff,
  0x0e, 0x00, 0xfa, 0xff, 0x0c, 0x00, 0xfa, 0xff, 0x0b, 0x00, 0xf9, 0xff,
  0x0a, 0x00, 0xf8, 0xff, 0x0a, 0x00, 0xf7, 0xff, 0x09, 0x00, 0xf9, 0xff,
  0x08, 0x00, 0xfc, 0xff, 0x05, 0x00, 0xfd, 0xff, 0x01, 0x00, 0xfe, 0xff,
  0xfd, 0xff, 0xff, 0xff, 0xf9, 0xff, 0x01, 0x00, 0xf8, 0xff, 0x03, 0x00,
  0xf7, 0xff, 0x02, 0x00, 0xf6, 0xff, 0xff, 0xff, 0xf5, 0xff, 0xfc, 0xff,
  0xf5, 0xff, 0xfb, 0xff, 0xf6, 0xff, 0xfb, 0xff, 0xf8, 0xff, 0xfe, 0xff,
  0xfb, 0xff, 0xff, 0xff, 0xfb, 0xff, 0x00, 0x00, 0xf9, 0xff, 0x00, 0x00,
  0xf5, 0xff, 0xfe, 0xff, 0xf4, 0xff, 0xfd, 0xff, 0xf6, 0xff, 0xfd, 0xff,
  0xf8, 0xff, 0xfd, 0xff, 0xf7, 0xff, 0xfe, 0xff, 0xf4, 0xff, 0xfe, 0xff,
  0xf3, 0xff, 0xfc, 0xff, 0xf4, 0xff, 0xfa, 0xff, 0xf7, 0xff, 0xfb, 0xff,
  0xfa, 0xff, 0x00, 0x00, 0xfb, 0xff, 0x05, 0x00, 0xfa, 0xff, 0x06, 0x00,
  0xfa, 0xff, 0x03, 0x00, 0xfd, 0xff, 0xff, 0xff, 0x01, 0x00, 0xff, 0xff,
  0x04, 0x00, 0x02, 0x00, 0x04, 0x00, 0x06, 0x00, 0x05, 0x00, 0x07, 0x00,
  0x06, 0x00, 0x06, 0x00, 0x08, 0x00, 0x04, 0x00, 0x07, 0x00, 0x04, 0x00,
  0x05, 0x00, 0x04, 0x00, 0x02, 0x00, 0x04, 0x00, 0x02, 0x00, 0x03, 0x00,
  0x04, 0x00, 0x01, 0x00, 0x05, 0x00, 0xff, 0xff, 0x05, 0x00, 0xfd, 0xff,
  0x04, 0x00, 0xfb, 0xff, 0x02, 0x00, 0xf9, 0xff, 0x00, 0x00, 0xf9, 0xff,
  0xff, 0xff, 0xfc, 0xff, 0xfd, 0xff, 0x01, 0x00, 0xfb, 0xff, 0x06, 0x00,
  0xfb, 0xff, 0x08, 0x00, 0xfd, 0xff, 0x08, 0x00, 0x00, 0x00, 0x06, 0x00,
  0x03, 0x00, 0x03, 0x00, 0x02, 0x00, 0x00, 0x00, 0x00, 0x00, 0xfe, 0xff,
  0xff, 0xff, 0xfc, 0xff, 0x00, 0x00, 0xfb, 0xff, 0x00, 0x00, 0xfa, 0xff,
  0xff, 0xff, 0xfa, 0xff, 0xfe, 0xff, 0xfc, 0xff, 0x00, 0x00, 0xfe, 0xff,
  0x03, 0x00, 0x00, 0x00, 0x07, 0x00, 0x00, 0x00, 0x09, 0x00, 0xff, 0xff,
  0x0a, 0x00, 0xfd, 0xff, 0x09, 0x00, 0xfd, 0xff, 0x08, 0x00, 0x00, 0x00,
  0x08, 0x00, 0x04, 0x00, 0x08, 0x00, 0x06, 0x00, 0x06, 0x00, 0x04, 0x00,
  0x03, 0x00, 0x02, 0x00, 0x00, 0x00, 0x02, 0x00, 0xfe, 0xff, 0x06, 0x00,
  0xfc, 0xff, 0x09, 0x00, 0xf9, 0xff, 0x0c, 0x00, 0xf9, 0xff, 0x0b, 0x00,
  0xfb, 0xff, 0x0a, 0x00, 0xff, 0xff, 0x08, 0x00, 0x00, 0x00, 0x08, 0x00,
  0xfd, 0xff, 0x09, 0x00, 0xf9, 0xff, 0x09, 0x00, 0xf7, 0xff, 0x05, 0x00,
  0xf9, 0xff, 0xfd, 0xff, 0xfb, 0xff, 0xf7, 0xff, 0xfa, 0xff, 0xf5, 0xff,
  0xf7, 0xff, 0xf8, 0xff, 0xf3, 0xff, 0xfe, 0xff, 0xf3, 0xff, 0x02, 0x00,
  0xf8, 0xff, 0x03, 0x00, 0xfe, 0xff, 0xff, 0xff, 0x01, 0x00, 0xf8, 0xff,
  0x00, 0x00, 0xf2, 0xff, 0xff, 0xff, 0xef, 0xff, 0xff, 0xff, 0xee, 0xff,
  0x01, 0x00, 0xef, 0xff, 0x02, 0x00, 0xf2, 0xff, 0x03, 0x00, 0xf6, 0xff,
  0x04, 0x00, 0xf9, 0xff, 0x07, 0x00, 0xfb, 0xff, 0x09, 0x00, 0xfc, 0xff,
  0x0a, 0x00, 0x00, 0x00, 0x08, 0x00, 0x05, 0x00, 0x06, 0x00, 0x07, 0x00,
  0x05, 0x00, 0x05, 0x00, 0x06, 0x00, 0xff, 0xff, 0x07, 0x00, 0xf8, 0xff,
  0x06, 0x00, 0xf5, 0xff, 0x04, 0x00, 0xf7, 0xff, 0x03, 0x00, 0xfc, 0xff,
  0x04, 0x00, 0x04, 0x00, 0x06, 0x00, 0x0a, 0x00, 0x06, 0x00, 0x0e, 0x00,
  0x02, 0x00, 0x0f, 0x00, 0xfe, 0xff, 0x0f, 0x00, 0xfc, 0xff, 0x0d, 0x00,
  0xfe, 0xff, 0x0b, 0x00, 0x00, 0x00, 0x0b, 0x00, 0xff, 0xff, 0x0d, 0x00,
  0xfc, 0xff, 0x0d, 0x00, 0xfa, 0xff, 0x09, 0x00, 0xfa, 0xff, 0x02, 0x00,
  0xfd, 0xff, 0xff, 0xff, 0xff, 0xff, 0x01, 0x00, 0x00, 0x00, 0x07, 0x00,
  0xfe, 0xff, 0x0a, 0x00, 0xfc, 0xff, 0x09, 0x00, 0xfb, 0xff, 0x04, 0x00,
  0xfc, 0xff, 0xff, 0xff, 0xfc, 0xff, 0xfc, 0xff, 0xfb, 0xff, 0xfd, 0xff,
  0xfb, 0xff, 0x00, 0x00, 0xfb, 0xff, 0x02, 0x00, 0xfb, 0xff, 0x03, 0x00,
  0xfb, 0xff, 0x03, 0x00, 0xfc, 0xff, 0x00, 0x00, 0xff, 0xff, 0xfc, 0xff,
  0x02, 0x00, 0xf8, 0xff, 0x05, 0x00, 0xf7, 0xff, 0x05, 0x00, 0xf9, 0xff,
  0x06, 0x00, 0xfd, 0xff, 0x07, 0x00, 0xfe, 0xff, 0x07, 0x00, 0xfd, 0xff,
  0x06, 0x00, 0xfd, 0xff, 0x04, 0x00, 0xfd, 0xff, 0x03, 0x00, 0xfe, 0xff,
  0x03, 0x00, 0xfd, 0xff, 0x05, 0x00, 0xfb, 0xff, 0x07, 0x00, 0xfb, 0xff,
  0x05, 0x00, 0xfc, 0xff, 0x00, 0x00, 0xfc, 0xff, 0xfb, 0xff, 0xfb, 0xff,
  0xf9, 0xff, 0xf9, 0xff, 0xfa, 0xff, 0xf8, 0xff, 0xfe, 0xff, 0xf8, 0xff,
  0x02, 0x00, 0xfa, 0xff, 0x03, 0x00, 0xfd, 0xff, 0x04, 0x00, 0xfd, 0xff,
  0x03, 0x00, 0xfc, 0xff, 0x02, 0x00, 0xfb, 0xff, 0x01, 0x00, 0xfc, 0xff,
  0x02, 0x00, 0xfd, 0xff, 0x04, 0x00, 0xfe, 0xff, 0x05, 0x00, 0xff, 0xff,
  0x02, 0x00, 0x02, 0x00, 0xfe, 0xff, 0x05, 0x00, 0xfb, 0xff, 0x06, 0x00,
  0xfb, 0xff, 0x04, 0x00, 0xfe, 0xff, 0x01, 0x00, 0x02, 0x00, 0x00, 0x00,
  0x04, 0x00, 0x02, 0x00, 0x02, 0x00, 0x05, 0x00, 0xff, 0xff, 0x07, 0x00,
  0xff, 0xff, 0x08, 0x00, 0x01, 0x00, 0x07, 0x00, 0x02, 0x00, 0x07, 0x00,
  0x02, 0x00, 0x09, 0x00, 0x00, 0x00, 0x0e, 0x00, 0xff, 0xff, 0x12, 0x00,
  0xff, 0xff, 0x13, 0x00, 0x00, 0x00, 0x12, 0x00, 0x00, 0x00, 0x0f, 0x00,
  0x00, 0x00, 0x09, 0x00, 0x00, 0x00, 0x03, 0x00, 0xff, 0xff, 0xff, 0xff,
  0xfe, 0xff, 0xfe, 0xff, 0xfc, 0xff, 0x00, 0x00, 0xfa, 0xff, 0x02, 0x00,
  0xf9, 0xff, 0x01, 0x00, 0xfa, 0xff, 0x00, 0x00, 0xfd, 0xff, 0xfe, 0xff,
  0x01, 0x00, 0xfd, 0xff, 0x02, 0x00, 0xfc, 0xff, 0x01, 0x00, 0xfc, 0xff,
  0xff, 0xff, 0xfb, 0xff, 0xff, 0xff, 0xf9, 0xff, 0xfd, 0xff, 0xf6, 0xff,
  0xfb, 0xff, 0xf5, 0xff, 0xf9, 0xff, 0xf6, 0xff, 0xf9, 0xff, 0xf7, 0xff,
  0xfc, 0xff, 0xf8, 0xff, 0x01, 0x00, 0xf9, 0xff, 0x05, 0x00, 0xfa, 0xff,
  0x06, 0x00, 0xfa, 0xff, 0x05, 0x00, 0xfa, 0xff, 0x03, 0x00, 0xfa, 0xff,
  0x04, 0x00, 0xfb, 0xff, 0x05, 0x00, 0xfd, 0xff, 0x07, 0x00, 0xff, 0xff,
  0x07, 0x00, 0x00, 0x00, 0x06, 0x00, 0x00, 0x00, 0x05, 0x00, 0xff, 0xff,
  0x05, 0x00, 0xfd, 0xff, 0x07, 0x00, 0xfb, 0xff, 0x08, 0x00, 0xfb, 0xff,
  0x09, 0x00, 0xfb, 0xff, 0x0b, 0x00, 0xfc, 0xff, 0x0b, 0x00, 0xfc, 0xff,
  0x0a, 0x00, 0xfd, 0xff, 0x09, 0x00, 0xfd, 0xff, 0x08, 0x00, 0xfe, 0xff,
  0x08, 0x00, 0x00, 0x00, 0x07, 0x00, 0x03, 0x00, 0x06, 0x00, 0x07, 0x00,
  0x06, 0x00, 0x08, 0x00, 0x05, 0x00, 0x06, 0x00, 0x04, 0x00, 0x02, 0x00,
  0x02, 0x00, 0xff, 0xff, 0x00, 0x00, 0xfe, 0xff, 0xfd, 0xff, 0xff, 0xff,
  0xf9, 0xff, 0x01, 0x00, 0xf7, 0xff, 0x03, 0x00, 0xf6, 0xff, 0x05, 0x00,
  0xf7, 0xff, 0x07, 0x00, 0xf9, 0xff, 0x08, 0x00, 0xfa, 0xff, 0x08, 0x00,
  0xfa, 0xff, 0x06, 0x00, 0xfa, 0xff, 0x04, 0x00, 0xf9, 0xff, 0x03, 0x00,
  0xfa, 0xff, 0x05, 0x00, 0xfa, 0xff, 0x08, 0x00, 0xfa, 0xff, 0x0a, 0x00,
  0xf9, 0xff, 0x0c, 0x00, 0xf7, 0xff, 0x0c, 0x00, 0xf8, 0xff, 0x0d, 0x00,
  0xfc, 0xff, 0x0d, 0x00, 0x02, 0x00, 0x0b, 0x00, 0x06, 0x00, 0x09, 0x00,
  0x07, 0x00, 0x07, 0x00, 0x07, 0x00, 0x07, 0x00, 0x07, 0x00, 0x05, 0x00,
  0x08, 0x00, 0x03, 0x00, 0x07, 0x00, 0x02, 0x00, 0x03, 0x00, 0x01, 0x00,
  0xfe, 0xff, 0x03, 0x00, 0xfc, 0xff, 0x04, 0x00, 0xfe, 0xff, 0x03, 0x00,
  0x02, 0x00, 0xff, 0xff, 0x04, 0x00, 0xfa, 0xff, 0x00, 0x00, 0xf5, 0xff,
  0xfb, 0xff, 0xf6, 0xff, 0xf8, 0xff, 0xf9, 0xff, 0xf9, 0xff, 0xfb, 0xff,
  0xfc, 0xff, 0xfc, 0xff, 0xfe, 0xff, 0xfb, 0xff, 0xfd, 0xff, 0xfb, 0xff,
  0xfb, 0xff, 0xfc, 0xff, 0xfc, 0xff, 0xfe, 0xff, 0xfd, 0xff, 0x00, 0x00,
  0xfe, 0xff, 0x01, 0x00, 0xfd, 0xff, 0x00, 0x00, 0xfc, 0xff, 0xfe, 0xff,
  0xfa, 0xff, 0xfc, 0xff, 0xf9, 0xff, 0xfb, 0xff, 0xf8, 0xff, 0xfd, 0xff,
  0xf8, 0xff, 0xfe, 0xff, 0xf8, 0xff, 0xff, 0xff, 0xfb, 0xff, 0xff, 0xff,
  0x00, 0x00, 0xff, 0xff, 0x04, 0x00, 0xfd, 0xff, 0x05, 0x00, 0xfd, 0xff,
  0x05, 0x00, 0xff, 0xff, 0x04, 0x00, 0x01, 0x00, 0x05, 0x00, 0x01, 0x00,
  0x06, 0x00, 0x00, 0x00, 0x07, 0x00, 0xfd, 0xff, 0x06, 0x00, 0xfb, 0xff,
  0x04, 0x00, 0xfa, 0xff, 0x02, 0x00, 0xf7, 0xff, 0x02, 0x00, 0xf6, 0xff,
  0x03, 0x00, 0xf5, 0xff, 0x04, 0x00, 0xf5, 0xff, 0x05, 0x00, 0xf7, 0xff,
  0x04, 0x00, 0xfa, 0xff, 0x02, 0x00, 0xfe, 0xff, 0x00, 0x00, 0x00, 0x00,
  0xfe, 0xff, 0x01, 0x00, 0xfc, 0xff, 0x00, 0x00, 0xf9, 0xff, 0x01, 0x00,
  0xf8, 0xff, 0x01, 0x00, 0xf8, 0xff, 0x01, 0x00, 0xf9, 0xff, 0x00, 0x00,
  0xfa, 0xff, 0xff, 0xff, 0xfc, 0xff, 0xfe, 0xff, 0xfe, 0xff, 0xfe, 0xff,
  0x00, 0x00, 0xff, 0xff, 0x01, 0x00, 0x02, 0x00, 0x00, 0x00, 0x07, 0x00,
  0xff, 0xff, 0x0b, 0x00, 0xff, 0xff, 0x0c, 0x00, 0x00, 0x00, 0x0b, 0x00,
  0x03, 0x00, 0x09, 0x00, 0x05, 0x00, 0x07, 0x00, 0x04, 0x00, 0x06, 0x00,
  0x02, 0x00, 0x05, 0x00, 0x00, 0x00, 0x03, 0x00, 0x00, 0x00, 0x01, 0x00,
  0x01, 0x00, 0x00, 0x00, 0x01, 0x00, 0xff, 0xff, 0x00, 0x00, 0xfe, 0xff,
  0x01, 0x00, 0xfd, 0xff, 0x02, 0x00, 0xfb, 0xff, 0x03, 0x00, 0xfb, 0xff,
  0x04, 0x00, 0xfc, 0xff, 0x05, 0x00, 0xfd, 0xff, 0x06, 0x00, 0xfd, 0xff,
  0x07, 0x00, 0xfc, 0xff, 0x08, 0x00, 0xfc, 0xff, 0x08, 0x00, 0xfc, 0xff,
  0x05, 0x00, 0xfd, 0xff, 0x03, 0x00, 0xfd, 0xff, 0x02, 0x00, 0xfd, 0xff,
  0x02, 0x00, 0xfd, 0xff, 0x01, 0x00, 0xfe, 0xff, 0xfe, 0xff, 0x00, 0x00,
  0xfa, 0xff, 0x02, 0x00, 0xf7, 0xff, 0x03, 0x00, 0xf8, 0xff, 0x04, 0x00,
  0xfc, 0xff, 0x04, 0x00, 0xff, 0xff, 0x05, 0x00, 0x01, 0x00, 0x06, 0x00,
  0x02, 0x00, 0x06, 0x00, 0x02, 0x00, 0x05, 0x00, 0x00, 0x00, 0x05, 0x00,
  0xfe, 0xff, 0x07, 0x00, 0xfb, 0xff, 0x08, 0x00, 0xf9, 0xff, 0x09, 0x00,
  0xf8, 0xff, 0x07, 0x00, 0xf8, 0xff, 0x03, 0x00, 0xfa, 0xff, 0xfe, 0xff,
  0xfc, 0xff, 0xfa, 0xff, 0xfd, 0xff, 0xf9, 0xff, 0xfe, 0xff, 0xfa, 0xff,
  0x00, 0x00, 0xfc, 0xff, 0x02, 0x00, 0xfc, 0xff, 0x01, 0x00, 0xfa, 0xff,
  0xff, 0xff, 0xf8, 0xff, 0xfd, 0xff, 0xf9, 0xff, 0xfc, 0xff, 0xfb, 0xff,
  0xfd, 0xff, 0xfd, 0xff, 0xfe, 0xff, 0xfe, 0xff, 0x00, 0x00, 0xfc, 0xff,
  0x01, 0x00, 0xfa, 0xff, 0x01, 0x00, 0xf7, 0xff, 0x00, 0x00, 0xf7, 0xff,
  0xff, 0xff, 0xf7, 0xff, 0xff, 0xff, 0xf9, 0xff, 0xff, 0xff, 0xfa, 0xff,
  0xfe, 0xff, 0xfb, 0xff, 0xfd, 0xff, 0xfd, 0xff, 0xfc, 0xff, 0x00, 0x00,
  0xfd, 0xff, 0x03, 0x00, 0xff, 0xff, 0x06, 0x00, 0x01, 0x00, 0x08, 0x00,
  0x02, 0x00, 0x09, 0x00, 0x03, 0x00, 0x07, 0x00, 0x02, 0x00, 0x05, 0x00,
  0x02, 0x00, 0x02, 0x00, 0x02, 0x00, 0x01, 0x00, 0x03, 0x00, 0x01, 0x00,
  0x04, 0x00, 0x02, 0x00, 0x04, 0x00, 0x03, 0x00, 0x03, 0x00, 0x04, 0x00,
  0x04, 0x00, 0x06, 0x00, 0x05, 0x00, 0x06, 0x00, 0x06, 0x00, 0x05, 0x00,
  0x08, 0x00, 0x03, 0x00, 0x08, 0x00, 0x00, 0x00, 0x07, 0x00, 0xfe, 0xff,
  0x05, 0x00, 0xfe, 0xff, 0x04, 0x00, 0xff, 0xff, 0x03, 0x00, 0xff, 0xff,
  0x02, 0x00, 0xfe, 0xff, 0x01, 0x00, 0xfc, 0xff, 0x01, 0x00, 0xfc, 0xff,
  0x01, 0x00, 0xfe, 0xff, 0x01, 0x00, 0x00, 0x00, 0x00, 0x00, 0x00, 0x00,
  0xff, 0xff, 0xff, 0xff, 0x00, 0x00, 0xfe, 0xff, 0x00, 0x00, 0xfc, 0xff,
  0x00, 0x00, 0xfc, 0xff, 0xfd, 0xff, 0xfd, 0xff, 0xf9, 0xff, 0xff, 0xff,
  0xf6, 0xff, 0x01, 0x00, 0xf6, 0xff, 0x04, 0x00, 0xf7, 0xff, 0x06, 0x00,
  0xf8, 0xff, 0x06, 0x00, 0xf8, 0xff, 0x04, 0x00, 0xf7, 0xff, 0x02, 0x00,
  0xf6, 0xff, 0x01, 0x00, 0xf5, 0xff, 0x03, 0x00, 0xf6, 0xff, 0x04, 0x00,
  0xf8, 0xff, 0x02, 0x00, 0xfa, 0xff, 0xfc, 0xff, 0xfc, 0xff, 0xf8, 0xff,
  0xfd, 0xff, 0xf7, 0xff, 0xff, 0xff, 0xfa, 0xff, 0x00, 0x00, 0xfe, 0xff,
  0x01, 0x00, 0xff, 0xff, 0x02, 0x00, 0xff, 0xff, 0x03, 0x00, 0xff, 0xff,
  0x05, 0x00, 0x00, 0x00, 0x06, 0x00, 0x03, 0x00, 0x08, 0x00, 0x04, 0x00,
  0x09, 0x00, 0x03, 0x00, 0x09, 0x00, 0x01, 0x00, 0x09, 0x00, 0x00, 0x00,
  0x08, 0x00, 0x00, 0x00, 0x07, 0x00, 0xff, 0xff, 0x06, 0x00, 0xff, 0xff,
  0x05, 0x00, 0x00, 0x00, 0x04, 0x00, 0x02, 0x00, 0x03, 0x00, 0x03, 0x00,
  0x02, 0x00, 0x02, 0x00, 0x01, 0x00, 0x00, 0x00, 0x00, 0x00, 0xfe, 0xff,
  0xff, 0xff, 0xff, 0xff, 0xfe, 0xff, 0x00, 0x00, 0xfe, 0xff, 0x00, 0x00,
  0xff, 0xff, 0x00, 0x00, 0x01, 0x00, 0x01, 0x00, 0x02, 0x00, 0x03, 0x00,
  0x03, 0x00, 0x04, 0x00, 0x03, 0x00, 0x04, 0x00, 0x03, 0x00, 0x01, 0x00,
  0x02, 0x00, 0xfd, 0xff, 0x00, 0x00, 0xfb, 0xff, 0xfd, 0xff, 0xfa, 0xff,
  0xfb, 0xff, 0xfa, 0xff, 0xfa, 0xff, 0xf9, 0xff, 0xfa, 0xff, 0xfa, 0xff,
  0xfd, 0xff, 0xfd, 0xff, 0x01, 0x00, 0xff, 0xff, 0x03, 0x00, 0xff, 0xff,
  0x03, 0x00, 0xfc, 0xff, 0xff, 0xff, 0xf9, 0xff, 0xfb, 0xff, 0xfb, 0xff,
  0xfa, 0xff, 0xfe, 0xff, 0xfc, 0xff, 0x01, 0x00, 0x01, 0x00, 0x00, 0x00,
  0x04, 0x00, 0xff, 0xff, 0x03, 0x00, 0x00, 0x00, 0x00, 0x00, 0x05, 0x00,
  0xfd, 0xff, 0x0a, 0x00, 0xfd, 0xff, 0x0a, 0x00, 0x00, 0x00, 0x08, 0x00,
  0x04, 0x00, 0x05, 0x00, 0x05, 0x00, 0x05, 0x00, 0x05, 0x00, 0x08, 0x00,
  0x05, 0x00, 0x09, 0x00, 0x05, 0x00, 0x08, 0x00, 0x04, 0x00, 0x06, 0x00,
  0x03, 0x00, 0x06, 0x00, 0x02, 0x00, 0x06, 0x00, 0x01, 0x00, 0x04, 0x00,
  0x02, 0x00, 0x01, 0x00, 0x01, 0x00, 0xfe, 0xff, 0xff, 0xff, 0xfe, 0xff,
  0xfd, 0xff, 0xfe, 0xff, 0xfe, 0xff, 0xfd, 0xff, 0x00, 0x00, 0xf9, 0xff,
  0x02, 0x00, 0xf7, 0xff, 0x03, 0x00, 0xfa, 0xff, 0x03, 0x00, 0xff, 0xff,
  0x01, 0x00, 0x04, 0x00, 0xfe, 0xff, 0x05, 0x00, 0xfd, 0xff, 0x02, 0x00,
  0xfd, 0xff, 0xff, 0xff, 0xfe, 0xff, 0xfd, 0xff, 0x00, 0x00, 0xfd, 0xff,
  0x02, 0x00, 0xfc, 0xff, 0x02, 0x00, 0xfa, 0xff, 0x00, 0x00, 0xfa, 0xff,
  0xfc, 0xff, 0xfc, 0xff, 0xfa, 0xff, 0xfd, 0xff, 0xf9, 0xff, 0xfc, 0xff,
  0xfa, 0xff, 0xfa, 0xff, 0xfa, 0xff, 0xf9, 0xff, 0xfa, 0xff, 0xfb, 0xff,
  0xfa, 0xff, 0x00, 0x00, 0xfb, 0xff, 0x03, 0x00, 0xfd, 0xff, 0x04, 0x00,
  0x00, 0x00, 0x03, 0x00, 0x02, 0x00, 0x02, 0x00, 0x03, 0x00, 0x03, 0x00,
  0x03, 0x00, 0x05, 0x00, 0x01, 0x00, 0x07, 0x00, 0xff, 0xff, 0x06, 0x00,
  0xfc, 0xff, 0x05, 0x00, 0xfb, 0xff, 0x03, 0x00, 0xfc, 0xff, 0x02, 0x00,
  0xff, 0xff, 0x00, 0x00, 0x02, 0x00, 0xff, 0xff, 0x03, 0x00, 0x00, 0x00,
  0x02, 0x00, 0x01, 0x00, 0x02, 0x00, 0x03, 0x00, 0x02, 0x00, 0x02, 0x00,
  0x02, 0x00, 0xff, 0xff, 0x00, 0x00, 0xfc, 0xff, 0xfd, 0xff, 0xfb, 0xff,
  0xfc, 0xff, 0xfc, 0xff, 0xfd, 0xff, 0xfd, 0xff, 0xff, 0xff, 0xfc, 0xff,
  0x01, 0x00, 0xfa, 0xff, 0x03, 0x00, 0xf6, 0xff, 0x04, 0x00, 0xf3, 0xff,
  0x05, 0x00, 0xf2, 0xff, 0x07, 0x00, 0xf3, 0xff, 0x08, 0x00, 0xf6, 0xff,
  0x07, 0x00, 0xf9, 0xff, 0x03, 0x00, 0xfd, 0xff, 0x00, 0x00, 0x01, 0x00,
  0x00, 0x00, 0x03, 0x00, 0x02, 0x00, 0x04, 0x00, 0x04, 0x00, 0x03, 0x00,
  0x03, 0x00, 0x03, 0x00, 0x01, 0x00, 0x02, 0x00, 0xff, 0xff, 0x01, 0x00,
  0xfe, 0xff, 0xff, 0xff, 0xff, 0xff, 0xff, 0xff, 0xfe, 0xff, 0x00, 0x00,
  0xfc, 0xff, 0x01, 0x00, 0xfb, 0xff, 0x03, 0x00, 0xfa, 0xff, 0x05, 0x00,
  0xfb, 0xff, 0x07, 0x00, 0xfd, 0xff, 0x0a, 0x00, 0xff, 0xff, 0x0c, 0x00,
  0x00, 0x00, 0x0d, 0x00, 0x00, 0x00, 0x0c, 0x00, 0x00, 0x00, 0x0a, 0x00,
  0x01, 0x00, 0x08, 0x00, 0x01, 0x00, 0x07, 0x00, 0x00, 0x00, 0x06, 0x00,
  0x00, 0x00, 0x05, 0x00, 0x00, 0x00, 0x02, 0x00, 0x01, 0x00, 0x00, 0x00,
  0x03, 0x00, 0xff, 0xff, 0x04, 0x00, 0xfe, 0xff, 0x06, 0x00, 0xfe, 0xff,
  0x06, 0x00, 0xfe, 0xff, 0x05, 0x00, 0xff, 0xff, 0x02, 0x00, 0x01, 0x00,
  0x00, 0x00, 0x03, 0x00, 0xff, 0xff, 0x04, 0x00, 0xfe, 0xff, 0x03, 0x00,
  0xff, 0xff, 0x03, 0x00, 0x00, 0x00, 0x03, 0x00, 0x01, 0x00, 0x03, 0x00,
  0x02, 0x00, 0x03, 0x00, 0x01, 0x00, 0x01, 0x00, 0x01, 0x00, 0xfe, 0xff,
  0x02, 0x00, 0xfb, 0xff, 0x02, 0x00, 0xfa, 0xff, 0x03, 0x00, 0xfb, 0xff,
  0x02, 0x00, 0xfc, 0xff, 0xff, 0xff, 0xfd, 0xff, 0xfc, 0xff, 0xfe, 0xff,
  0xfa, 0xff, 0xfe, 0xff, 0xfb, 0xff, 0xfd, 0xff, 0xff, 0xff, 0xfb, 0xff,
  0x02, 0x00, 0xfb, 0xff, 0x02, 0x00, 0xfc, 0xff, 0x00, 0x00, 0xfd, 0xff,
  0xfe, 0xff, 0xfd, 0xff, 0xfd, 0xff, 0xfc, 0xff, 0xfd, 0xff, 0xfb, 0xff,
  0xfd, 0xff, 0xfb, 0xff, 0xfd, 0xff, 0xfc, 0xff, 0xfc, 0xff, 0xfd, 0xff,
  0xfb, 0xff, 0xff, 0xff, 0xfb, 0xff, 0x01, 0x00, 0xfd, 0xff, 0x02, 0x00,
  0x00, 0x00, 0x02, 0x00, 0x02, 0x00, 0x03, 0x00, 0x01, 0x00, 0x04, 0x00,
  0xfd, 0xff, 0x04, 0x00, 0xf9, 0xff, 0x04, 0x00, 0xf7, 0xff, 0x03, 0x00,
  0xf7, 0xff, 0x02, 0x00, 0xf8, 0xff, 0x00, 0x00, 0xf9, 0xff, 0xfd, 0xff,
  0xfb, 0xff, 0xfc, 0xff, 0xfd, 0xff, 0xfc, 0xff, 0xff, 0xff, 0xfc, 0xff,
  0x00, 0x00, 0xfc, 0xff, 0xfe, 0xff, 0xfd, 0xff, 0xfc, 0xff, 0x00, 0x00,
  0xfb, 0xff, 0x04, 0x00, 0xfc, 0xff, 0x06, 0x00, 0xff, 0xff, 0x06, 0x00,
  0x01, 0x00, 0x05, 0x00, 0x01, 0x00, 0x04, 0x00, 0x02, 0x00, 0x04, 0x00,
  0x05, 0x00, 0x05, 0x00, 0x08, 0x00, 0x06, 0x00, 0x0b, 0x00, 0x05, 0x00,
  0x0c, 0x00, 0x02, 0x00, 0x0b, 0x00, 0xfe, 0xff, 0x09, 0x00, 0xfc, 0xff,
  0x06, 0x00, 0xfd, 0xff, 0x05, 0x00, 0xff, 0xff, 0x04, 0x00, 0x01, 0x00,
  0x04, 0x00, 0x02, 0x00, 0x04, 0x00, 0x02, 0x00, 0x04, 0x00, 0x01, 0x00,
  0x03, 0x00, 0x01, 0x00, 0x02, 0x00, 0x02, 0x00, 0x01, 0x00, 0x04, 0x00,
  0x02, 0x00, 0x03, 0x00, 0x04, 0x00, 0xfe, 0xff, 0x06, 0x00, 0xf9, 0xff,
  0x07, 0x00, 0xf6, 0xff, 0x06, 0x00, 0xf6, 0xff, 0x05, 0x00, 0xf8, 0xff,
  0x03, 0x00, 0xfc, 0xff, 0x02, 0x00, 0xfe, 0xff, 0x02, 0x00, 0xff, 0xff,
  0x02, 0x00, 0xfe, 0xff, 0x02, 0x00, 0xfd, 0xff, 0x01, 0x00, 0xfd, 0xff,
  0x00, 0x00, 0xfd, 0xff, 0xfe, 0xff, 0xff, 0xff, 0xfe, 0xff, 0x01, 0x00,
  0xfe, 0xff, 0x02, 0x00, 0xfd, 0xff, 0x03, 0x00, 0xfd, 0xff, 0x03, 0x00,
  0xfd, 0xff, 0x04, 0x00, 0xfd, 0xff, 0x04, 0x00, 0xfd, 0xff, 0x05, 0x00,
  0xfd, 0xff, 0x05, 0x00, 0xfc, 0xff, 0x04, 0x00, 0xfc, 0xff, 0x03, 0x00,
  0xfc, 0xff, 0x04, 0x00, 0xfe, 0xff, 0x05, 0x00, 0x01, 0x00, 0x07, 0x00,
  0x02, 0x00, 0x09, 0x00, 0x01, 0x00, 0x0a, 0x00, 0xfe, 0xff, 0x0a, 0x00,
  0xfb, 0xff, 0x08, 0x00, 0xf9, 0xff, 0x04, 0x00, 0xf9, 0xff, 0x01, 0x00,
  0xfa, 0xff, 0xff, 0xff, 0xfc, 0xff, 0xfe, 0xff, 0xfe, 0xff, 0xfb, 0xff,
  0xfe, 0xff, 0xfa, 0xff, 0xfd, 0xff, 0xf9, 0xff, 0xfb, 0xff, 0xfa, 0xff,
  0xfb, 0xff, 0xfc, 0xff, 0xfb, 0xff, 0xfe, 0xff, 0xfc, 0xff, 0x00, 0x00,
  0xfe, 0xff, 0x00, 0x00, 0xff, 0xff, 0x00, 0x00, 0x00, 0x00, 0x00, 0x00,
  0x00, 0x00, 0x00, 0x00, 0x01, 0x00, 0x00, 0x00, 0x03, 0x00, 0xff, 0xff,
  0x05, 0x00, 0xfe, 0xff, 0x07, 0x00, 0xfd, 0xff, 0x08, 0x00, 0xfd, 0xff,
  0x07, 0x00, 0xfd, 0xff, 0x05, 0x00, 0xfd, 0xff, 0x02, 0x00, 0xfe, 0xff,
  0x00, 0x00, 0x00, 0x00, 0x02, 0x00, 0x00, 0x00, 0x04, 0x00, 0x00, 0x00,
  0x04, 0x00, 0x00, 0x00, 0x02, 0x00, 0x00, 0x00, 0x01, 0x00, 0x00, 0x00,
  0x01, 0x00, 0x00, 0x00, 0x02, 0x00, 0xfe, 0xff, 0x02, 0x00, 0xfc, 0xff,
  0x02, 0x00, 0xfa, 0xff, 0x02, 0x00, 0xf9, 0xff, 0x02, 0x00, 0xfb, 0xff,
  0x03, 0x00, 0xff, 0xff, 0x04, 0x00, 0x01, 0x00, 0x04, 0x00, 0x02, 0x00,
  0x04, 0x00, 0x03, 0x00, 0x05, 0x00, 0x04, 0x00, 0x06, 0x00, 0x04, 0x00,
  0x08, 0x00, 0x03, 0x00, 0x08, 0x00, 0x02, 0x00, 0x07, 0x00, 0x02, 0x00,
  0x06, 0x00, 0x03, 0x00, 0x04, 0x00, 0x03, 0x00, 0x02, 0x00, 0x00, 0x00,
  0xff, 0xff, 0xfb, 0xff, 0xfe, 0xff, 0xf8, 0xff, 0x00, 0x00, 0xf8, 0xff,
  0x03, 0x00, 0xfa, 0xff, 0x05, 0x00, 0xfe, 0xff, 0x04, 0x00, 0xff, 0xff,
  0x01, 0x00, 0xfe, 0xff, 0xfd, 0xff, 0xfb, 0xff, 0xfb, 0xff, 0xfb, 0xff,
  0xfa, 0xff, 0xfd, 0xff, 0xf9, 0xff, 0x00, 0x00, 0xf9, 0xff, 0x02, 0x00,
  0xf9, 0xff, 0x02, 0x00, 0xfa, 0xff, 0x02, 0x00, 0xfb, 0xff, 0x00, 0x00,
  0xfb, 0xff, 0xff, 0xff, 0xfb, 0xff, 0xff, 0xff, 0xfa, 0xff, 0x02, 0x00,
  0xf9, 0xff, 0x03, 0x00, 0xf8, 0xff, 0x01, 0x00, 0xf7, 0xff, 0xfe, 0xff,
  0xf5, 0xff, 0xfb, 0xff, 0xf4, 0xff, 0xfb, 0xff, 0xf4, 0xff, 0xfe, 0xff,
  0xf5, 0xff, 0x01, 0x00, 0xf7, 0xff, 0x02, 0x00, 0xfa, 0xff, 0x02, 0x00,
  0xfe, 0xff, 0x00, 0x00, 0x00, 0x00, 0x00, 0x00, 0x00, 0x00, 0x01, 0x00,
  0xff, 0xff, 0x02, 0x00, 0xfe, 0xff, 0x00, 0x00, 0xff, 0xff, 0xff, 0xff,
  0x02, 0x00, 0xff, 0xff, 0x05, 0x00, 0xff, 0xff, 0x07, 0x00, 0xfe, 0xff,
  0x09, 0x00, 0xfc, 0xff, 0x0a, 0x00, 0xfb, 0xff, 0x0a, 0x00, 0xfd, 0xff,
  0x09, 0x00, 0x00, 0x00, 0x08, 0x00, 0x02, 0x00, 0x06, 0x00, 0x01, 0x00,
  0x04, 0x00, 0xfe, 0xff, 0x02, 0x00, 0xfc, 0xff, 0x02, 0x00, 0xfb, 0xff,
  0x02, 0x00, 0xfb, 0xff, 0x03, 0x00, 0xfb, 0xff, 0x04, 0x00, 0xfa, 0xff,
  0x05, 0x00, 0xfa, 0xff, 0x06, 0x00, 0xfd, 0xff, 0x05, 0x00, 0x03, 0x00,
  0x03, 0x00, 0x07, 0x00, 0x00, 0x00, 0x08, 0x00, 0xfe, 0xff, 0x05, 0x00,
  0xfe, 0xff, 0x03, 0x00, 0xff, 0xff, 0x03, 0x00, 0x00, 0x00, 0x05, 0x00,
  0x01, 0x00, 0x06, 0x00, 0x00, 0x00, 0x07, 0x00, 0xfe, 0xff, 0x07, 0x00,
  0xfd, 0xff, 0x06, 0x00, 0xfe, 0xff, 0x06, 0x00, 0xff, 0xff, 0x07, 0x00,
  0xff, 0xff, 0x07, 0x00, 0xff, 0xff, 0x06, 0x00, 0x00, 0x00, 0x04, 0x00,
  0x00, 0x00, 0x02, 0x00, 0x01, 0x00, 0x03, 0x00, 0x01, 0x00, 0x04, 0x00,
  0x01, 0x00, 0x05, 0x00, 0x02, 0x00, 0x06, 0x00, 0x02, 0x00, 0x06, 0x00,
  0x03, 0x00, 0x05, 0x00, 0x03, 0x00, 0x05, 0x00, 0x02, 0x00, 0x04, 0x00,
  0x01, 0x00, 0x04, 0x00, 0x01, 0x00, 0x03, 0x00, 0x03, 0x00, 0x01, 0x00,
  0x04, 0x00, 0x00, 0x00, 0x04, 0x00, 0x01, 0x00, 0x03, 0x00, 0x02, 0x00,
  0x00, 0x00, 0x01, 0x00, 0xff, 0xff, 0xfd, 0xff, 0xff, 0xff, 0xfa, 0xff,
  0xfe, 0xff, 0xf9, 0xff, 0xfc, 0xff, 0xfb, 0xff, 0xfc, 0xff, 0xfc, 0xff,
  0xfd, 0xff, 0xfd, 0xff, 0xfd, 0xff, 0xfd, 0xff, 0xfc, 0xff, 0xfb, 0xff,
  0xfb, 0xff, 0xfa, 0xff, 0xfb, 0xff, 0xf9, 0xff, 0xfd, 0xff, 0xfa, 0xff,
  0xff, 0xff, 0xfb, 0xff, 0x01, 0x00, 0xfb, 0xff, 0x01, 0x00, 0xfb, 0xff,
  0x00, 0x00, 0xfd, 0xff, 0x00, 0x00, 0x01, 0x00, 0x02, 0x00, 0x04, 0x00,
  0x04, 0x00, 0x06, 0x00, 0x06, 0x00, 0x05, 0x00, 0x06, 0x00, 0x02, 0x00,
  0x03, 0x00, 0xff, 0xff, 0xff, 0xff, 0xfe, 0xff, 0xfb, 0xff, 0xfd, 0xff,
  0xf9, 0xff, 0xfa, 0xff, 0xf8, 0xff, 0xf7, 0xff, 0xfb, 0xff, 0xf4, 0xff,
  0xfd, 0xff, 0xf4, 0xff, 0xfe, 0xff, 0xf7, 0xff, 0xfd, 0xff, 0xf8, 0xff,
  0xfd, 0xff, 0xf8, 0xff, 0x00, 0x00, 0xf7, 0xff, 0x03, 0x00, 0xf7, 0xff,
  0x03, 0x00, 0xf8, 0xff, 0xff, 0xff, 0xf9, 0xff, 0xfa, 0xff, 0xfc, 0xff,
  0xf6, 0xff, 0x00, 0x00, 0xf7, 0xff, 0x03, 0x00, 0xfc, 0xff, 0x05, 0x00,
  0xff, 0xff, 0x05, 0x00, 0x00, 0x00, 0x03, 0x00, 0xff, 0xff, 0x01, 0x00,
  0xfd, 0xff, 0x00, 0x00, 0xfe, 0xff, 0x02, 0x00, 0x00, 0x00, 0x04, 0x00,
  0x01, 0x00, 0x05, 0x00, 0x00, 0x00, 0x06, 0x00, 0xff, 0xff, 0x07, 0x00,
  0xff, 0xff, 0x0a, 0x00, 0x00, 0x00, 0x0d, 0x00, 0x02, 0x00, 0x0f, 0x00,
  0x05, 0x00, 0x0e, 0x00, 0x08, 0x00, 0x0d, 0x00, 0x09, 0x00, 0x0c, 0x00,
  0x08, 0x00, 0x0a, 0x00, 0x07, 0x00, 0x06, 0x00, 0x06, 0x00, 0x04, 0x00,
  0x07, 0x00, 0x05, 0x00, 0x08, 0x00, 0x07, 0x00, 0x09, 0x00, 0x0a, 0x00,
  0x09, 0x00, 0x0c, 0x00, 0x08, 0x00, 0x0c, 0x00, 0x07, 0x00, 0x0a, 0x00,
  0x06, 0x00, 0x08, 0x00, 0x06, 0x00, 0x04, 0x00, 0x05, 0x00, 0xff, 0xff,
  0x03, 0x00, 0xfa, 0xff, 0xff, 0xff, 0xf7, 0xff, 0xfb, 0xff, 0xf6, 0xff,
  0xf8, 0xff, 0xf8, 0xff, 0xf7, 0xff, 0xf8, 0xff, 0xf7, 0xff, 0xf7, 0xff,
  0xf8, 0xff, 0xf6, 0xff, 0xfb, 0xff, 0xf5, 0xff, 0xfe, 0xff, 0xf6, 0xff,
  0x00, 0x00, 0xf7, 0xff, 0x02, 0x00, 0xf7, 0xff, 0x03, 0x00, 0xf7, 0xff,
  0x02, 0x00, 0xf8, 0xff, 0xff, 0xff, 0xfa, 0xff, 0xfb, 0xff, 0xfb, 0xff,
  0xf8, 0xff, 0xfc, 0xff, 0xf9, 0xff, 0xfd, 0xff, 0xfa, 0xff, 0xfd, 0xff,
  0xfc, 0xff, 0xfc, 0xff, 0xfe, 0xff, 0xfa, 0xff, 0xfd, 0xff, 0xf9, 0xff,
  0xfc, 0xff, 0xf8, 0xff, 0xfc, 0xff, 0xf9, 0xff, 0xfc, 0xff, 0xfa, 0xff,
  0xfd, 0xff, 0xfa, 0xff, 0xfc, 0xff, 0xfb, 0xff, 0xfd, 0xff, 0xfc, 0xff,
  0xfe, 0xff, 0xff, 0xff, 0xff, 0xff, 0x03, 0x00, 0x00, 0x00, 0x05, 0x00,
  0x00, 0x00, 0x04, 0x00, 0x00, 0x00, 0x03, 0x00, 0x00, 0x00, 0x02, 0x00,
  0x01, 0x00, 0x04, 0x00, 0x01, 0x00, 0x05, 0x00, 0x01, 0x00, 0x04, 0x00,
  0x00, 0x00, 0x03, 0x00, 0x00, 0x00, 0x03, 0x00, 0x00, 0x00, 0x05, 0x00,
  0x00, 0x00, 0x09, 0x00, 0x01, 0x00, 0x0c, 0x00, 0x03, 0x00, 0x0e, 0x00,
  0x04, 0x00, 0x0f, 0x00, 0x04, 0x00, 0x0f, 0x00, 0x03, 0x00, 0x0d, 0x00,
  0x01, 0x00, 0x0c, 0x00, 0xff, 0xff, 0x0a, 0x00, 0x00, 0x00, 0x08, 0x00,
  0x03, 0x00, 0x07, 0x00, 0x04, 0x00, 0x06, 0x00, 0x04, 0x00, 0x04, 0x00,
  0x02, 0x00, 0x01, 0x00, 0x01, 0x00, 0x00, 0x00, 0x01, 0x00, 0x00, 0x00,
  0x01, 0x00, 0x02, 0x00, 0x00, 0x00, 0x04, 0x00, 0x00, 0x00, 0x04, 0x00,
  0x00, 0x00, 0x03, 0x00, 0x00, 0x00, 0x03, 0x00, 0xfe, 0xff, 0x03, 0x00,
  0xfd, 0xff, 0x02, 0x00, 0xfd, 0xff, 0x00, 0x00, 0xff, 0xff, 0xfd, 0xff,
  0x01, 0x00, 0xf9, 0xff, 0x01, 0x00, 0xf4, 0xff, 0xfe, 0xff, 0xf2, 0xff,
  0xfa, 0xff, 0xf1, 0xff, 0xf8, 0xff, 0xf2, 0xff, 0xf9, 0xff, 0xf4, 0xff,
  0xfb, 0xff, 0xf6, 0xff, 0xfc, 0xff, 0xf9, 0xff, 0xfb, 0xff, 0xfc, 0xff,
  0xfa, 0xff, 0xfe, 0xff, 0xfc, 0xff, 0x00, 0x00, 0x00, 0x00, 0x01, 0x00,
  0x03, 0x00, 0x01, 0x00, 0x06, 0x00, 0x01, 0x00, 0x09, 0x00, 0x01, 0x00,
  0x0a, 0x00, 0x01, 0x00, 0x0a, 0x00, 0x00, 0x00, 0x09, 0x00, 0x00, 0x00,
  0x08, 0x00, 0x00, 0x00, 0x08, 0x00, 0x02, 0x00, 0x0a, 0x00, 0x04, 0x00,
  0x0b, 0x00, 0x06, 0x00, 0x0a, 0x00, 0x05, 0x00, 0x08, 0x00, 0x03, 0x00,
  0x05, 0x00, 0x00, 0x00, 0x04, 0x00, 0xfe, 0xff, 0x03, 0x00, 0xfd, 0xff,
  0x03, 0x00, 0xfd, 0xff, 0x02, 0x00, 0xff, 0xff, 0x01, 0x00, 0x01, 0x00,
  0x01, 0x00, 0x01, 0x00, 0x00, 0x00, 0x00, 0x00, 0xfe, 0xff, 0xfe, 0xff,
  0xfc, 0xff, 0xfc, 0xff, 0xfb, 0xff, 0xfc, 0xff, 0xfc, 0xff, 0xfe, 0xff,
  0xfc, 0xff, 0xff, 0xff, 0xfa, 0xff, 0x00, 0x00, 0xf6, 0xff, 0x00, 0x00,
  0xf3, 0xff, 0x02, 0x00, 0xf4, 0xff, 0x04, 0x00, 0xf6, 0xff, 0x06, 0x00,
  0xf9, 0xff, 0x06, 0x00, 0xfa, 0xff, 0x04, 0x00, 0xfa, 0xff, 0x01, 0x00,
  0xfa, 0xff, 0xfe, 0xff, 0xfa, 0xff, 0xfc, 0xff, 0xfa, 0xff, 0xfb, 0xff,
  0xfa, 0xff, 0xfb, 0xff, 0xfb, 0xff, 0xfc, 0xff, 0xfd, 0xff, 0xfe, 0xff,
  0xff, 0xff, 0x00, 0x00, 0xff, 0xff, 0x02, 0x00, 0xfd, 0xff, 0x04, 0x00,
  0xf9, 0xff, 0x04, 0x00, 0xf8, 0xff, 0x05, 0x00, 0xfb, 0xff, 0x05, 0x00,
  0xff, 0xff, 0x05, 0x00, 0x01, 0x00, 0x04, 0x00, 0x00, 0x00, 0x03, 0x00,
  0x00, 0x00, 0x01, 0x00, 0x02, 0x00, 0x00, 0x00, 0x05, 0x00, 0xfe, 0xff,
  0x06, 0x00, 0xfc, 0xff, 0x07, 0x00, 0xfa, 0xff, 0x06, 0x00, 0xfb, 0xff,
  0x05, 0x00, 0xfd, 0xff, 0x03, 0x00, 0xff, 0xff, 0x02, 0x00, 0x00, 0x00,
  0x00, 0x00, 0x00, 0x00, 0xfe, 0xff, 0xff, 0xff, 0xfe, 0xff, 0xff, 0xff,
  0x00, 0x00, 0xff, 0xff, 0x02, 0x00, 0x01, 0x00, 0x03, 0x00, 0x01, 0x00,
  0x04, 0x00, 0x01, 0x00, 0x06, 0x00, 0xff, 0xff, 0x09, 0x00, 0xfc, 0xff,
  0x0c, 0x00, 0xf9, 0xff, 0x0d, 0x00, 0xf9, 0xff, 0x0a, 0x00, 0xfb, 0xff,
  0x05, 0x00, 0x00, 0x00, 0x01, 0x00, 0x03, 0x00, 0xff, 0xff, 0x03, 0x00,
  0xff, 0xff, 0xff, 0xff, 0x01, 0x00, 0xfc, 0xff, 0x02, 0x00, 0xfa, 0xff,
  0x02, 0x00, 0xfb, 0xff, 0x02, 0x00, 0xfb, 0xff, 0x03, 0x00, 0xfb, 0xff,
  0x05, 0x00, 0xfa, 0xff, 0x04, 0x00, 0xfb, 0xff, 0x01, 0x00, 0xfc, 0xff,
  0xfd, 0xff, 0xfe, 0xff, 0xf9, 0xff, 0xff, 0xff, 0xf8, 0xff, 0xff, 0xff,
  0xfa, 0xff, 0xfe, 0xff, 0xfc, 0xff, 0xfe, 0xff, 0xfc, 0xff, 0xfe, 0xff,
  0xfa, 0xff, 0xfe, 0xff, 0xf6, 0xff, 0xff, 0xff, 0xf4, 0xff, 0x00, 0x00,
  0xf3, 0xff, 0x02, 0x00, 0xf3, 0xff, 0x04, 0x00, 0xf4, 0xff, 0x05, 0x00,
  0xf5, 0xff, 0x05, 0x00, 0xf7, 0xff, 0x04, 0x00, 0xf9, 0xff, 0x03, 0x00,
  0xfc, 0xff, 0x01, 0x00, 0xfe, 0xff, 0x00, 0x00, 0x00, 0x00, 0xfe, 0xff,
  0x02, 0x00, 0xfe, 0xff, 0x02, 0x00, 0xfe, 0xff, 0x00, 0x00, 0xff, 0xff,
  0xfe, 0xff, 0x01, 0x00, 0xfd, 0xff, 0x02, 0x00, 0xff, 0xff, 0x02, 0x00,
  0x04, 0x00, 0x03, 0x00, 0x09, 0x00, 0x03, 0x00, 0x0c, 0x00, 0x03, 0x00,
  0x0b, 0x00, 0x02, 0x00, 0x07, 0x00, 0x00, 0x00, 0x05, 0x00, 0xfe, 0xff,
  0x06, 0x00, 0xfc, 0xff, 0x08, 0x00, 0xfc, 0xff, 0x0b, 0x00, 0xfe, 0xff,
  0x0b, 0x00, 0x01, 0x00, 0x08, 0x00, 0x04, 0x00, 0x05, 0x00, 0x05, 0x00,
  0x04, 0x00, 0x03, 0x00, 0x05, 0x00, 0xff, 0xff, 0x07, 0x00, 0xfd, 0xff,
  0x07, 0x00, 0xfd, 0xff, 0x04, 0x00, 0xff, 0xff, 0x00, 0x00, 0x02, 0x00,
  0xff, 0xff, 0x03, 0x00, 0xff, 0xff, 0x03, 0x00, 0x01, 0x00, 0x04, 0x00,
  0x02, 0x00, 0x05, 0x00, 0x03, 0x00, 0x06, 0x00, 0x04, 0x00, 0x08, 0x00,
  0x06, 0x00, 0x09, 0x00, 0x06, 0x00, 0x09, 0x00, 0x04, 0x00, 0x09, 0x00,
  0x00, 0x00, 0x07, 0x00, 0xfd, 0xff, 0x04, 0x00, 0xfc, 0xff, 0x01, 0x00,
  0xfb, 0xff, 0x01, 0x00, 0xfa, 0xff, 0x03, 0x00, 0xf8, 0xff, 0x06, 0x00,
  0xf7, 0xff, 0x06, 0x00, 0xf9, 0xff, 0x02, 0x00, 0xfe, 0xff, 0xff, 0xff,
  0x02, 0x00, 0xfe, 0xff, 0x01, 0x00, 0xff, 0xff, 0xfe, 0xff, 0x01, 0x00,
  0xfb, 0xff, 0x01, 0x00, 0xfb, 0xff, 0xff, 0xff, 0xfc, 0xff, 0xfd, 0xff,
  0xfb, 0xff, 0xfc, 0xff, 0xf9, 0xff, 0xfc, 0xff, 0xf8, 0xff, 0xfb, 0xff,
  0xfa, 0xff, 0xfa, 0xff, 0xfe, 0xff, 0xf8, 0xff, 0x00, 0x00, 0xf9, 0xff,
  0xff, 0xff, 0xfa, 0xff, 0xfd, 0xff, 0xfa, 0xff, 0xfb, 0xff, 0xf9, 0xff,
  0xfc, 0xff, 0xf8, 0xff, 0xfe, 0xff, 0xf8, 0xff, 0x00, 0x00, 0xfa, 0xff,
  0xff, 0xff, 0xfb, 0xff, 0xfe, 0xff, 0xfc, 0xff, 0xfe, 0xff, 0xfc, 0xff,
  0xfe, 0xff, 0xfb, 0xff, 0xff, 0xff, 0xfb, 0xff, 0xff, 0xff, 0xfc, 0xff,
  0x01, 0x00, 0xfe, 0xff, 0x03, 0x00, 0x00, 0x00, 0x04, 0x00, 0x01, 0x00,
  0x04, 0x00, 0x02, 0x00, 0x02, 0x00, 0x02, 0x00, 0x02, 0x00, 0x01, 0x00,
  0x02, 0x00, 0x00, 0x00, 0x03, 0x00, 0xff, 0xff, 0x05, 0x00, 0xff, 0xff,
  0x08, 0x00, 0x01, 0x00, 0x09, 0x00, 0x01, 0x00, 0x0b, 0x00, 0x00, 0x00,
  0x0b, 0x00, 0xfd, 0xff, 0x09, 0x00, 0xfa, 0xff, 0x06, 0x00, 0xf8, 0xff,
  0x03, 0x00, 0xf7, 0xff, 0x03, 0x00, 0xf8, 0xff, 0x03, 0x00, 0xf8, 0xff,
  0x03, 0x00, 0xf9, 0xff, 0x02, 0x00, 0xfb, 0xff, 0xff, 0xff, 0xfd, 0xff,
  0xff, 0xff, 0x01, 0x00, 0x01, 0x00, 0x04, 0x00, 0x03, 0x00, 0x05, 0x00,
  0x05, 0x00, 0x06, 0x00, 0x05, 0x00, 0x06, 0x00, 0x05, 0x00, 0x06, 0x00,
  0x04, 0x00, 0x05, 0x00, 0x04, 0x00, 0x04, 0x00, 0x04, 0x00, 0x03, 0x00,
  0x05, 0x00, 0x03, 0x00, 0x04, 0x00, 0x04, 0x00, 0x03, 0x00, 0x05, 0x00,
  0x02, 0x00, 0x06, 0x00, 0x01, 0x00, 0x07, 0x00, 0xff, 0xff, 0x06, 0x00,
  0xff, 0xff, 0x05, 0x00, 0xff, 0xff, 0x05, 0x00, 0xff, 0xff, 0x05, 0x00,
  0xfe, 0xff, 0x05, 0x00, 0xfc, 0xff, 0x05, 0x00, 0xfa, 0xff, 0x04, 0x00,
  0xf9, 0xff, 0x03, 0x00, 0xf9, 0xff, 0x03, 0x00, 0xf8, 0xff, 0x02, 0x00,
  0xf7, 0xff, 0x02, 0x00, 0xf6, 0xff, 0x02, 0x00, 0xf6, 0xff, 0x01, 0x00,
  0xf8, 0xff, 0xff, 0xff, 0xfa, 0xff, 0xfb, 0xff, 0xfb, 0xff, 0xf8, 0xff,
  0xfc, 0xff, 0xf7, 0xff, 0xfc, 0xff, 0xf8, 0xff, 0xfb, 0xff, 0xfb, 0xff,
  0xf8, 0xff, 0xfe, 0xff, 0xf6, 0xff, 0xff, 0xff, 0xf6, 0xff, 0xff, 0xff,
  0xf7, 0xff, 0xfd, 0xff, 0xfa, 0xff, 0xfb, 0xff, 0xfe, 0xff, 0xf9, 0xff,
  0x00, 0x00, 0xf9, 0xff, 0x00, 0x00, 0xfa, 0xff, 0x01, 0x00, 0xfd, 0xff,
  0x02, 0x00, 0x00, 0x00, 0x03, 0x00, 0x02, 0x00, 0x03, 0x00, 0x03, 0x00,
  0x02, 0x00, 0x05, 0x00, 0x02, 0x00, 0x08, 0x00, 0x03, 0x00, 0x0b, 0x00,
  0x04, 0x00, 0x0c, 0x00, 0x06, 0x00, 0x0a, 0x00, 0x08, 0x00, 0x06, 0x00,
  0x0a, 0x00, 0x03, 0x00, 0x0b, 0x00, 0x01, 0x00, 0x0c, 0x00, 0x02, 0x00,
  0x0b, 0x00, 0x02, 0x00, 0x0a, 0x00, 0x02, 0x00, 0x08, 0x00, 0x00, 0x00,
  0x08, 0x00, 0xfe, 0xff, 0x07, 0x00, 0xfc, 0xff, 0x07, 0x00, 0xfb, 0xff,
  0x06, 0x00, 0xfa, 0xff, 0x05, 0x00, 0xf9, 0xff, 0x04, 0x00, 0xfa, 0xff,
  0x04, 0x00, 0xfa, 0xff, 0x04, 0x00, 0xfa, 0xff, 0x03, 0x00, 0xfa, 0xff,
  0x02, 0x00, 0xf9, 0xff, 0x00, 0x00, 0xfa, 0xff, 0xff, 0xff, 0xfb, 0xff,
  0xfd, 0xff, 0xfb, 0xff, 0xfc, 0xff, 0xfb, 0xff, 0xfb, 0xff, 0xfb, 0xff,
  0xfd, 0xff, 0xfd, 0xff, 0xff, 0xff, 0xff, 0xff, 0x01, 0x00, 0x01, 0x00,
  0x01, 0x00, 0x04, 0x00, 0xff, 0xff, 0x06, 0x00, 0xfd, 0xff, 0x06, 0x00,
  0xfb, 0xff, 0x05, 0x00, 0xfb, 0xff, 0x04, 0x00, 0xfc, 0xff, 0x03, 0x00,
  0xfc, 0xff, 0x04, 0x00, 0xfc, 0xff, 0x06, 0x00, 0xfc, 0xff, 0x08, 0x00,
  0xfd, 0xff, 0x08, 0x00, 0x00, 0x00, 0x06, 0x00, 0x02, 0x00, 0x05, 0x00,
  0x02, 0x00, 0x07, 0x00, 0x00, 0x00, 0x0a, 0x00, 0xff, 0xff, 0x0a, 0x00,
  0xff, 0xff, 0x07, 0x00, 0x02, 0x00, 0x02, 0x00, 0x05, 0x00, 0xff, 0xff,
  0x05, 0x00, 0x00, 0x00, 0x02, 0x00, 0x03, 0x00, 0x00, 0x00, 0x03, 0x00,
  0xff, 0xff, 0x01, 0x00, 0x01, 0x00, 0xfc, 0xff, 0x02, 0x00, 0xf8, 0xff,
  0x01, 0x00, 0xf8, 0xff, 0xfe, 0xff, 0xfa, 0xff, 0xfc, 0xff, 0xfd, 0xff,
  0xfc, 0xff, 0xfd, 0xff, 0xfd, 0xff, 0xfc, 0xff, 0xff, 0xff, 0xf9, 0xff,
  0x01, 0x00, 0xf7, 0xff, 0x02, 0x00, 0xf7, 0xff, 0x01, 0x00, 0xf8, 0xff,
  0x01, 0x00, 0xfc, 0xff, 0x00, 0x00, 0x00, 0x00, 0x00, 0x00, 0x00, 0x00,
  0x00, 0x00, 0xff, 0xff, 0x01, 0x00, 0xfd, 0xff, 0x01, 0x00, 0xfd, 0xff,
  0x01, 0x00, 0xff, 0xff, 0x01, 0x00, 0x02, 0x00, 0x01, 0x00, 0x02, 0x00,
  0x03, 0x00, 0x01, 0x00, 0x03, 0x00, 0x00, 0x00, 0x02, 0x00, 0x02, 0x00,
  0x01, 0x00, 0x04, 0x00, 0x02, 0x00, 0x06, 0x00, 0x03, 0x00, 0x07, 0x00,
  0x05, 0x00, 0x07, 0x00, 0x05, 0x00, 0x07, 0x00, 0x03, 0x00, 0x07, 0x00,
  0x00, 0x00, 0x06, 0x00, 0xfe, 0xff, 0x05, 0x00, 0xfe, 0xff, 0x02, 0x00,
  0xff, 0xff, 0x00, 0x00, 0xff, 0xff, 0xff, 0xff, 0xff, 0xff, 0xfd, 0xff,
  0xff, 0xff, 0xfc, 0xff, 0xff, 0xff, 0xfc, 0xff, 0x00, 0x00, 0xfe, 0xff,
  0x00, 0x00, 0xff, 0xff, 0xfe, 0xff, 0x00, 0x00, 0xfe, 0xff, 0xff, 0xff,
  0xfe, 0xff, 0xfe, 0xff, 0xfe, 0xff, 0xfd, 0xff, 0xfe, 0xff, 0xfd, 0xff,
  0xfe, 0xff, 0xfc, 0xff, 0xff, 0xff, 0xfa, 0xff, 0x01, 0x00, 0xf7, 0xff,
  0x03, 0x00, 0xf6, 0xff, 0x02, 0x00, 0xf8, 0xff, 0x00, 0x00, 0xfc, 0xff,
  0xfd, 0xff, 0xfe, 0xff, 0xfc, 0xff, 0xff, 0xff, 0xfc, 0xff, 0x00, 0x00,
  0xff, 0xff, 0x02, 0x00, 0x03, 0x00, 0x04, 0x00, 0x04, 0x00, 0x05, 0x00,
  0x04, 0x00, 0x05, 0x00, 0x03, 0x00, 0x04, 0x00, 0x02, 0x00, 0x03, 0x00,
  0x01, 0x00, 0x02, 0x00, 0x00, 0x00, 0x01, 0x00, 0xff, 0xff, 0x01, 0x00,
  0xfd, 0xff, 0x01, 0x00, 0xfb, 0xff, 0x02, 0x00, 0xf9, 0xff, 0x03, 0x00,
  0xf8, 0xff, 0x03, 0x00, 0xf9, 0xff, 0x02, 0x00, 0xfb, 0xff, 0x02, 0x00,
  0xfe, 0xff, 0x03, 0x00, 0x00, 0x00, 0x05, 0x00, 0x01, 0x00, 0x06, 0x00,
  0x00, 0x00, 0x05, 0x00, 0xff, 0xff, 0x04, 0x00, 0xfe, 0xff, 0x05, 0x00,
  0xfd, 0xff, 0x07, 0x00, 0xfc, 0xff, 0x08, 0x00, 0xfb, 0xff, 0x08, 0x00,
  0xfb, 0xff, 0x06, 0x00, 0xfd, 0xff, 0x04, 0x00, 0xff, 0xff, 0x04, 0x00,
  0x02, 0x00, 0x03, 0x00, 0x04, 0x00, 0x02, 0x00, 0x05, 0x00, 0x00, 0x00,
  0x05, 0x00, 0xfe, 0xff, 0x05, 0x00, 0xfe, 0xff, 0x05, 0x00, 0xfe, 0xff,
  0x05, 0x00, 0xff, 0xff, 0x04, 0x00, 0x00, 0x00, 0x02, 0x00, 0x01, 0x00,
  0x01, 0x00, 0x01, 0x00, 0x01, 0x00, 0x00, 0x00, 0x01, 0x00, 0xfe, 0xff,
  0x01, 0x00, 0xfa, 0xff, 0x01, 0x00, 0xf7, 0xff, 0x01, 0x00, 0xf6, 0xff,
  0x01, 0x00, 0xf8, 0xff, 0x01, 0x00, 0xfa, 0xff, 0x00, 0x00, 0xfa, 0xff,
  0xff, 0xff, 0xf8, 0xff, 0xfe, 0xff, 0xf8, 0xff, 0xfe, 0xff, 0xfa, 0xff,
  0xfd, 0xff, 0xfd, 0xff, 0xfc, 0xff, 0xfe, 0xff, 0xfb, 0xff, 0xfc, 0xff,
  0xfb, 0xff, 0xf9, 0xff, 0xfd, 0xff, 0xf7, 0xff, 0xff, 0xff, 0xf6, 0xff,
  0x00, 0x00, 0xf7, 0xff, 0xff, 0xff, 0xf9, 0xff, 0xfc, 0xff, 0xfa, 0xff,
  0xfa, 0xff, 0xfb, 0xff, 0xfa, 0xff, 0xfd, 0xff, 0xfd, 0xff, 0xff, 0xff,
  0x01, 0x00, 0x00, 0x00, 0x02, 0x00, 0x02, 0x00, 0x02, 0x00, 0x04, 0x00,
  0x01, 0x00, 0x05, 0x00, 0x00, 0x00, 0x05, 0x00, 0xff, 0xff, 0x03, 0x00,
  0xff, 0xff, 0x01, 0x00, 0x00, 0x00, 0x01, 0x00, 0x02, 0x00, 0x01, 0x00,
  0x03, 0x00, 0x03, 0x00, 0x02, 0x00, 0x03, 0x00, 0x03, 0x00, 0x02, 0x00,
  0x03, 0x00, 0x01, 0x00, 0x04, 0x00, 0xff, 0xff, 0x03, 0x00, 0xfe, 0xff,
  0x00, 0x00, 0xfe, 0xff, 0xfd, 0xff, 0xfe, 0xff, 0xfb, 0xff, 0xff, 0xff,
  0xfb, 0xff, 0x01, 0x00, 0xfc, 0xff, 0x04, 0x00, 0xfe, 0xff, 0x05, 0x00,
  0xff, 0xff, 0x05, 0x00, 0xff, 0xff, 0x05, 0x00, 0xff, 0xff, 0x04, 0x00,
  0x01, 0x00, 0x03, 0x00, 0x04, 0x00, 0x02, 0x00, 0x06, 0x00, 0x01, 0x00,
  0x07, 0x00, 0x01, 0x00, 0x07, 0x00, 0x02, 0x00, 0x07, 0x00, 0x05, 0x00,
  0x07, 0x00, 0x07, 0x00, 0x07, 0x00, 0x08, 0x00, 0x08, 0x00, 0x08, 0x00,
  0x08, 0x00, 0x09, 0x00, 0x06, 0x00, 0x09, 0x00, 0x03, 0x00, 0x08, 0x00,
  0xff, 0xff, 0x07, 0x00, 0xfd, 0xff, 0x05, 0x00, 0xfc, 0xff, 0x03, 0x00,
  0xfc, 0xff, 0x03, 0x00, 0xfc, 0xff, 0x04, 0x00, 0xfc, 0xff, 0x04, 0x00,
  0xfc, 0xff, 0x03, 0x00, 0xfd, 0xff, 0x00, 0x00, 0xfe, 0xff, 0xff, 0xff,
  0xff, 0xff, 0x00, 0x00, 0xfe, 0xff, 0x00, 0x00, 0xfd, 0xff, 0xff, 0xff,
  0xfb, 0xff, 0xfd, 0xff, 0xfa, 0xff, 0xfb, 0xff, 0xf9, 0xff, 0xfa, 0xff,
  0xf9, 0xff, 0xfb, 0xff, 0xfb, 0xff, 0xfc, 0xff, 0x01, 0x00, 0xfd, 0xff,
  0x07, 0x00, 0xfb, 0xff, 0x0a, 0x00, 0xf9, 0xff, 0x08, 0x00, 0xf7, 0xff,
  0x05, 0x00, 0xf6, 0xff, 0x02, 0x00, 0xf6, 0xff, 0x01, 0x00, 0xf6, 0xff,
  0x01, 0x00, 0xf6, 0xff, 0x01, 0x00, 0xf7, 0xff, 0x00, 0x00, 0xf8, 0xff,
  0xff, 0xff, 0xf9, 0xff, 0x01, 0x00, 0xfb, 0xff, 0x03, 0x00, 0xfe, 0xff,
  0x03, 0x00, 0x00, 0x00, 0x01, 0x00, 0x01, 0x00, 0xfd, 0xff, 0x01, 0x00,
  0xfc, 0xff, 0xff, 0xff, 0xff, 0xff, 0xfd, 0xff, 0x02, 0x00, 0xfc, 0xff,
  0x05, 0x00, 0xfd, 0xff, 0x06, 0x00, 0xff, 0xff, 0x05, 0x00, 0x02, 0x00,
  0x05, 0x00, 0x02, 0x00, 0x04, 0x00, 0x01, 0x00, 0x03, 0x00, 0x00, 0x00,
  0x00, 0x00, 0x00, 0x00, 0xfd, 0xff, 0x01, 0x00, 0xfb, 0xff, 0x01, 0x00,
  0xf9, 0xff, 0x00, 0x00, 0xf9, 0xff, 0xfe, 0xff, 0xf9, 0xff, 0xfb, 0xff,
  0xf9, 0xff, 0xfb, 0xff, 0xfa, 0xff, 0xfd, 0xff, 0xfb, 0xff, 0x01, 0x00,
  0xfc, 0xff, 0x04, 0x00, 0xfd, 0xff, 0x05, 0x00, 0xfc, 0xff, 0x04, 0x00,
  0xfa, 0xff, 0x03, 0x00, 0xf8, 0xff, 0x02, 0x00, 0xf6, 0xff, 0x01, 0x00,
  0xf6, 0xff, 0x01, 0x00, 0xf7, 0xff, 0x00, 0x00, 0xfb, 0xff, 0x00, 0x00,
  0xfe, 0xff, 0x01, 0x00, 0xff, 0xff, 0x02, 0x00, 0x00, 0x00, 0x04, 0x00,
  0x01, 0x00, 0x05, 0x00, 0x03, 0x00, 0x06, 0x00, 0x05, 0x00, 0x06, 0x00,
  0x06, 0x00, 0x05, 0x00, 0x07, 0x00, 0x05, 0x00, 0x08, 0x00, 0x06, 0x00,
  0x08, 0x00, 0x07, 0x00, 0x07, 0x00, 0x07, 0x00, 0x07, 0x00, 0x07, 0x00,
  0x07, 0x00, 0x06, 0x00, 0x07, 0x00, 0x05, 0x00, 0x06, 0x00, 0x04, 0x00,
  0x05, 0x00, 0x03, 0x00, 0x04, 0x00, 0x02, 0x00, 0x02, 0x00, 0x00, 0x00,
  0x01, 0x00, 0xff, 0xff, 0x01, 0x00, 0xff, 0xff, 0x02, 0x00, 0x00, 0x00,
  0x03, 0x00, 0x01, 0x00, 0x04, 0x00, 0x02, 0x00, 0x05, 0x00, 0x02, 0x00,
  0x07, 0x00, 0x01, 0x00, 0x07, 0x00, 0xfe, 0xff, 0x05, 0x00, 0xfc, 0xff,
  0x01, 0x00, 0xfb, 0xff, 0xfd, 0xff, 0xfc, 0xff, 0xfa, 0xff, 0xfd, 0xff,
  0xf7, 0xff, 0xfd, 0xff, 0xf6, 0xff, 0xfd, 0xff, 0xf6, 0xff, 0xfc, 0xff,
  0xf7, 0xff, 0xfb, 0xff, 0xf8, 0xff, 0xfa, 0xff, 0xfa, 0xff, 0xfb, 0xff,
  0xfc, 0xff, 0xfd, 0xff, 0xfd, 0xff, 0xfe, 0xff, 0xfd, 0xff, 0xfd, 0xff,
  0xfd, 0xff, 0xfd, 0xff, 0xfd, 0xff, 0xfd, 0xff, 0xfe, 0xff, 0xfe, 0xff,
  0xfd, 0xff, 0x00, 0x00, 0xfb, 0xff, 0x01, 0x00, 0xfb, 0xff, 0x00, 0x00,
  0xfd, 0xff, 0xfe, 0xff, 0xff, 0xff, 0xfc, 0xff, 0x00, 0x00, 0xfc, 0xff,
  0x00, 0x00, 0xfd, 0xff, 0x00, 0x00, 0x00, 0x00, 0x00, 0x00, 0x01, 0x00,
  0xff, 0xff, 0x00, 0x00, 0xfe, 0xff, 0xff, 0xff, 0xfe, 0xff, 0xfe, 0xff,
  0xff, 0xff, 0xfe, 0xff, 0x01, 0x00, 0xfd, 0xff, 0x04, 0x00, 0xfc, 0xff,
  0x06, 0x00, 0xfb, 0xff, 0x07, 0x00, 0xfa, 0xff, 0x05, 0x00, 0xf9, 0xff,
  0x05, 0x00, 0xf8, 0xff, 0x05, 0x00, 0xf8, 0xff, 0x07, 0x00, 0xf8, 0xff,
  0x09, 0x00, 0xf8, 0xff, 0x09, 0x00, 0xfa, 0xff, 0x08, 0x00, 0xfc, 0xff,
  0x08, 0x00, 0xff, 0xff, 0x08, 0x00, 0x01, 0x00, 0x07, 0x00, 0x03, 0x00,
  0x07, 0x00, 0x06, 0x00, 0x08, 0x00, 0x07, 0x00, 0x07, 0x00, 0x07, 0x00,
  0x05, 0x00, 0x05, 0x00, 0x02, 0x00, 0x04, 0x00, 0x00, 0x00, 0x04, 0x00,
  0xff, 0xff, 0x04, 0x00, 0x00, 0x00, 0x05, 0x00, 0x00, 0x00, 0x05, 0x00,
  0xff, 0xff, 0x04, 0x00, 0xfc, 0xff, 0x04, 0x00, 0xf9, 0xff, 0x05, 0x00,
  0xf8, 0xff, 0x08, 0x00, 0xf9, 0xff, 0x09, 0x00, 0xfa, 0xff, 0x09, 0x00,
  0xf9, 0xff, 0x07, 0x00, 0xf6, 0xff, 0x06, 0x00, 0xf5, 0xff, 0x06, 0x00,
  0xf6, 0xff, 0x06, 0x00, 0xf8, 0xff, 0x07, 0x00, 0xf9, 0xff, 0x06, 0x00,
  0xfa, 0xff, 0x05, 0x00, 0xfb, 0xff, 0x03, 0x00, 0xfb, 0xff, 0x02, 0x00,
  0xfc, 0xff, 0x02, 0x00, 0xfd, 0xff, 0x02, 0x00, 0xfe, 0xff, 0x02, 0x00,
  0xff, 0xff, 0x02, 0x00, 0x01, 0x00, 0x02, 0x00, 0x02, 0x00, 0x01, 0x00,
  0x04, 0x00, 0xff, 0xff, 0x05, 0x00, 0xfc, 0xff, 0x07, 0x00, 0xfb, 0xff,
  0x09, 0x00, 0xfa, 0xff, 0x0b, 0x00, 0xfa, 0xff, 0x0b, 0x00, 0xf8, 0xff,
  0x09, 0x00, 0xf6, 0xff, 0x07, 0x00, 0xf3, 0xff, 0x06, 0x00, 0xf2, 0xff,
  0x06, 0x00, 0xf3, 0xff, 0x06, 0x00, 0xf4, 0xff, 0x05, 0x00, 0xf6, 0xff,
  0x03, 0x00, 0xf7, 0xff, 0x02, 0x00, 0xf7, 0xff, 0x01, 0x00, 0xf7, 0xff,
  0x01, 0x00, 0xf7, 0xff, 0x01, 0x00, 0xf8, 0xff, 0x01, 0x00, 0xf8, 0xff,
  0xff, 0xff, 0xf9, 0xff, 0xfd, 0xff, 0xf9, 0xff, 0xfd, 0xff, 0xf9, 0xff,
  0xfd, 0xff, 0xf9, 0xff, 0xfe, 0xff, 0xfb, 0xff, 0xff, 0xff, 0xfd, 0xff,
  0xff, 0xff, 0x00, 0x00, 0xff, 0xff, 0x02, 0x00, 0xff, 0xff, 0x03, 0x00,
  0xfe, 0xff, 0x03, 0x00, 0xfe, 0xff, 0x04, 0x00, 0xff, 0xff, 0x05, 0x00,
  0xff, 0xff, 0x07, 0x00, 0x00, 0x00, 0x08, 0x00, 0x00, 0x00, 0x09, 0x00,
  0x00, 0x00, 0x09, 0x00, 0x01, 0x00, 0x09, 0x00, 0x00, 0x00, 0x09, 0x00,
  0xff, 0xff, 0x08, 0x00, 0xff, 0xff, 0x06, 0x00, 0xff, 0xff, 0x05, 0x00,
  0xfe, 0xff, 0x06, 0x00, 0xfe, 0xff, 0x07, 0x00, 0xfe, 0xff, 0x08, 0x00,
  0xfe, 0xff, 0x09, 0x00, 0xfd, 0xff, 0x09, 0x00, 0xfb, 0xff, 0x08, 0x00,
  0xfa, 0xff, 0x06, 0x00, 0xfa, 0xff, 0x04, 0x00, 0xfb, 0xff, 0x02, 0x00,
  0xfd, 0xff, 0xff, 0xff, 0xff, 0xff, 0xfd, 0xff, 0x00, 0x00, 0xfc, 0xff,
  0x00, 0x00, 0xfb, 0xff, 0x00, 0x00, 0xfb, 0xff, 0x00, 0x00, 0xfb, 0xff,
  0x02, 0x00, 0xfb, 0xff, 0x03, 0x00, 0xfd, 0xff, 0x01, 0x00, 0xff, 0xff,
  0xfe, 0xff, 0x01, 0x00, 0xfc, 0xff, 0x01, 0x00, 0xfc, 0xff, 0x02, 0x00,
  0xfd, 0xff, 0x01, 0x00, 0xff, 0xff, 0x01, 0x00, 0x01, 0x00, 0x00, 0x00,
  0x03, 0x00, 0xfe, 0xff, 0x04, 0x00, 0xfe, 0xff, 0x04, 0x00, 0xfe, 0xff,
  0x03, 0x00, 0xfe, 0xff, 0x02, 0x00, 0xfe, 0xff, 0x01, 0x00, 0xfd, 0xff,
  0x02, 0x00, 0xfd, 0xff, 0x02, 0x00, 0xfe, 0xff, 0x02, 0x00, 0xff, 0xff,
  0x00, 0x00, 0xff, 0xff, 0xfe, 0xff, 0xff, 0xff, 0xfe, 0xff, 0xff, 0xff,
  0x01, 0x00, 0x01, 0x00, 0x03, 0x00, 0x04, 0x00, 0x04, 0x00, 0x04, 0x00,
  0x03, 0x00, 0x03, 0x00, 0x01, 0x00, 0xff, 0xff, 0x00, 0x00, 0xfd, 0xff,
  0xff, 0xff, 0xfd, 0xff, 0xff, 0xff, 0xfd, 0xff, 0xff, 0xff, 0xfb, 0xff,
  0xff, 0xff, 0xf9, 0xff, 0xfe, 0xff, 0xf7, 0xff, 0xff, 0xff, 0xfa, 0xff,
  0xff, 0xff, 0x01, 0x00, 0x00, 0x00, 0x07, 0x00, 0xff, 0xff, 0x0b, 0x00,
  0xff, 0xff, 0x09, 0x00, 0xfe, 0xff, 0x06, 0x00, 0xfe, 0xff, 0x04, 0x00,
  0xff, 0xff, 0x03, 0x00, 0x00, 0x00, 0x03, 0x00, 0x02, 0x00, 0x03, 0x00,
  0x03, 0x00, 0x03, 0x00, 0x03, 0x00, 0x05, 0x00, 0x03, 0x00, 0x07, 0x00,
  0x03, 0x00, 0x07, 0x00, 0x04, 0x00, 0x06, 0x00, 0x05, 0x00, 0x03, 0x00,
  0x05, 0x00, 0x01, 0x00, 0x05, 0x00, 0x00, 0x00, 0x04, 0x00, 0x00, 0x00,
  0x04, 0x00, 0xff, 0xff, 0x03, 0x00, 0xfc, 0xff, 0x01, 0x00, 0xf9, 0xff,
  0x00, 0x00, 0xf8, 0xff, 0xff, 0xff, 0xf9, 0xff, 0xff, 0xff, 0xfc, 0xff,
  0xff, 0xff, 0xfd, 0xff, 0xff, 0xff, 0xfc, 0xff, 0xfd, 0xff, 0xf9, 0xff,
  0xfb, 0xff, 0xf7, 0xff, 0xfb, 0xff, 0xf7, 0xff, 0xfd, 0xff, 0xf7, 0xff,
  0xff, 0xff, 0xf8, 0xff, 0xfe, 0xff, 0xf9, 0xff, 0xfc, 0xff, 0xfa, 0xff,
  0xfa, 0xff, 0xfc, 0xff, 0xfb, 0xff, 0x00, 0x00, 0xfd, 0xff, 0x02, 0x00,
  0xff, 0xff, 0x03, 0x00, 0xff, 0xff, 0x01, 0x00, 0xfe, 0xff, 0xfe, 0xff,
  0xfe, 0xff, 0xfd, 0xff, 0xfe, 0xff, 0xfe, 0xff, 0xfe, 0xff, 0xff, 0xff,
  0xff, 0xff, 0x01, 0x00, 0xff, 0xff, 0x02, 0x00, 0xff, 0xff, 0x03, 0x00,
  0xff, 0xff, 0x05, 0x00, 0x00, 0x00, 0x08, 0x00, 0x00, 0x00, 0x0c, 0x00,
  0xff, 0xff, 0x0c, 0x00, 0xff, 0xff, 0x0a, 0x00, 0x00, 0x00, 0x05, 0x00,
  0x03, 0x00, 0x02, 0x00, 0x04, 0x00, 0x03, 0x00, 0x04, 0x00, 0x05, 0x00,
  0x03, 0x00, 0x08, 0x00, 0x02, 0x00, 0x08, 0x00, 0x01, 0x00, 0x06, 0x00,
  0x02, 0x00, 0x03, 0x00, 0x04, 0x00, 0x01, 0x00, 0x06, 0x00, 0x00, 0x00,
  0x06, 0x00, 0xff, 0xff, 0x04, 0x00, 0xfe, 0xff, 0x03, 0x00, 0xfc, 0xff,
  0x02, 0x00, 0xfb, 0xff, 0x02, 0x00, 0xfa, 0xff, 0x01, 0x00, 0xf8, 0xff,
  0x00, 0x00, 0xf8, 0xff, 0xfe, 0xff, 0xf9, 0xff, 0xfd, 0xff, 0xfb, 0xff,
  0xfd, 0xff, 0xfd, 0xff, 0xfe, 0xff, 0xfd, 0xff, 0xff, 0xff, 0xfb, 0xff,
  0x00, 0x00, 0xfa, 0xff, 0xfe, 0xff, 0xfa, 0xff, 0xfe, 0xff, 0xfd, 0xff,
  0xfe, 0xff, 0xff, 0xff, 0xfe, 0xff, 0x01, 0x00, 0xfe, 0xff, 0x01, 0x00,
  0xfe, 0xff, 0x00, 0x00, 0xff, 0xff, 0xff, 0xff, 0x01, 0x00, 0x00, 0x00,
  0x02, 0x00, 0x00, 0x00, 0x03, 0x00, 0xff, 0xff, 0x02, 0x00, 0xff, 0xff,
  0x02, 0x00, 0xff, 0xff, 0x01, 0x00, 0xff, 0xff, 0x01, 0x00, 0xff, 0xff,
  0x01, 0x00, 0xfe, 0xff, 0x01, 0x00, 0xfd, 0xff, 0x01, 0x00, 0xfd, 0xff,
  0x01, 0x00, 0xfc, 0xff, 0x02, 0x00, 0xfc, 0xff, 0x03, 0x00, 0xfc, 0xff,
  0x03, 0x00, 0xfd, 0xff, 0x02, 0x00, 0xfe, 0xff, 0x02, 0x00, 0xff, 0xff,
  0x02, 0x00, 0x00, 0x00, 0x02, 0x00, 0x02, 0x00, 0x01, 0x00, 0x05, 0x00,
  0x00, 0x00, 0x07, 0x00, 0xff, 0xff, 0x08, 0x00, 0xfe, 0xff, 0x07, 0x00,
  0xfd, 0xff, 0x04, 0x00, 0xfb, 0xff, 0x00, 0x00, 0xfb, 0xff, 0xff, 0xff,
  0xfc, 0xff, 0x00, 0x00, 0xff, 0xff, 0x03, 0x00, 0x01, 0x00, 0x04, 0x00,
  0x03, 0x00, 0x04, 0x00, 0x04, 0x00, 0x03, 0x00, 0x03, 0x00, 0x02, 0x00,
  0x01, 0x00, 0x02, 0x00, 0xff, 0xff, 0x02, 0x00, 0xfe, 0xff, 0x02, 0x00,
  0xfe, 0xff, 0x01, 0x00, 0xfe, 0xff, 0x00, 0x00, 0xfe, 0xff, 0xfe, 0xff,
  0xfe, 0xff, 0xfe, 0xff, 0xfe, 0xff, 0xfe, 0xff, 0xfe, 0xff, 0xfe, 0xff,
  0xff, 0xff, 0xfe, 0xff, 0x01, 0x00, 0xfe, 0xff, 0x01, 0x00, 0xff, 0xff,
  0x00, 0x00, 0xff, 0xff, 0xff, 0xff, 0xfd, 0xff, 0xff, 0xff, 0xfa, 0xff,
  0x00, 0x00, 0xf8, 0xff, 0x00, 0x00, 0xf8, 0xff, 0xff, 0xff, 0xfa, 0xff,
  0xfe, 0xff, 0xfc, 0xff, 0xfe, 0xff, 0x00, 0x00, 0xfe, 0xff, 0x03, 0x00,
  0xfd, 0xff, 0x04, 0x00, 0xfb, 0xff, 0x05, 0x00, 0xf9, 0xff, 0x06, 0x00,
  0xf8, 0xff, 0x06, 0x00, 0xf9, 0xff, 0x07, 0x00, 0xfb, 0xff, 0x07, 0x00,
  0xfd, 0xff, 0x07, 0x00, 0xfe, 0xff, 0x07, 0x00, 0xfe, 0xff, 0x07, 0x00,
  0xfe, 0xff, 0x07, 0x00, 0xff, 0xff, 0x07, 0x00, 0x00, 0x00, 0x08, 0x00,
  0x00, 0x00, 0x09, 0x00, 0x00, 0x00, 0x09, 0x00, 0xff, 0xff, 0x07, 0x00,
  0xfe, 0xff, 0x04, 0x00, 0xfd, 0xff, 0x00, 0x00, 0xfd, 0xff, 0xfc, 0xff,
  0xff, 0xff, 0xf9, 0xff, 0x02, 0x00, 0xf9, 0xff, 0x04, 0x00, 0xf9, 0xff,
  0x05, 0x00, 0xf9, 0xff, 0x06, 0x00, 0xf8, 0xff, 0x06, 0x00, 0xf7, 0xff,
  0x07, 0x00, 0xf6, 0xff, 0x08, 0x00, 0xf6, 0xff, 0x07, 0x00, 0xf6, 0xff,
  0x06, 0x00, 0xf8, 0xff, 0x05, 0x00, 0xf9, 0xff, 0x04, 0x00, 0xfa, 0xff,
  0x05, 0x00, 0xfb, 0xff, 0x06, 0x00, 0xfc, 0xff, 0x05, 0x00, 0xfd, 0xff,
  0x04, 0x00, 0xfe, 0xff, 0x02, 0x00, 0x00, 0x00, 0x01, 0x00, 0x02, 0x00,
  0x01, 0x00, 0x03, 0x00, 0x02, 0x00, 0x04, 0x00, 0x02, 0x00, 0x03, 0x00,
  0x02, 0x00, 0x02, 0x00, 0x02, 0x00, 0x03, 0x00, 0x01, 0x00, 0x06, 0x00,
  0xff, 0xff, 0x08, 0x00, 0xff, 0xff, 0x0a, 0x00, 0xff, 0xff, 0x0b, 0x00,
  0xff, 0xff, 0x0b, 0x00, 0xff, 0xff, 0x0a, 0x00, 0xff, 0xff, 0x09, 0x00,
  0xfe, 0xff, 0x08, 0x00, 0xfd, 0xff, 0x06, 0x00, 0xfd, 0xff, 0x04, 0x00,
  0xff, 0xff, 0x01, 0x00, 0x01, 0x00, 0x00, 0x00, 0x02, 0x00, 0x00, 0x00,
  0x01, 0x00, 0xff, 0xff, 0x01, 0x00, 0xff, 0xff, 0x00, 0x00, 0xfe, 0xff,
  0xff, 0xff, 0xfd, 0xff, 0xfd, 0xff, 0xfb, 0xff, 0xfb, 0xff, 0xfa, 0xff,
  0xf9, 0xff, 0xfa, 0xff, 0xf9, 0xff, 0xfa, 0xff, 0xf9, 0xff, 0xfa, 0xff,
  0xfa, 0xff, 0xfa, 0xff, 0xfb, 0xff, 0xfa, 0xff, 0xfb, 0xff, 0xfa, 0xff,
  0xfb, 0xff, 0xfa, 0xff, 0xfc, 0xff, 0xf9, 0xff, 0xfe, 0xff, 0xf8, 0xff,
  0xff, 0xff, 0xf9, 0xff, 0xff, 0xff, 0xfa, 0xff, 0xfe, 0xff, 0xfb, 0xff,
  0xfd, 0xff, 0xfc, 0xff, 0xfe, 0xff, 0xfd, 0xff, 0xff, 0xff, 0xfe, 0xff,
  0x01, 0x00, 0xfe, 0xff, 0x02, 0x00, 0xff, 0xff, 0x02, 0x00, 0x00, 0x00,
  0x01, 0x00, 0x00, 0x00, 0x00, 0x00, 0xfe, 0xff, 0x00, 0x00, 0xfd, 0xff,
  0x01, 0x00, 0xfd, 0xff, 0x04, 0x00, 0x00, 0x00, 0x07, 0x00, 0x02, 0x00,
  0x09, 0x00, 0x03, 0x00, 0x0a, 0x00, 0x02, 0x00, 0x0a, 0x00, 0xff, 0xff,
  0x09, 0x00, 0xfe, 0xff, 0x08, 0x00, 0xfe, 0xff, 0x07, 0x00, 0xff, 0xff,
  0x05, 0x00, 0x01, 0x00, 0x03, 0x00, 0x01, 0x00, 0x01, 0x00, 0x00, 0x00,
  0x01, 0x00, 0xff, 0xff, 0x02, 0x00, 0xfe, 0xff, 0x02, 0x00, 0xfe, 0xff,
  0x01, 0x00, 0xff, 0xff, 0x01, 0x00, 0x00, 0x00, 0x02, 0x00, 0x00, 0x00,
  0x04, 0x00, 0x01, 0x00, 0x04, 0x00, 0x00, 0x00, 0x02, 0x00, 0x00, 0x00,
  0xfd, 0xff, 0x02, 0x00, 0xf9, 0xff, 0x04, 0x00, 0xf7, 0xff, 0x06, 0x00,
  0xf7, 0xff, 0x07, 0x00, 0xf9, 0xff, 0x07, 0x00, 0xfa, 0xff, 0x07, 0x00,
  0xf9, 0xff, 0x07, 0x00, 0xf9, 0xff, 0x08, 0x00, 0xf9, 0xff, 0x08, 0x00,
  0xf9, 0xff, 0x06, 0x00, 0xf9, 0xff, 0x04, 0x00, 0xf9, 0xff, 0x03, 0x00,
  0xfa, 0xff, 0x04, 0x00, 0xfb, 0xff, 0x05, 0x00, 0xfd, 0xff, 0x06, 0x00,
  0xff, 0xff, 0x05, 0x00, 0x00, 0x00, 0x03, 0x00, 0x01, 0x00, 0x02, 0x00,
  0x02, 0x00, 0x00, 0x00, 0x04, 0x00, 0xff, 0xff, 0x04, 0x00, 0xfd, 0xff,
  0x03, 0x00, 0xfb, 0xff, 0x02, 0x00, 0xf9, 0xff, 0x01, 0x00, 0xf8, 0xff,
  0x01, 0x00, 0xf7, 0xff, 0x02, 0x00, 0xf8, 0xff, 0x02, 0x00, 0xfb, 0xff,
  0x01, 0x00, 0xfd, 0xff, 0x01, 0x00, 0xfe, 0xff, 0x01, 0x00, 0xfe, 0xff,
  0x01, 0x00, 0xfe, 0xff, 0x02, 0x00, 0xfd, 0xff, 0x03, 0x00, 0xfd, 0xff,
  0x03, 0x00, 0xff, 0xff, 0x03, 0x00, 0x00, 0x00, 0x03, 0x00, 0x01, 0x00,
  0x03, 0x00, 0x01, 0x00, 0x03, 0x00, 0x02, 0x00, 0x03, 0x00, 0x03, 0x00,
  0x03, 0x00, 0x05, 0x00, 0x03, 0x00, 0x05, 0x00, 0x04, 0x00, 0x06, 0x00,
  0x05, 0x00, 0x06, 0x00, 0x07, 0x00, 0x06, 0x00, 0x09, 0x00, 0x05, 0x00,
  0x0a, 0x00, 0x04, 0x00, 0x08, 0x00, 0x04, 0x00, 0x05, 0x00, 0x05, 0x00,
  0x02, 0x00, 0x06, 0x00, 0x00, 0x00, 0x06, 0x00, 0xff, 0xff, 0x03, 0x00,
  0xff, 0xff, 0xff, 0xff, 0xfe, 0xff, 0xfc, 0xff, 0xfd, 0xff, 0xfa, 0xff,
  0xfc, 0xff, 0xfb, 0xff, 0xfb, 0xff, 0xfb, 0xff, 0xfc, 0xff, 0xfa, 0xff,
  0xfd, 0xff, 0xf9, 0xff, 0xff, 0xff, 0xf9, 0xff, 0xff, 0xff, 0xfa, 0xff,
  0xff, 0xff, 0xfb, 0xff, 0xfe, 0xff, 0xfc, 0xff, 0xfc, 0xff, 0xfc, 0xff,
  0xf9, 0xff, 0xfb, 0xff, 0xf7, 0xff, 0xfb, 0xff, 0xf6, 0xff, 0xfb, 0xff,
  0xf7, 0xff, 0xfc, 0xff, 0xf9, 0xff, 0xfd, 0xff, 0xfa, 0xff, 0xff, 0xff,
  0xfa, 0xff, 0xff, 0xff, 0xf9, 0xff, 0x00, 0x00, 0xf8, 0xff, 0x01, 0x00,
  0xf8, 0xff, 0x02, 0x00, 0xf9, 0xff, 0x03, 0x00, 0xfa, 0xff, 0x03, 0x00,
  0xfb, 0xff, 0x03, 0x00, 0xfc, 0xff, 0x03, 0x00, 0xfc, 0xff, 0x04, 0x00,
  0xfe, 0xff, 0x05, 0x00, 0x00, 0x00, 0x05, 0x00, 0x02, 0x00, 0x05, 0x00,
  0x03, 0x00, 0x04, 0x00, 0x03, 0x00, 0x03, 0x00, 0x03, 0x00, 0x03, 0x00,
  0x02, 0x00, 0x03, 0x00, 0x00, 0x00, 0x03, 0x00, 0x00, 0x00, 0x02, 0x00,
  0x00, 0x00, 0x02, 0x00, 0x02, 0x00, 0x03, 0x00, 0x04, 0x00, 0x03, 0x00,
  0x05, 0x00, 0x03, 0x00, 0x05, 0x00, 0x02, 0x00, 0x04, 0x00, 0x02, 0x00,
  0x03, 0x00, 0x03, 0x00, 0x03, 0x00, 0x03, 0x00, 0x03, 0x00, 0x03, 0x00,
  0x03, 0x00, 0x01, 0x00, 0x02, 0x00, 0x00, 0x00, 0x01, 0x00, 0xff, 0xff,
  0x02, 0x00, 0x00, 0x00, 0x03, 0x00, 0x01, 0x00, 0x04, 0x00, 0x01, 0x00,
  0x05, 0x00, 0x00, 0x00, 0x05, 0x00, 0x00, 0x00, 0x06, 0x00, 0x00, 0x00,
  0x06, 0x00, 0x00, 0x00, 0x06, 0x00, 0x00, 0x00, 0x05, 0x00, 0xff, 0xff,
  0x04, 0x00, 0xff, 0xff, 0x01, 0x00, 0x00, 0x00, 0x00, 0x00, 0x01, 0x00,
  0xff, 0xff, 0x01, 0x00, 0x00, 0x00, 0x00, 0x00, 0x02, 0x00, 0xfe, 0xff,
  0x03, 0x00, 0xfd, 0xff, 0x02, 0x00, 0xfc, 0xff, 0x00, 0x00, 0xfb, 0xff,
  0xfe, 0xff, 0xfa, 0xff, 0xfc, 0xff, 0xf9, 0xff, 0xfc, 0xff, 0xfa, 0xff,
  0xfd, 0xff, 0xfc, 0xff, 0xfd, 0xff, 0xfe, 0xff, 0xfc, 0xff, 0xfe, 0xff,
  0xf9, 0xff, 0xfd, 0xff, 0xf8, 0xff, 0xfd, 0xff, 0xf8, 0xff, 0xfe, 0xff,
  0xf9, 0xff, 0x00, 0x00, 0xfa, 0xff, 0x00, 0x00, 0xf9, 0xff, 0x00, 0x00,
  0xf8, 0xff, 0xff, 0xff, 0xf7, 0xff, 0xfe, 0xff, 0xf8, 0xff, 0xff, 0xff,
  0xf9, 0xff, 0x00, 0x00, 0xfa, 0xff, 0x02, 0x00, 0xfa, 0xff, 0x03, 0x00,
  0xfb, 0xff, 0x02, 0x00, 0xfd, 0xff, 0x01, 0x00, 0xff, 0xff, 0x00, 0x00,
  0x00, 0x00, 0x01, 0x00, 0x02, 0x00, 0x04, 0x00, 0x02, 0x00, 0x06, 0x00,
  0x02, 0x00, 0x07, 0x00, 0x03, 0x00, 0x06, 0x00, 0x03, 0x00, 0x03, 0x00,
  0x04, 0x00, 0x01, 0x00, 0x06, 0x00, 0x00, 0x00, 0x07, 0x00, 0x00, 0x00,
  0x08, 0x00, 0x00, 0x00, 0x08, 0x00, 0xff, 0xff, 0x08, 0x00, 0xfd, 0xff,
  0x08, 0x00, 0xfb, 0xff, 0x08, 0x00, 0xfa, 0xff, 0x08, 0x00, 0xfa, 0xff,
  0x07, 0x00, 0xfb, 0xff, 0x06, 0x00, 0xfc, 0xff, 0x05, 0x00, 0xfd, 0xff,
  0x05, 0x00, 0xfd, 0xff, 0x06, 0x00, 0xfc, 0xff, 0x07, 0x00, 0xfc, 0xff,
  0x06, 0x00, 0xfe, 0xff, 0x04, 0x00, 0x00, 0x00, 0x03, 0x00, 0x01, 0x00,
  0x01, 0x00, 0x01, 0x00, 0x00, 0x00, 0x01, 0x00, 0xff, 0xff, 0xff, 0xff,
  0xff, 0xff, 0xfe, 0xff, 0xff, 0xff, 0xfe, 0xff, 0x00, 0x00, 0xfe, 0xff,
  0xff, 0xff, 0xff, 0xff, 0xfe, 0xff, 0x01, 0x00, 0xfd, 0xff, 0x04, 0x00,
  0xfd, 0xff, 0x06, 0x00, 0xfe, 0xff, 0x07, 0x00, 0xfe, 0xff, 0x06, 0x00,
  0xfe, 0xff, 0x05, 0x00, 0xfc, 0xff, 0x06, 0x00, 0xf9, 0xff, 0x06, 0x00,
  0xf8, 0xff, 0x06, 0x00, 0xfa, 0xff, 0x04, 0x00, 0xfd, 0xff, 0x01, 0x00,
  0x00, 0x00, 0xfe, 0xff, 0x01, 0x00, 0xfe, 0xff, 0x00, 0x00, 0xfe, 0xff,
  0xff, 0xff, 0x00, 0x00, 0xff, 0xff, 0x01, 0x00, 0xfe, 0xff, 0x02, 0x00,
  0xfe, 0xff, 0x02, 0x00, 0xfc, 0xff, 0x02, 0x00, 0xfb, 0xff, 0x03, 0x00,
  0xfb, 0xff, 0x02, 0x00, 0xfc, 0xff, 0x01, 0x00, 0xfc, 0xff, 0x00, 0x00,
  0xfd, 0xff, 0xff, 0xff, 0xfc, 0xff, 0xfe, 0xff, 0xfc, 0xff, 0xfd, 0xff,
  0xfd, 0xff, 0xfd, 0xff, 0xfc, 0xff, 0xfc, 0xff, 0xfc, 0xff, 0xfb, 0xff,
  0xfb, 0xff, 0xfb, 0xff, 0xfc, 0xff, 0xfc, 0xff, 0xfe, 0xff, 0xfe, 0xff,
  0x00, 0x00, 0x00, 0x00, 0x00, 0x00, 0x01, 0x00, 0x01, 0x00, 0x02, 0x00,
  0x01, 0x00, 0x03, 0x00, 0x02, 0x00, 0x03, 0x00, 0x02, 0x00, 0x02, 0x00,
  0x02, 0x00, 0x00, 0x00, 0x02, 0x00, 0xff, 0xff, 0x02, 0x00, 0xfe, 0xff,
  0x03, 0x00, 0xff, 0xff, 0x04, 0x00, 0x00, 0x00, 0x04, 0x00, 0x01, 0x00,
  0x01, 0x00, 0x00, 0x00, 0xfe, 0xff, 0xff, 0xff, 0xfc, 0xff, 0xff, 0xff,
  0xfd, 0xff, 0x00, 0x00, 0xff, 0xff, 0x01, 0x00, 0x00, 0x00, 0x00, 0x00,
  0x01, 0x00, 0xfe, 0xff, 0x01, 0x00, 0xfd, 0xff, 0x00, 0x00, 0xfe, 0xff,
  0xff, 0xff, 0x00, 0x00, 0xfe, 0xff, 0x02, 0x00, 0xfd, 0xff, 0x02, 0x00,
  0xfd, 0xff, 0x00, 0x00, 0xfe, 0xff, 0xfd, 0xff, 0xfe, 0xff, 0xfa, 0xff,
  0xfe, 0xff, 0xf8, 0xff, 0xfd, 0xff, 0xf8, 0xff, 0xfd, 0xff, 0xfb, 0xff,
  0xfe, 0xff, 0xfd, 0xff, 0xff, 0xff, 0xff, 0xff, 0x00, 0x00, 0xff, 0xff,
  0x01, 0x00, 0xff, 0xff, 0x00, 0x00, 0xff, 0xff, 0x00, 0x00, 0x00, 0x00,
  0xff, 0xff, 0x03, 0x00, 0xff, 0xff, 0x04, 0x00, 0xff, 0xff, 0x03, 0x00,
  0x01, 0x00, 0x01, 0x00, 0x04, 0x00, 0xfd, 0xff, 0x07, 0x00, 0xfb, 0xff,
  0x08, 0x00, 0xfa, 0xff, 0x09, 0x00, 0xfa, 0xff, 0x08, 0x00, 0xfd, 0xff,
  0x08, 0x00, 0x00, 0x00, 0x08, 0x00, 0x02, 0x00, 0x08, 0x00, 0x04, 0x00,
  0x07, 0x00, 0x04, 0x00, 0x06, 0x00, 0x03, 0x00, 0x05, 0x00, 0x03, 0x00,
  0x05, 0x00, 0x02, 0x00, 0x04, 0x00, 0x01, 0x00, 0x03, 0x00, 0x00, 0x00,
  0x02, 0x00, 0xff, 0xff, 0x01, 0x00, 0xfe, 0xff, 0xff, 0xff, 0xff, 0xff,
  0xfe, 0xff, 0x01, 0x00, 0xfc, 0xff, 0x04, 0x00, 0xfa, 0xff, 0x05, 0x00,
  0xf9, 0xff, 0x05, 0x00, 0xf9, 0xff, 0x06, 0x00, 0xfa, 0xff, 0x07, 0x00,
  0xfc, 0xff, 0x07, 0x00, 0xfe, 0xff, 0x05, 0x00, 0x00, 0x00, 0x04, 0x00,
  0x01, 0x00, 0x04, 0x00, 0xff, 0xff, 0x06, 0x00, 0xfc, 0xff, 0x07, 0x00,
  0xf8, 0xff, 0x08, 0x00, 0xf7, 0xff, 0x06, 0x00, 0xf7, 0xff, 0x04, 0x00,
  0xf8, 0xff, 0x02, 0x00, 0xf9, 0xff, 0x02, 0x00, 0xf9, 0xff, 0x01, 0x00,
  0xf9, 0xff, 0x00, 0x00, 0xfa, 0xff, 0xfe, 0xff, 0xfb, 0xff, 0xfe, 0xff,
  0xfb, 0xff, 0xfe, 0xff, 0xfb, 0xff, 0xff, 0xff, 0xfb, 0xff, 0xff, 0xff,
  0xfc, 0xff, 0xfd, 0xff, 0xfe, 0xff, 0xfc, 0xff, 0x00, 0x00, 0xfb, 0xff,
  0x01, 0x00, 0xfa, 0xff, 0x03, 0x00, 0xf8, 0xff, 0x05, 0x00, 0xf6, 0xff,
  0x06, 0x00, 0xf4, 0xff, 0x07, 0x00, 0xf2, 0xff, 0x05, 0x00, 0xf2, 0xff,
  0x03, 0x00, 0xf5, 0xff, 0x02, 0x00, 0xf7, 0xff, 0x03, 0x00, 0xf8, 0xff,
  0x05, 0x00, 0xf7, 0xff, 0x08, 0x00, 0xf7, 0xff, 0x09, 0x00, 0xf9, 0xff,
  0x0a, 0x00, 0xfc, 0xff, 0x0a, 0x00, 0xff, 0xff, 0x09, 0x00, 0x00, 0x00,
  0x09, 0x00, 0xff, 0xff, 0x08, 0x00, 0xfe, 0xff, 0x07, 0x00, 0xfe, 0xff,
  0x07, 0x00, 0xff, 0xff, 0x07, 0x00, 0x00, 0x00, 0x06, 0x00, 0x01, 0x00,
  0x04, 0x00, 0x00, 0x00, 0x03, 0x00, 0x00, 0x00, 0x03, 0x00, 0x00, 0x00,
  0x05, 0x00, 0x02, 0x00, 0x06, 0x00, 0x03, 0x00, 0x04, 0x00, 0x04, 0x00,
  0x00, 0x00, 0x04, 0x00, 0xfb, 0xff, 0x04, 0x00, 0xf8, 0xff, 0x04, 0x00,
  0xf8, 0xff, 0x05, 0x00, 0xf9, 0xff, 0x07, 0x00, 0xf9, 0xff, 0x08, 0x00,
  0xf9, 0xff, 0x09, 0x00, 0xf9, 0xff, 0x09, 0x00, 0xf9, 0xff, 0x08, 0x00,
  0xfa, 0xff, 0x07, 0x00, 0xfa, 0xff, 0x07, 0x00, 0xf8, 0xff, 0x08, 0x00,
  0xf7, 0xff, 0x09, 0x00, 0xf7, 0xff, 0x09, 0x00, 0xf9, 0xff, 0x07, 0x00,
  0xfb, 0xff, 0x06, 0x00, 0xfc, 0xff, 0x05, 0x00, 0xfc, 0xff, 0x05, 0x00,
  0xfd, 0xff, 0x05, 0x00, 0xfd, 0xff, 0x04, 0x00, 0xfd, 0xff, 0x02, 0x00,
  0xfc, 0xff, 0x00, 0x00, 0xfc, 0xff, 0xfe, 0xff, 0xfc, 0xff, 0xfd, 0xff,
  0xfd, 0xff, 0xfd, 0xff, 0xfe, 0xff, 0xfc, 0xff, 0xff, 0xff, 0xfb, 0xff,
  0x00, 0x00, 0xfa, 0xff, 0x02, 0x00, 0xf8, 0xff, 0x05, 0x00, 0xf8, 0xff,
  0x08, 0x00, 0xf8, 0xff, 0x07, 0x00, 0xf9, 0xff, 0x04, 0x00, 0xf9, 0xff,
  0x01, 0x00, 0xf9, 0xff, 0x00, 0x00, 0xf7, 0xff, 0x01, 0x00, 0xf5, 0xff,
  0x02, 0x00, 0xf6, 0xff, 0x04, 0x00, 0xf8, 0xff, 0x07, 0x00, 0xfc, 0xff,
  0x09, 0x00, 0xfe, 0xff, 0x09, 0x00, 0xff, 0xff, 0x07, 0x00, 0xfe, 0xff,
  0x04, 0x00, 0xfe, 0xff, 0x03, 0x00, 0xff, 0xff, 0x02, 0x00, 0x00, 0x00,
  0x01, 0x00, 0x01, 0x00, 0x00, 0x00, 0x01, 0x00, 0xfe, 0xff, 0x00, 0x00,
  0xfd, 0xff, 0x00, 0x00, 0xfd, 0xff, 0x01, 0x00, 0xff, 0xff, 0x04, 0x00,
  0x01, 0x00, 0x05, 0x00, 0x01, 0x00, 0x05, 0x00, 0xfe, 0xff, 0x04, 0x00,
  0xfc, 0xff, 0x04, 0x00, 0xfc, 0xff, 0x05, 0x00, 0xfc, 0xff, 0x05, 0x00,
  0xfd, 0xff, 0x05, 0x00, 0xfe, 0xff, 0x03, 0x00, 0x00, 0x00, 0x02, 0x00,
  0x02, 0x00, 0x01, 0x00, 0x05, 0x00, 0x01, 0x00, 0x07, 0x00, 0x02, 0x00,
  0x06, 0x00, 0x01, 0x00, 0x04, 0x00, 0x00, 0x00, 0x01, 0x00, 0xfe, 0xff,
  0xff, 0xff, 0xfd, 0xff, 0xff, 0xff, 0xfc, 0xff, 0x00, 0x00, 0xfc, 0xff,
  0x00, 0x00, 0xfc, 0xff, 0x00, 0x00, 0xfc, 0xff, 0x01, 0x00, 0xfb, 0xff,
  0x01, 0x00, 0xfa, 0xff, 0x01, 0x00, 0xf8, 0xff, 0x01, 0x00, 0xf8, 0xff,
  0x01, 0x00, 0xf9, 0xff, 0x00, 0x00, 0xfc, 0xff, 0x00, 0x00, 0xff, 0xff,
  0x00, 0x00, 0x00, 0x00, 0x00, 0x00, 0xff, 0xff, 0x01, 0x00, 0xff, 0xff,
  0x02, 0x00, 0x01, 0x00, 0x03, 0x00, 0x02, 0x00, 0x03, 0x00, 0x04, 0x00,
  0x04, 0x00, 0x04, 0x00, 0x03, 0x00, 0x05, 0x00, 0x02, 0x00, 0x05, 0x00,
  0x00, 0x00, 0x06, 0x00, 0xff, 0xff, 0x07, 0x00, 0xfe, 0xff, 0x07, 0x00,
  0xfc, 0xff, 0x08, 0x00, 0xfc, 0xff, 0x09, 0x00, 0xfc, 0xff, 0x0a, 0x00,
  0xfd, 0xff, 0x0b, 0x00, 0xfe, 0xff, 0x0a, 0x00, 0xff, 0xff, 0x08, 0x00,
  0xff, 0xff, 0x06, 0x00, 0xfe, 0xff, 0x04, 0x00, 0xfe, 0xff, 0x04, 0x00,
  0xfe, 0xff, 0x02, 0x00, 0xff, 0xff, 0x01, 0x00, 0xff, 0xff, 0x00, 0x00,
  0xfd, 0xff, 0xff, 0xff, 0xfb, 0xff, 0xff, 0xff, 0xfa, 0xff, 0xff, 0xff,
  0xfb, 0xff, 0xfe, 0xff, 0xfb, 0xff, 0xfd, 0xff, 0xfb, 0xff, 0xfb, 0xff,
  0xfa, 0xff, 0xfb, 0xff, 0xf9, 0xff, 0xfb, 0xff, 0xf9, 0xff, 0xfb, 0xff,
  0xf9, 0xff, 0xfb, 0xff, 0xfa, 0xff, 0xfa, 0xff, 0xfb, 0xff, 0xf9, 0xff,
  0xfc, 0xff, 0xf9, 0xff, 0xfd, 0xff, 0xfa, 0xff, 0xfe, 0xff, 0xfb, 0xff,
  0x00, 0x00, 0xfd, 0xff, 0x02, 0x00, 0xfe, 0xff, 0x04, 0x00, 0xff, 0xff,
  0x06, 0x00, 0xff, 0xff, 0x08, 0x00, 0x00, 0x00, 0x09, 0x00, 0x00, 0x00,
  0x09, 0x00, 0x00, 0x00, 0x09, 0x00, 0x01, 0x00, 0x0a, 0x00, 0x01, 0x00,
  0x0b, 0x00, 0x00, 0x00, 0x0c, 0x00, 0xff, 0xff, 0x0c, 0x00, 0xfd, 0xff,
  0x0b, 0x00, 0xfb, 0xff, 0x0a, 0x00, 0xfb, 0xff, 0x08, 0x00, 0xfc, 0xff,
  0x07, 0x00, 0xfd, 0xff, 0x05, 0x00, 0xfe, 0xff, 0x04, 0x00, 0xfe, 0xff,
  0x04, 0x00, 0xfd, 0xff, 0x04, 0x00, 0xfc, 0xff, 0x04, 0x00, 0xfd, 0xff,
  0x03, 0x00, 0xff, 0xff, 0x02, 0x00, 0x00, 0x00, 0x01, 0x00, 0x01, 0x00,
  0x00, 0x00, 0x01, 0x00, 0x01, 0x00, 0x01, 0x00, 0x01, 0x00, 0x02, 0x00,
  0x00, 0x00, 0x03, 0x00, 0xfe, 0xff, 0x04, 0x00, 0xfd, 0xff, 0x04, 0x00,
  0xfc, 0xff, 0x05, 0x00, 0xfd, 0xff, 0x05, 0x00, 0xfd, 0xff, 0x05, 0x00,
  0xfc, 0xff, 0x04, 0x00, 0xfb, 0xff, 0x04, 0x00, 0xf9, 0xff, 0x04, 0x00,
  0xf7, 0xff, 0x04, 0x00, 0xf6, 0xff, 0x04, 0x00, 0xf6, 0xff, 0x05, 0x00,
  0xf8, 0xff, 0x05, 0x00, 0xfb, 0xff, 0x03, 0x00, 0xfd, 0xff, 0x01, 0x00,
  0xfe, 0xff, 0xff, 0xff, 0xfe, 0xff, 0xfe, 0xff, 0xfc, 0xff, 0xfe, 0xff,
  0xfc, 0xff, 0xff, 0xff, 0xfc, 0xff, 0xff, 0xff, 0xfc, 0xff, 0xff, 0xff,
  0xfb, 0xff, 0xff, 0xff, 0xfa, 0xff, 0xff, 0xff, 0xfa, 0xff, 0xff, 0xff,
  0xfb, 0xff, 0xff, 0xff, 0xfd, 0xff, 0xfe, 0xff, 0xff, 0xff, 0xff, 0xff,
  0x00, 0x00, 0x00, 0x00, 0x01, 0x00, 0x01, 0x00, 0x02, 0x00, 0x00, 0x00,
  0x02, 0x00, 0xff, 0xff, 0x01, 0x00, 0xfd, 0xff, 0xff, 0xff, 0xfd, 0xff,
  0xfe, 0xff, 0xfe, 0xff, 0xfe, 0xff, 0xff, 0xff, 0xff, 0xff, 0x00, 0x00,
  0xff, 0xff, 0x00, 0x00, 0xff, 0xff, 0x00, 0x00, 0xff, 0xff, 0x01, 0x00,
  0x00, 0x00, 0x02, 0x00, 0x02, 0x00, 0x03, 0x00, 0x04, 0x00, 0x03, 0x00,
  0x04, 0x00, 0x03, 0x00, 0x03, 0x00, 0x02, 0x00, 0x03, 0x00, 0x00, 0x00,
  0x04, 0x00, 0xff, 0xff, 0x06, 0x00, 0xfe, 0xff, 0x07, 0x00, 0xfd, 0xff,
  0x07, 0x00, 0xfe, 0xff, 0x06, 0x00, 0xfe, 0xff, 0x04, 0x00, 0xfd, 0xff,
  0x04, 0x00, 0xfc, 0xff, 0x04, 0x00, 0xfb, 0xff, 0x04, 0x00, 0xfb, 0xff,
  0x04, 0x00, 0xfb, 0xff, 0x03, 0x00, 0xfb, 0xff, 0x02, 0x00, 0xfc, 0xff,
  0x02, 0x00, 0xfd, 0xff, 0x03, 0x00, 0xfe, 0xff, 0x04, 0x00, 0xff, 0xff,
  0x05, 0x00, 0xfe, 0xff, 0x04, 0x00, 0xfd, 0xff, 0x03, 0x00, 0xfd, 0xff,
  0x01, 0x00, 0xfe, 0xff, 0xff, 0xff, 0x00, 0x00, 0xfd, 0xff, 0x01, 0x00,
  0xfc, 0xff, 0x01, 0x00, 0xfc, 0xff, 0x00, 0x00, 0xfc, 0xff, 0x00, 0x00,
  0xfc, 0xff, 0x01, 0x00, 0xfc, 0xff, 0x02, 0x00, 0xfc, 0xff, 0x02, 0x00,
  0xfc, 0xff, 0x02, 0x00, 0xfd, 0xff, 0x01, 0x00, 0xfe, 0xff, 0x00, 0x00,
  0xff, 0xff, 0x01, 0x00, 0xfe, 0xff, 0x02, 0x00, 0xfe, 0xff, 0x03, 0x00,
  0xfd, 0xff, 0x04, 0x00, 0xfe, 0xff, 0x03, 0x00, 0xff, 0xff, 0x01, 0x00,
  0xff, 0xff, 0x00, 0x00, 0xfe, 0xff, 0xff, 0xff, 0xfe, 0xff, 0x01, 0x00,
  0xfd, 0xff, 0x03, 0x00, 0xfd, 0xff, 0x05, 0x00, 0xfc, 0xff, 0x06, 0x00,
  0xfc, 0xff, 0x05, 0x00, 0xfc, 0xff, 0x04, 0x00, 0xfd, 0xff, 0x03, 0x00,
  0xff, 0xff, 0x04, 0x00, 0x00, 0x00, 0x03, 0x00, 0xff, 0xff, 0x01, 0x00,
  0xfe, 0xff, 0xfd, 0xff, 0xfd, 0xff, 0xfb, 0xff, 0xfd, 0xff, 0xfc, 0xff,
  0xfd, 0xff, 0x00, 0x00, 0xfd, 0xff, 0x03, 0x00, 0xfe, 0xff, 0x04, 0x00,
  0x00, 0x00, 0x04, 0x00, 0x01, 0x00, 0x03, 0x00, 0x02, 0x00, 0x03, 0x00,
  0x01, 0x00, 0x03, 0x00, 0x01, 0x00, 0x04, 0x00, 0x02, 0x00, 0x04, 0x00,
  0x02, 0x00, 0x03, 0x00, 0x03, 0x00, 0x02, 0x00, 0x02, 0x00, 0x01, 0x00,
  0x02, 0x00, 0x00, 0x00, 0x02, 0x00, 0xfe, 0xff, 0x03, 0x00, 0xfc, 0xff,
  0x04, 0x00, 0xfb, 0xff, 0x04, 0x00, 0xfb, 0xff, 0x04, 0x00, 0xfb, 0xff,
  0x03, 0x00, 0xfa, 0xff, 0x03, 0x00, 0xfa, 0xff, 0x04, 0x00, 0xfa, 0xff,
  0x04, 0x00, 0xfb, 0xff, 0x04, 0x00, 0xfb, 0xff, 0x04, 0x00, 0xfb, 0xff,
  0x04, 0x00, 0xfb, 0xff, 0x03, 0x00, 0xfb, 0xff, 0x01, 0x00, 0xfd, 0xff,
  0x01, 0x00, 0xff, 0xff, 0x01, 0x00, 0x00, 0x00, 0x01, 0x00, 0xff, 0xff,
  0x01, 0x00, 0xff, 0xff, 0x00, 0x00, 0xff, 0xff, 0xff, 0xff, 0x01, 0x00,
  0xfd, 0xff, 0x04, 0x00, 0xfd, 0xff, 0x07, 0x00, 0xfc, 0xff, 0x08, 0x00,
  0xfc, 0xff, 0x08, 0x00, 0xfc, 0xff, 0x08, 0x00, 0xfd, 0xff, 0x07, 0x00,
  0xfe, 0xff, 0x05, 0x00, 0xfe, 0xff, 0x04, 0x00, 0xff, 0xff, 0x04, 0x00,
  0xfe, 0xff, 0x03, 0x00, 0xfe, 0xff, 0x04, 0x00, 0x00, 0x00, 0x05, 0x00,
  0x01, 0x00, 0x06, 0x00, 0x02, 0x00, 0x05, 0x00, 0x02, 0x00, 0x03, 0x00,
  0x01, 0x00, 0x00, 0x00, 0x00, 0x00, 0xfe, 0xff, 0x00, 0x00, 0xfd, 0xff,
  0x00, 0x00, 0xfc, 0xff, 0xff, 0xff, 0xfc, 0xff, 0xff, 0xff, 0xfb, 0xff,
  0xff, 0xff, 0xfa, 0xff, 0xff, 0xff, 0xf9, 0xff, 0xff, 0xff, 0xf9, 0xff,
  0xfe, 0xff, 0xfa, 0xff, 0xfe, 0xff, 0xfb, 0xff, 0xfe, 0xff, 0xfa, 0xff,
  0xff, 0xff, 0xf9, 0xff, 0x00, 0x00, 0xf8, 0xff, 0x00, 0x00, 0xf8, 0xff,
  0xff, 0xff, 0xfa, 0xff, 0xfe, 0xff, 0xfb, 0xff, 0xfe, 0xff, 0xfc, 0xff,
  0xfe, 0xff, 0xfc, 0xff, 0xfe, 0xff, 0xfd, 0xff, 0xfe, 0xff, 0xff, 0xff,
  0xfe, 0xff, 0x01, 0x00, 0xfe, 0xff, 0x02, 0x00, 0xfe, 0xff, 0x03, 0x00,
  0xfe, 0xff, 0x03, 0x00, 0xfd, 0xff, 0x03, 0x00, 0xfd, 0xff, 0x04, 0x00,
  0xfd, 0xff, 0x05, 0x00, 0xfd, 0xff, 0x05, 0x00, 0xfe, 0xff, 0x05, 0x00,
  0xff, 0xff, 0x06, 0x00, 0xff, 0xff, 0x08, 0x00, 0xff, 0xff, 0x08, 0x00,
  0xfe, 0xff, 0x08, 0x00, 0xff, 0xff, 0x07, 0x00, 0x00, 0x00, 0x05, 0x00,
  0x02, 0x00, 0x04, 0x00, 0x03, 0x00, 0x03, 0x00, 0x03, 0x00, 0x02, 0x00,
  0x03, 0x00, 0x00, 0x00, 0x02, 0x00, 0xff, 0xff, 0x02, 0x00, 0x00, 0x00,
  0x03, 0x00, 0x01, 0x00, 0x04, 0x00, 0x00, 0x00, 0x04, 0x00, 0xff, 0xff,
  0x03, 0x00, 0xfd, 0xff, 0x02, 0x00, 0xfc, 0xff, 0x01, 0x00, 0xfc, 0xff,
  0x01, 0x00, 0xfc, 0xff, 0x02, 0x00, 0xfb, 0xff, 0x03, 0x00, 0xfc, 0xff,
  0x03, 0x00, 0xfd, 0xff, 0x01, 0x00, 0xfe, 0xff, 0xff, 0xff, 0xff, 0xff,
  0xfe, 0xff, 0xff, 0xff, 0xff, 0xff, 0xfe, 0xff, 0x00, 0x00, 0xfd, 0xff,
  0x01, 0x00, 0xfd, 0xff, 0x00, 0x00, 0xfd, 0xff, 0xff, 0xff, 0xfc, 0xff,
  0xff, 0xff, 0xfc, 0xff, 0xff, 0xff, 0xfd, 0xff, 0xff, 0xff, 0xff, 0xff,
  0xff, 0xff, 0x00, 0x00, 0xff, 0xff, 0xff, 0xff, 0xff, 0xff, 0xfe, 0xff,
  0xff, 0xff, 0xfd, 0xff, 0xfe, 0xff, 0xfd, 0xff, 0xfd, 0xff, 0xfd, 0xff,
  0xfb, 0xff, 0xfc, 0xff, 0xfa, 0xff, 0xfb, 0xff, 0xf9, 0xff, 0xfb, 0xff,
  0xf9, 0xff, 0xfe, 0xff, 0xfa, 0xff, 0x00, 0x00, 0xfb, 0xff, 0x01, 0x00,
  0xfd, 0xff, 0x00, 0x00, 0x00, 0x00, 0xff, 0xff, 0x01, 0x00, 0xfe, 0xff,
  0x00, 0x00, 0xfe, 0xff, 0xff, 0xff, 0xfe, 0xff, 0xfe, 0xff, 0xfe, 0xff,
  0xfe, 0xff, 0xfe, 0xff, 0xff, 0xff, 0x00, 0x00, 0x00, 0x00, 0x02, 0x00,
  0xff, 0xff, 0x05, 0x00, 0xff, 0xff, 0x06, 0x00, 0x00, 0x00, 0x06, 0x00,
  0x02, 0x00, 0x07, 0x00, 0x03, 0x00, 0x07, 0x00, 0x03, 0x00, 0x08, 0x00,
  0x02, 0x00, 0x07, 0x00, 0x02, 0x00, 0x05, 0x00, 0x03, 0x00, 0x04, 0x00,
  0x05, 0x00, 0x03, 0x00, 0x07, 0x00, 0x04, 0x00, 0x08, 0x00, 0x04, 0x00,
  0x08, 0x00, 0x05, 0x00, 0x07, 0x00, 0x05, 0x00, 0x06, 0x00, 0x05, 0x00,
  0x04, 0x00, 0x04, 0x00, 0x03, 0x00, 0x03, 0x00, 0x03, 0x00, 0x01, 0x00,
  0x04, 0x00, 0xff, 0xff, 0x03, 0x00, 0xfe, 0xff, 0x03, 0x00, 0xfe, 0xff,
  0x02, 0x00, 0xfe, 0xff, 0x01, 0x00, 0xfe, 0xff, 0x02, 0x00, 0xfe, 0xff,
  0x01, 0x00, 0x00, 0x00, 0x00, 0x00, 0x01, 0x00, 0xff, 0xff, 0x01, 0x00,
  0xfd, 0xff, 0xff, 0xff, 0xfc, 0xff, 0xfc, 0xff, 0xfa, 0xff, 0xfb, 0xff,
  0xf9, 0xff, 0xfc, 0xff, 0xf8, 0xff, 0xfd, 0xff, 0xf7, 0xff, 0xff, 0xff,
  0xf9, 0xff, 0x02, 0x00, 0xfb, 0xff, 0x04, 0x00, 0xfe, 0xff, 0x04, 0x00,
  0x00, 0x00, 0x02, 0x00, 0x00, 0x00, 0x00, 0x00, 0x01, 0x00, 0xff, 0xff,
  0x00, 0x00, 0xfe, 0xff, 0xff, 0xff, 0xff, 0xff, 0xfe, 0xff, 0xff, 0xff,
  0xfe, 0xff, 0xfe, 0xff, 0xff, 0xff, 0xfd, 0xff, 0x00, 0x00, 0xfc, 0xff,
  0x00, 0x00, 0xfd, 0xff, 0x00, 0x00, 0xfe, 0xff, 0x01, 0x00, 0xfe, 0xff,
  0x02, 0x00, 0xfc, 0xff, 0x05, 0x00, 0xfb, 0xff, 0x06, 0x00, 0xfb, 0xff,
  0x06, 0x00, 0xfd, 0xff, 0x05, 0x00, 0xff, 0xff, 0x03, 0x00, 0xff, 0xff,
  0x02, 0x00, 0xfe, 0xff, 0x03, 0x00, 0xfd, 0xff, 0x04, 0x00, 0xfd, 0xff,
  0x05, 0x00, 0xfd, 0xff, 0x06, 0x00, 0xff, 0xff, 0x06, 0x00, 0x00, 0x00,
  0x05, 0x00, 0x01, 0x00, 0x03, 0x00, 0x02, 0x00, 0x01, 0x00, 0x03, 0x00,
  0x00, 0x00, 0x05, 0x00, 0x01, 0x00, 0x07, 0x00, 0x01, 0x00, 0x08, 0x00,
  0x00, 0x00, 0x08, 0x00, 0xff, 0xff, 0x08, 0x00, 0xfe, 0xff, 0x06, 0x00,
  0xfe, 0xff, 0x04, 0x00, 0xff, 0xff, 0x03, 0x00, 0xff, 0xff, 0x01, 0x00,
  0xff, 0xff, 0x01, 0x00, 0xfe, 0xff, 0x01, 0x00, 0xfe, 0xff, 0x01, 0x00,
  0xfd, 0xff, 0x03, 0x00, 0xfc, 0xff, 0x03, 0x00, 0xfb, 0xff, 0x02, 0x00,
  0xfb, 0xff, 0x00, 0x00, 0xfb, 0xff, 0xff, 0xff, 0xfd, 0xff, 0xfe, 0xff,
  0xfe, 0xff, 0xfd, 0xff, 0xfe, 0xff, 0xfb, 0xff, 0xfe, 0xff, 0xfa, 0xff,
  0xfd, 0xff, 0xfa, 0xff, 0xfd, 0xff, 0xfa, 0xff, 0xfb, 0xff, 0xfc, 0xff,
  0xfa, 0xff, 0xfd, 0xff, 0xfa, 0xff, 0xfd, 0xff, 0xfb, 0xff, 0xfc, 0xff,
  0xfb, 0xff, 0xfd, 0xff, 0xfb, 0xff, 0xfd, 0xff, 0xfa, 0xff, 0xfe, 0xff,
  0xfa, 0xff, 0xff, 0xff, 0xfb, 0xff, 0xff, 0xff, 0xfe, 0xff, 0xff, 0xff,
  0x02, 0x00, 0x00, 0x00, 0x03, 0x00, 0x00, 0x00, 0x04, 0x00, 0xff, 0xff,
  0x03, 0x00, 0xff, 0xff, 0x03, 0x00, 0xfe, 0xff, 0x04, 0x00, 0xfe, 0xff,
  0x06, 0x00, 0xfe, 0xff, 0x07, 0x00, 0xfd, 0xff, 0x07, 0x00, 0xfd, 0xff,
  0x06, 0x00, 0xfd, 0xff, 0x05, 0x00, 0xfe, 0xff, 0x03, 0x00, 0xff, 0xff,
  0x03, 0x00, 0x01, 0x00, 0x04, 0x00, 0x03, 0x00, 0x06, 0x00, 0x03, 0x00,
  0x06, 0x00, 0x02, 0x00, 0x05, 0x00, 0x02, 0x00, 0x03, 0x00, 0x02, 0x00,
  0x01, 0x00, 0x02, 0x00, 0xff, 0xff, 0x02, 0x00, 0xfe, 0xff, 0x01, 0x00,
  0xfd, 0xff, 0x00, 0x00, 0xfc, 0xff, 0x00, 0x00, 0xfb, 0xff, 0x00, 0x00,
  0xfb, 0xff, 0x02, 0x00, 0xfc, 0xff, 0x03, 0x00, 0xfb, 0xff, 0x03, 0x00,
  0xfa, 0xff, 0x03, 0x00, 0xfa, 0xff, 0x02, 0x00, 0xfb, 0xff, 0x02, 0x00,
  0xfd, 0xff, 0x01, 0x00, 0xfe, 0xff, 0x00, 0x00, 0xfd, 0xff, 0xfe, 0xff,
  0xfb, 0xff, 0xfc, 0xff, 0xfb, 0xff, 0xfc, 0xff, 0xfc, 0xff, 0xfc, 0xff,
  0xfe, 0xff, 0xfd, 0xff, 0xfe, 0xff, 0xfd, 0xff, 0xfe, 0xff, 0xfe, 0xff,
  0xfe, 0xff, 0xfe, 0xff, 0xfe, 0xff, 0xff, 0xff, 0x00, 0x00, 0x00, 0x00,
  0x01, 0x00, 0x01, 0x00, 0x02, 0x00, 0x02, 0x00, 0x04, 0x00, 0x02, 0x00,
  0x06, 0x00, 0x02, 0x00, 0x07, 0x00, 0x03, 0x00, 0x07, 0x00, 0x03, 0x00,
  0x06, 0x00, 0x03, 0x00, 0x05, 0x00, 0x03, 0x00, 0x06, 0x00, 0x04, 0x00,
  0x06, 0x00, 0x03, 0x00, 0x06, 0x00, 0x03, 0x00, 0x05, 0x00, 0x02, 0x00,
  0x04, 0x00, 0x02, 0x00, 0x04, 0x00, 0x02, 0x00, 0x04, 0x00, 0x02, 0x00,
  0x04, 0x00, 0x02, 0x00, 0x04, 0x00, 0x02, 0x00, 0x03, 0x00, 0x02, 0x00,
  0x02, 0x00, 0x02, 0x00, 0x00, 0x00, 0x02, 0x00, 0xfd, 0xff, 0x03, 0x00,
  0xfb, 0xff, 0x04, 0x00, 0xfa, 0xff, 0x04, 0x00, 0xfb, 0xff, 0x03, 0x00,
  0xfc, 0xff, 0x02, 0x00, 0xfd, 0xff, 0x01, 0x00, 0xfd, 0xff, 0x01, 0x00,
  0xfc, 0xff, 0x01, 0x00, 0xfb, 0xff, 0x03, 0x00, 0xfb, 0xff, 0x03, 0x00,
  0xfc, 0xff, 0x03, 0x00, 0xfc, 0xff, 0x02, 0x00, 0xfc, 0xff, 0x01, 0x00,
  0xfc, 0xff, 0x01, 0x00, 0xfd, 0xff, 0x00, 0x00, 0x00, 0x00, 0xfe, 0xff,
  0x01, 0x00, 0xfc, 0xff, 0x01, 0x00, 0xfb, 0xff, 0x00, 0x00, 0xfb, 0xff,
  0x00, 0x00, 0xfc, 0xff, 0x00, 0x00, 0xfd, 0xff, 0xff, 0xff, 0xfd, 0xff,
  0xfe, 0xff, 0xfc, 0xff, 0xfc, 0xff, 0xfc, 0xff, 0xfc, 0xff, 0xfc, 0xff,
  0xfd, 0xff, 0xfd, 0xff, 0xfe, 0xff, 0xfd, 0xff, 0x00, 0x00, 0xfd, 0xff,
  0x02, 0x00, 0xfd, 0xff, 0x02, 0x00, 0xfc, 0xff, 0x03, 0x00, 0xfc, 0xff,
  0x04, 0x00, 0xfc, 0xff, 0x03, 0x00, 0xfc, 0xff, 0x02, 0x00, 0xfb, 0xff,
  0x00, 0x00, 0xfb, 0xff, 0xff, 0xff, 0xfc, 0xff, 0xff, 0xff, 0xfc, 0xff,
  0xff, 0xff, 0xfd, 0xff, 0x00, 0x00, 0xfe, 0xff, 0x00, 0x00, 0xff, 0xff,
  0x01, 0x00, 0x00, 0x00, 0x03, 0x00, 0x01, 0x00, 0x03, 0x00, 0x02, 0x00,
  0x04, 0x00, 0x02, 0x00, 0x03, 0x00, 0x02, 0x00, 0x02, 0x00, 0x02, 0x00,
  0x02, 0x00, 0x03, 0x00, 0x02, 0x00, 0x02, 0x00, 0x03, 0x00, 0x02, 0x00,
  0x04, 0x00, 0x01, 0x00, 0x04, 0x00, 0x00, 0x00, 0x03, 0x00, 0x01, 0x00,
  0x03, 0x00, 0x02, 0x00, 0x03, 0x00, 0x03, 0x00, 0x02, 0x00, 0x03, 0x00,
  0x01, 0x00, 0x04, 0x00, 0x00, 0x00, 0x03, 0x00, 0x00, 0x00, 0x02, 0x00,
  0x00, 0x00, 0x02, 0x00, 0xff, 0xff, 0x01, 0x00, 0xfe, 0xff, 0x00, 0x00,
  0xfd, 0xff, 0x00, 0x00, 0xfd, 0xff, 0x00, 0x00, 0xfc, 0xff, 0x01, 0x00,
  0xfc, 0xff, 0x01, 0x00, 0xfb, 0xff, 0x01, 0x00, 0xfb, 0xff, 0x01, 0x00,
  0xfb, 0xff, 0x02, 0x00, 0xfb, 0xff, 0x02, 0x00, 0xfa, 0xff, 0x02, 0x00,
  0xf9, 0xff, 0x02, 0x00, 0xf9, 0xff, 0x02, 0x00, 0xfb, 0xff, 0x02, 0x00,
  0xfe, 0xff, 0x02, 0x00, 0xff, 0xff, 0x01, 0x00, 0xff, 0xff, 0x00, 0x00,
  0xfd, 0xff, 0x00, 0x00, 0xfc, 0xff, 0xfe, 0xff, 0xfd, 0xff, 0xfd, 0xff,
  0xff, 0xff, 0xfc, 0xff, 0x00, 0x00, 0xfc, 0xff, 0x00, 0x00, 0xfc, 0xff,
  0x00, 0x00, 0xfd, 0xff, 0x01, 0x00, 0xfd, 0xff, 0x03, 0x00, 0xfe, 0xff,
  0x05, 0x00, 0xfe, 0xff, 0x05, 0x00, 0xff, 0xff, 0x04, 0x00, 0x00, 0x00,
  0x03, 0x00, 0x02, 0x00, 0x03, 0x00, 0x03, 0x00, 0x03, 0x00, 0x02, 0x00,
  0x02, 0x00, 0x00, 0x00, 0x02, 0x00, 0x00, 0x00, 0x02, 0x00, 0x00, 0x00,
  0x03, 0x00, 0x01, 0x00, 0x04, 0x00, 0x02, 0x00, 0x04, 0x00, 0x01, 0x00,
  0x03, 0x00, 0xff, 0xff, 0x01, 0x00, 0xfe, 0xff, 0x00, 0x00, 0xff, 0xff,
  0xfe, 0xff, 0x01, 0x00, 0xfd, 0xff, 0x03, 0x00, 0xfb, 0xff, 0x04, 0x00,
  0xfb, 0xff, 0x03, 0x00, 0xfd, 0xff, 0x02, 0x00, 0xfe, 0xff, 0x01, 0x00,
  0xfe, 0xff, 0x00, 0x00, 0xfe, 0xff, 0xff, 0xff, 0xfe, 0xff, 0xfe, 0xff,
  0xff, 0xff, 0xfe, 0xff, 0x02, 0x00, 0xfe, 0xff, 0x03, 0x00, 0xfe, 0xff,
  0x03, 0x00, 0xfe, 0xff, 0x02, 0x00, 0x00, 0x00, 0x02, 0x00, 0x01, 0x00,
  0x02, 0x00, 0x02, 0x00, 0x03, 0x00, 0x01, 0x00, 0x04, 0x00, 0xfe, 0xff,
  0x03, 0x00, 0xfc, 0xff, 0x02, 0x00, 0xfc, 0xff, 0x02, 0x00, 0xfb, 0xff,
  0x03, 0x00, 0xfb, 0xff, 0x03, 0x00, 0xfb, 0xff, 0x03, 0x00, 0xfa, 0xff,
  0x02, 0x00, 0xfa, 0xff, 0x02, 0x00, 0xfb, 0xff, 0x01, 0x00, 0xfe, 0xff,
  0x00, 0x00, 0x01, 0x00, 0xff, 0xff, 0x02, 0x00, 0xfe, 0xff, 0x03, 0x00,
  0xfd, 0xff, 0x04, 0x00, 0xfe, 0xff, 0x05, 0x00, 0xff, 0xff, 0x05, 0x00,
  0x00, 0x00, 0x04, 0x00, 0x01, 0x00, 0x03, 0x00, 0x01, 0x00, 0x02, 0x00,
  0x00, 0x00, 0x02, 0x00, 0xfe, 0xff, 0x02, 0x00, 0xfc, 0xff, 0x03, 0x00,
  0xfb, 0xff, 0x03, 0x00, 0xfb, 0xff, 0x04, 0x00, 0xfb, 0xff, 0x04, 0x00,
  0xfb, 0xff, 0x04, 0x00, 0xfb, 0xff, 0x03, 0x00, 0xfb, 0xff, 0x02, 0x00,
  0xfc, 0xff, 0x01, 0x00, 0xfd, 0xff, 0x01, 0x00, 0xfd, 0xff, 0x01, 0x00,
  0xfe, 0xff, 0x02, 0x00, 0xfe, 0xff, 0x02, 0x00, 0xff, 0xff, 0x00, 0x00,
  0xff, 0xff, 0xff, 0xff, 0x00, 0x00, 0xfe, 0xff, 0x02, 0x00, 0xfe, 0xff,
  0x03, 0x00, 0xff, 0xff, 0x05, 0x00, 0xff, 0xff, 0x06, 0x00, 0xfe, 0xff,
  0x06, 0x00, 0xfd, 0xff, 0x06, 0x00, 0xfe, 0xff, 0x05, 0x00, 0xff, 0xff,
  0x04, 0x00, 0x01, 0x00, 0x03, 0x00, 0x01, 0x00, 0x03, 0x00, 0xff, 0xff,
  0x02, 0x00, 0xfe, 0xff, 0x02, 0x00, 0xfd, 0xff, 0x01, 0x00, 0xfe, 0xff,
  0x01, 0x00, 0xff, 0xff, 0x00, 0x00, 0xff, 0xff, 0xff, 0xff, 0xfe, 0xff,
  0x00, 0x00, 0xfd, 0xff, 0x00, 0x00, 0xfd, 0xff, 0x00, 0x00, 0xfe, 0xff,
  0xfe, 0xff, 0x00, 0x00, 0xfe, 0xff, 0x01, 0x00, 0xfe, 0xff, 0x02, 0x00,
  0xff, 0xff, 0x02, 0x00, 0x00, 0x00, 0x03, 0x00, 0x01, 0x00, 0x03, 0x00,
  0x01, 0x00, 0x03, 0x00, 0x02, 0x00, 0x02, 0x00, 0x02, 0x00, 0x02, 0x00,
  0x02, 0x00, 0x01, 0x00, 0x01, 0x00, 0x01, 0x00, 0x00, 0x00, 0x00, 0x00,
  0xff, 0xff, 0x00, 0x00, 0xff, 0xff, 0x01, 0x00, 0x00, 0x00, 0x01, 0x00,
  0x00, 0x00, 0x01, 0x00, 0xff, 0xff, 0x01, 0x00, 0xfe, 0xff, 0x01, 0x00,
  0xfe, 0xff, 0x01, 0x00, 0xfe, 0xff, 0x01, 0x00, 0xff, 0xff, 0x01, 0x00,
  0xfe, 0xff, 0x01, 0x00, 0xfe, 0xff, 0x00, 0x00, 0xfe, 0xff, 0xff, 0xff,
  0xfe, 0xff, 0xfe, 0xff, 0xfe, 0xff, 0xfe, 0xff, 0xfe, 0xff, 0xfe, 0xff,
  0xff, 0xff, 0xfe, 0xff, 0xff, 0xff, 0xff, 0xff, 0xff, 0xff, 0xff, 0xff,
  0xff, 0xff, 0xff, 0xff, 0xff, 0xff, 0x00, 0x00, 0xff, 0xff, 0x00, 0x00,
  0xff, 0xff, 0x02, 0x00, 0x00, 0x00, 0x02, 0x00, 0x00, 0x00, 0x01, 0x00,
  0x00, 0x00, 0x00, 0x00, 0xff, 0xff, 0xff, 0xff, 0x00, 0x00, 0xff, 0xff,
  0x01, 0x00, 0xff, 0xff, 0x03, 0x00, 0xff, 0xff, 0x04, 0x00, 0xfe, 0xff,
  0x05, 0x00, 0xfd, 0xff, 0x05, 0x00, 0xfd, 0xff, 0x05, 0x00, 0xfe, 0xff,
  0x04, 0x00, 0x00, 0x00, 0x03, 0x00, 0x01, 0x00, 0x02, 0x00, 0x01, 0x00,
  0x02, 0x00, 0x01, 0x00, 0x02, 0x00, 0x00, 0x00, 0x02, 0x00, 0xff, 0xff,
  0x03, 0x00, 0xfe, 0xff, 0x04, 0x00, 0xfc, 0xff, 0x05, 0x00, 0xfb, 0xff,
  0x05, 0x00, 0xfc, 0xff, 0x04, 0x00, 0xfc, 0xff, 0x01, 0x00, 0xfd, 0xff,
  0xff, 0xff, 0xfd, 0xff, 0xfd, 0xff, 0xfd, 0xff, 0xfe, 0xff, 0xfe, 0xff,
  0xfe, 0xff, 0x00, 0x00, 0xfe, 0xff, 0x02, 0x00, 0xfc, 0xff, 0x04, 0x00,
  0xfb, 0xff, 0x04, 0x00, 0xfb, 0xff, 0x04, 0x00, 0xfc, 0xff, 0x04, 0x00,
  0xfd, 0xff, 0x05, 0x00, 0xfd, 0xff, 0x06, 0x00, 0xfc, 0xff, 0x07, 0x00,
  0xfc, 0xff, 0x07, 0x00, 0xfe, 0xff, 0x05, 0x00, 0xff, 0xff, 0x04, 0x00,
  0x01, 0x00, 0x04, 0x00, 0x01, 0x00, 0x04, 0x00, 0x01, 0x00, 0x04, 0x00,
  0x01, 0x00, 0x03, 0x00, 0x01, 0x00, 0x02, 0x00, 0xff, 0xff, 0x01, 0x00,
  0xfd, 0xff, 0x02, 0x00, 0xfa, 0xff, 0x02, 0x00, 0xf9, 0xff, 0x02, 0x00,
  0xfa, 0xff, 0x00, 0x00, 0xfc, 0xff, 0xfe, 0xff, 0xfe, 0xff, 0xfc, 0xff,
  0x00, 0x00, 0xfc, 0xff, 0x01, 0x00, 0xfb, 0xff, 0x01, 0x00, 0xfa, 0xff,
  0x01, 0x00, 0xf9, 0xff, 0x01, 0x00, 0xf9, 0xff, 0x01, 0x00, 0xfa, 0xff,
  0x01, 0x00, 0xfc, 0xff, 0x00, 0x00, 0xfc, 0xff, 0xff, 0xff, 0xfc, 0xff,
  0xfd, 0xff, 0xfc, 0xff, 0xfd, 0xff, 0xfc, 0xff, 0xfe, 0xff, 0xfc, 0xff,
  0x00, 0x00, 0xfd, 0xff, 0x01, 0x00, 0xfd, 0xff, 0x02, 0x00, 0xfd, 0xff,
  0x01, 0x00, 0xfd, 0xff, 0x01, 0x00, 0xfe, 0xff, 0x02, 0x00, 0x00, 0x00,
  0x03, 0x00, 0x00, 0x00, 0x02, 0x00, 0x01, 0x00, 0x01, 0x00, 0x01, 0x00,
  0x00, 0x00, 0x02, 0x00, 0xff, 0xff, 0x04, 0x00, 0xff, 0xff, 0x04, 0x00,
  0xff, 0xff, 0x05, 0x00, 0xfe, 0xff, 0x05, 0x00, 0xfe, 0xff, 0x04, 0x00,
  0xfe, 0xff, 0x04, 0x00, 0xfe, 0xff, 0x04, 0x00, 0xff, 0xff, 0x04, 0x00,
  0x01, 0x00, 0x04, 0x00, 0x02, 0x00, 0x03, 0x00, 0x03, 0x00, 0x03, 0x00,
  0x02, 0x00, 0x02, 0x00, 0x01, 0x00, 0x02, 0x00, 0x01, 0x00, 0x02, 0x00,
  0x01, 0x00, 0x02, 0x00, 0x03, 0x00, 0x03, 0x00, 0x04, 0x00, 0x03, 0x00,
  0x04, 0x00, 0x03, 0x00, 0x02, 0x00, 0x03, 0x00, 0x00, 0x00, 0x03, 0x00,
  0xff, 0xff, 0x02, 0x00, 0x00, 0x00, 0x01, 0x00, 0x00, 0x00, 0x01, 0x00,
  0x01, 0x00, 0x01, 0x00, 0x00, 0x00, 0x02, 0x00, 0xfe, 0xff, 0x02, 0x00,
  0xfd, 0xff, 0x01, 0x00, 0xfe, 0xff, 0x01, 0x00, 0xff, 0xff, 0x01, 0x00,
  0x00, 0x00, 0x02, 0x00, 0x00, 0x00, 0x03, 0x00, 0x00, 0x00, 0x03, 0x00,
  0xfe, 0xff, 0x02, 0x00, 0xfd, 0xff, 0x01, 0x00, 0xfc, 0xff, 0x00, 0x00,
  0xfc, 0xff, 0xff, 0xff, 0xfc, 0xff, 0xfe, 0xff, 0xfd, 0xff, 0xfe, 0xff,
  0xff, 0xff, 0xfd, 0xff, 0x00, 0x00, 0xfd, 0xff, 0x01, 0x00, 0xfd, 0xff,
  0x01, 0x00, 0xfc, 0xff, 0x01, 0x00, 0xfb, 0xff, 0x02, 0x00, 0xfb, 0xff,
  0x04, 0x00, 0xfb, 0xff, 0x04, 0x00, 0xfc, 0xff, 0x04, 0x00, 0xfc, 0xff,
  0x01, 0x00, 0xfc, 0xff, 0xfe, 0xff, 0xfb, 0xff, 0xfd, 0xff, 0xfb, 0xff,
  0xfd, 0xff, 0xfb, 0xff, 0xfd, 0xff, 0xfc, 0xff, 0xfe, 0xff, 0xfc, 0xff,
  0xff, 0xff, 0xfc, 0xff, 0x01, 0x00, 0xfc, 0xff, 0x03, 0x00, 0xfc, 0xff,
  0x04, 0x00, 0xfd, 0xff, 0x04, 0x00, 0xfe, 0xff, 0x03, 0x00, 0xff, 0xff,
  0x02, 0x00, 0x01, 0x00, 0x02, 0x00, 0x02, 0x00, 0x01, 0x00, 0x04, 0x00,
  0x00, 0x00, 0x04, 0x00, 0xff, 0xff, 0x04, 0x00, 0xff, 0xff, 0x03, 0x00,
  0x00, 0x00, 0x02, 0x00, 0x01, 0x00, 0x02, 0x00, 0x02, 0x00, 0x02, 0x00,
  0x02, 0x00, 0x03, 0x00, 0x01, 0x00, 0x04, 0x00, 0x01, 0x00, 0x06, 0x00,
  0x01, 0x00, 0x07, 0x00, 0x01, 0x00, 0x06, 0x00, 0x01, 0x00, 0x04, 0x00,
  0x00, 0x00, 0x03, 0x00, 0x01, 0x00, 0x02, 0x00, 0x01, 0x00, 0x01, 0x00,
  0x01, 0x00, 0x00, 0x00, 0xff, 0xff, 0xff, 0xff, 0xfe, 0xff, 0xfe, 0xff,
  0xfd, 0xff, 0xfe, 0xff, 0xfd, 0xff, 0xff, 0xff, 0xfd, 0xff, 0xff, 0xff,
  0xfd, 0xff, 0xff, 0xff, 0xfd, 0xff, 0xff, 0xff, 0xfe, 0xff, 0xff, 0xff,
  0xfe, 0xff, 0xff, 0xff, 0xff, 0xff, 0xfe, 0xff, 0x00, 0x00, 0xfe, 0xff,
  0x00, 0x00, 0xfe, 0xff, 0x00, 0x00, 0xfe, 0xff, 0x01, 0x00, 0xff, 0xff,
  0x01, 0x00, 0xff, 0xff, 0x00, 0x00, 0xff, 0xff, 0x00, 0x00, 0x00, 0x00,
  0xff, 0xff, 0x01, 0x00, 0x00, 0x00, 0x01, 0x00, 0x01, 0x00, 0x01, 0x00,
  0x02, 0x00, 0x01, 0x00, 0x01, 0x00, 0x01, 0x00, 0x00, 0x00, 0x01, 0x00,
  0xff, 0xff, 0x01, 0x00, 0xff, 0xff, 0x00, 0x00, 0xff, 0xff, 0x00, 0x00,
  0xff, 0xff, 0x00, 0x00, 0x00, 0x00, 0x01, 0x00, 0x01, 0x00, 0x02, 0x00,
  0x01, 0x00, 0x02, 0x00, 0x00, 0x00, 0x01, 0x00, 0x00, 0x00, 0xfe, 0xff,
  0x00, 0x00, 0xfd, 0xff, 0x01, 0x00, 0xfc, 0xff, 0x01, 0x00, 0xfc, 0xff,
  0x00, 0x00, 0xfd, 0xff, 0xff, 0xff, 0xfe, 0xff, 0xfe, 0xff, 0xff, 0xff,
  0xfe, 0xff, 0x00, 0x00, 0x01, 0x00, 0x01, 0x00, 0x02, 0x00, 0xff, 0xff,
  0x03, 0x00, 0xfe, 0xff, 0x02, 0x00, 0xfe, 0xff, 0x01, 0x00, 0xfe, 0xff,
  0x01, 0x00, 0xfe, 0xff, 0x01, 0x00, 0xfe, 0xff, 0x02, 0x00, 0xff, 0xff,
  0x01, 0x00, 0x01, 0x00, 0x01, 0x00, 0x02, 0x00, 0x01, 0x00, 0x04, 0x00,
  0x01, 0x00, 0x05, 0x00, 0x01, 0x00, 0x04, 0x00, 0x02, 0x00, 0x04, 0x00,
  0x02, 0x00, 0x04, 0x00, 0x01, 0x00, 0x06, 0x00, 0x02, 0x00, 0x06, 0x00,
  0x02, 0x00, 0x05, 0x00, 0x02, 0x00, 0x03, 0x00, 0x01, 0x00, 0x02, 0x00,
  0x00, 0x00, 0x02, 0x00, 0xfe, 0xff, 0x02, 0x00, 0xfe, 0xff, 0x02, 0x00,
  0xfe, 0xff, 0x00, 0x00, 0xfe, 0xff, 0xff, 0xff, 0xfe, 0xff, 0xfe, 0xff,
  0xfe, 0xff, 0xfe, 0xff, 0xfd, 0xff, 0xff, 0xff, 0xfc, 0xff, 0xff, 0xff,
  0xfa, 0xff, 0xff, 0xff, 0xfa, 0xff, 0xff, 0xff, 0xfb, 0xff, 0xff, 0xff,
  0xfc, 0xff, 0xff, 0xff, 0xfe, 0xff, 0xff, 0xff, 0xff, 0xff, 0xff, 0xff,
  0xff, 0xff, 0xff, 0xff, 0xff, 0xff, 0xff, 0xff, 0xff, 0xff, 0xff, 0xff,
  0x00, 0x00, 0xff, 0xff, 0x01, 0x00, 0xff, 0xff, 0x02, 0x00, 0xff, 0xff,
  0x02, 0x00, 0xff, 0xff, 0x01, 0x00, 0xff, 0xff, 0x01, 0x00, 0x00, 0x00,
  0x01, 0x00, 0x01, 0x00, 0x02, 0x00, 0x02, 0x00, 0x03, 0x00, 0x03, 0x00,
  0x02, 0x00, 0x02, 0x00, 0x02, 0x00, 0x02, 0x00, 0x01, 0x00, 0x02, 0x00,
  0x01, 0x00, 0x01, 0x00, 0x00, 0x00, 0x02, 0x00, 0x00, 0x00, 0x02, 0x00,
  0x00, 0x00, 0x02, 0x00, 0xff, 0xff, 0x02, 0x00, 0xff, 0xff, 0x01, 0x00,
  0xfe, 0xff, 0x01, 0x00, 0xfe, 0xff, 0x02, 0x00, 0xfe, 0xff, 0x02, 0x00,
  0xfe, 0xff, 0x02, 0x00, 0xfd, 0xff, 0x02, 0x00, 0xfd, 0xff, 0x01, 0x00,
  0xfd, 0xff, 0x00, 0x00, 0xfe, 0xff, 0xfe, 0xff, 0xff, 0xff, 0xfd, 0xff,
  0x00, 0x00, 0xfd, 0xff, 0xff, 0xff, 0xfd, 0xff, 0xfe, 0xff, 0xfd, 0xff,
  0xfe, 0xff, 0xfd, 0xff, 0xff, 0xff, 0xfd, 0xff, 0x00, 0x00, 0xfc, 0xff,
  0x01, 0x00, 0xfb, 0xff, 0x00, 0x00, 0xfb, 0xff, 0xff, 0xff, 0xfc, 0xff,
  0xfd, 0xff, 0xfd, 0xff, 0xfd, 0xff, 0xfd, 0xff, 0xfe, 0xff, 0xfd, 0xff,
  0x00, 0x00, 0xfc, 0xff, 0x03, 0x00, 0xfc, 0xff, 0x05, 0x00, 0xfe, 0xff,
  0x06, 0x00, 0xff, 0xff, 0x05, 0x00, 0x00, 0x00, 0x04, 0x00, 0xff, 0xff,
  0x04, 0x00, 0xff, 0xff, 0x05, 0x00, 0xff, 0xff, 0x06, 0x00, 0x00, 0x00,
  0x05, 0x00, 0x01, 0x00, 0x04, 0x00, 0x02, 0x00, 0x02, 0x00, 0x02, 0x00,
  0x01, 0x00, 0x03, 0x00, 0x01, 0x00, 0x04, 0x00, 0x02, 0x00, 0x06, 0x00,
  0x04, 0x00, 0x05, 0x00, 0x05, 0x00, 0x04, 0x00, 0x04, 0x00, 0x02, 0x00,
  0x03, 0x00, 0x01, 0x00, 0x01, 0x00, 0x01, 0x00, 0x00, 0x00, 0x01, 0x00,
  0xfe, 0xff, 0x01, 0x00, 0xfd, 0xff, 0x01, 0x00, 0xfd, 0xff, 0x01, 0x00,
  0xfc, 0xff, 0x00, 0x00, 0xfc, 0xff, 0xfe, 0xff, 0xfb, 0xff, 0xfe, 0xff,
  0xfc, 0xff, 0xff, 0xff, 0xfc, 0xff, 0x00, 0x00, 0xfd, 0xff, 0x01, 0x00,
  0xfd, 0xff, 0x02, 0x00, 0xfd, 0xff, 0x02, 0x00, 0xfe, 0xff, 0x02, 0x00,
  0xff, 0xff, 0x02, 0x00, 0xff, 0xff, 0x02, 0x00, 0x00, 0x00, 0x01, 0x00,
  0x00, 0x00, 0xff, 0xff, 0x01, 0x00, 0xfd, 0xff, 0x00, 0x00, 0xfd, 0xff,
  0x00, 0x00, 0xfe, 0xff, 0x00, 0x00, 0xff, 0xff, 0xff, 0xff, 0xfe, 0xff,
  0xff, 0xff, 0xfd, 0xff, 0xff, 0xff, 0xfe, 0xff, 0x00, 0x00, 0xff, 0xff,
  0x01, 0x00, 0x01, 0x00, 0x01, 0x00, 0x02, 0x00, 0x02, 0x00, 0x01, 0x00,
  0x02, 0x00, 0xff, 0xff, 0x02, 0x00, 0xfe, 0xff, 0x01, 0x00, 0xfe, 0xff,
  0x01, 0x00, 0xfe, 0xff, 0x00, 0x00, 0xfe, 0xff, 0x00, 0x00, 0xfd, 0xff,
  0x00, 0x00, 0xfd, 0xff, 0xff, 0xff, 0xfe, 0xff, 0xff, 0xff, 0xff, 0xff,
  0xff, 0xff, 0xff, 0xff, 0xff, 0xff, 0xff, 0xff, 0xff, 0xff, 0xff, 0xff,
  0xff, 0xff, 0xff, 0xff, 0x00, 0x00, 0xff, 0xff, 0x01, 0x00, 0xff, 0xff,
  0x01, 0x00, 0x00, 0x00, 0x01, 0x00, 0x00, 0x00, 0x01, 0x00, 0x01, 0x00,
  0x01, 0x00, 0x02, 0x00, 0x02, 0x00, 0x03, 0x00, 0x04, 0x00, 0x03, 0x00,
  0x04, 0x00, 0x02, 0x00, 0x04, 0x00, 0x01, 0x00, 0x02, 0x00, 0x00, 0x00,
  0x01, 0x00, 0xff, 0xff, 0x00, 0x00, 0x00, 0x00, 0x00, 0x00, 0x01, 0x00,
  0xff, 0xff, 0x02, 0x00, 0xff, 0xff, 0x03, 0x00, 0xff, 0xff, 0x03, 0x00,
  0xff, 0xff, 0x03, 0x00, 0x00, 0x00, 0x03, 0x00, 0x01, 0x00, 0x02, 0x00,
  0x01, 0x00, 0x02, 0x00, 0x01, 0x00, 0x00, 0x00, 0x00, 0x00, 0xff, 0xff,
  0x00, 0x00, 0xff, 0xff, 0xff, 0xff, 0x00, 0x00, 0xfe, 0xff, 0x00, 0x00,
  0xfd, 0xff, 0x00, 0x00, 0xfd, 0xff, 0xff, 0xff, 0xfe, 0xff, 0xfe, 0xff,
  0x00, 0x00, 0xfe, 0xff, 0x02, 0x00, 0x00, 0x00, 0x03, 0x00, 0x01, 0x00,
  0x02, 0x00, 0x01, 0x00, 0x01, 0x00, 0x01, 0x00, 0x01, 0x00, 0x00, 0x00,
  0x00, 0x00, 0x00, 0x00, 0x00, 0x00, 0x00, 0x00, 0x00, 0x00, 0x01, 0x00,
  0xff, 0xff, 0x00, 0x00, 0xfe, 0xff, 0xff, 0xff, 0xfd, 0xff, 0xff, 0xff,
  0xfd, 0xff, 0x00, 0x00, 0xfe, 0xff, 0x00, 0x00, 0xfe, 0xff, 0x00, 0x00,
  0xff, 0xff, 0x00, 0x00, 0x00, 0x00, 0x01, 0x00, 0x00, 0x00, 0x02, 0x00,
  0xff, 0xff, 0x04, 0x00, 0xff, 0xff, 0x05, 0x00, 0xfe, 0xff, 0x04, 0x00,
  0xff, 0xff, 0x02, 0x00, 0x00, 0x00, 0x01, 0x00, 0x01, 0x00, 0x00, 0x00,
  0x01, 0x00, 0x00, 0x00, 0x00, 0x00, 0xff, 0xff, 0xff, 0xff, 0xfe, 0xff,
  0xfe, 0xff, 0xfd, 0xff, 0xfe, 0xff, 0xfd, 0xff, 0xff, 0xff, 0xfe, 0xff,
  0xff, 0xff, 0xff, 0xff, 0xff, 0xff, 0xff, 0xff, 0xff, 0xff, 0xff, 0xff,
  0xfe, 0xff, 0x00, 0x00, 0xff, 0xff, 0x00, 0x00, 0xff, 0xff, 0x00, 0x00,
  0x00, 0x00, 0x00, 0x00, 0x01, 0x00, 0xff, 0xff, 0x02, 0x00, 0xfe, 0xff,
  0x02, 0x00, 0xfe, 0xff, 0x02, 0x00, 0xff, 0xff, 0x02, 0x00, 0xff, 0xff,
  0x02, 0x00, 0xfe, 0xff, 0x02, 0x00, 0xfd, 0xff, 0x02, 0x00, 0xfc, 0xff,
  0x02, 0x00, 0xfc, 0xff, 0x02, 0x00, 0xfd, 0xff, 0x01, 0x00, 0xfe, 0xff,
  0x01, 0x00, 0xfe, 0xff, 0x00, 0x00, 0xff, 0xff, 0x00, 0x00, 0x00, 0x00,
  0x00, 0x00, 0x00, 0x00, 0xff, 0xff, 0x00, 0x00, 0x00, 0x00, 0x00, 0x00,
  0x00, 0x00, 0x00, 0x00, 0x00, 0x00, 0xff, 0xff, 0x00, 0x00, 0xfe, 0xff,
  0xff, 0xff, 0xfd, 0xff, 0xff, 0xff, 0xfd, 0xff, 0x00, 0x00, 0xfd, 0xff,
  0x00, 0x00, 0xff, 0xff, 0x01, 0x00, 0x00, 0x00, 0x01, 0x00, 0x01, 0x00,
  0x02, 0x00, 0x02, 0x00, 0x03, 0x00, 0x04, 0x00, 0x02, 0x00, 0x04, 0x00,
  0x02, 0x00, 0x04, 0x00, 0x01, 0x00, 0x02, 0x00, 0x01, 0x00, 0x01, 0x00,
  0x02, 0x00, 0x00, 0x00, 0x02, 0x00, 0x01, 0x00, 0x01, 0x00, 0x02, 0x00,
  0xff, 0xff, 0x01, 0x00, 0xfe, 0xff, 0x01, 0x00, 0xfe, 0xff, 0x00, 0x00,
  0x00, 0x00, 0x01, 0x00, 0x01, 0x00, 0x02, 0x00, 0x00, 0x00, 0x02, 0x00,
  0xff, 0xff, 0x02, 0x00, 0xfe, 0xff, 0x02, 0x00, 0xfe, 0xff, 0x02, 0x00,
  0xfe, 0xff, 0x03, 0x00, 0xff, 0xff, 0x04, 0x00, 0x00, 0x00, 0x03, 0x00,
  0x01, 0x00, 0x01, 0x00, 0x02, 0x00, 0x00, 0x00, 0x02, 0x00, 0xff, 0xff,
  0x01, 0x00, 0xfe, 0xff, 0x00, 0x00, 0xfc, 0xff, 0xff, 0xff, 0xfb, 0xff,
  0xff, 0xff, 0xfb, 0xff, 0xfe, 0xff, 0xfc, 0xff, 0xfe, 0xff, 0xfd, 0xff,
  0xfe, 0xff, 0xfe, 0xff, 0xfe, 0xff, 0xfe, 0xff, 0xfe, 0xff, 0xff, 0xff,
  0xff, 0xff, 0x00, 0x00, 0xff, 0xff, 0x01, 0x00, 0x00, 0x00, 0x00, 0x00,
  0x00, 0x00, 0x00, 0x00, 0x01, 0x00, 0xff, 0xff, 0x00, 0x00, 0xff, 0xff,
  0x00, 0x00, 0xff, 0xff, 0xff, 0xff, 0x00, 0x00, 0x00, 0x00, 0x00, 0x00,
  0x01, 0x00, 0x00, 0x00, 0x02, 0x00, 0x01, 0x00, 0x03, 0x00, 0x03, 0x00,
  0x03, 0x00, 0x04, 0x00, 0x03, 0x00, 0x04, 0x00, 0x03, 0x00, 0x03, 0x00,
  0x03, 0x00, 0x02, 0x00, 0x03, 0x00, 0x01, 0x00, 0x02, 0x00, 0x00, 0x00,
  0x01, 0x00, 0x00, 0x00, 0x01, 0x00, 0x00, 0x00, 0x01, 0x00, 0xff, 0xff,
  0x01, 0x00, 0xfe, 0xff, 0x00, 0x00, 0xfe, 0xff, 0xff, 0xff, 0xfe, 0xff,
  0xfe, 0xff, 0xff, 0xff, 0xff, 0xff, 0x00, 0x00, 0xfe, 0xff, 0x00, 0x00,
  0xfc, 0xff, 0xff, 0xff, 0xfa, 0xff, 0xff, 0xff, 0xf8, 0xff, 0xff, 0xff,
  0xf9, 0xff, 0x00, 0x00, 0xfb, 0xff, 0x01, 0x00, 0xfd, 0xff, 0x01, 0x00,
  0xfe, 0xff, 0x01, 0x00, 0xfd, 0xff, 0x00, 0x00, 0xfd, 0xff, 0x00, 0x00,
  0xfd, 0xff, 0x01, 0x00, 0xfd, 0xff, 0x01, 0x00, 0xfd, 0xff, 0x00, 0x00,
  0xfe, 0xff, 0x00, 0x00, 0xfe, 0xff, 0x00, 0x00, 0xff, 0xff, 0x00, 0x00,
  0xff, 0xff, 0x01, 0x00, 0xff, 0xff, 0x01, 0x00, 0xff, 0xff, 0x01, 0x00,
  0x00, 0x00, 0x01, 0x00, 0x01, 0x00, 0x02, 0x00, 0x02, 0x00, 0x03, 0x00,
  0x02, 0x00, 0x04, 0x00, 0x03, 0x00, 0x04, 0x00, 0x03, 0x00, 0x04, 0x00,
  0x04, 0x00, 0x03, 0x00, 0x04, 0x00, 0x02, 0x00, 0x04, 0x00, 0x02, 0x00,
  0x03, 0x00, 0x01, 0x00, 0x03, 0x00, 0x01, 0x00, 0x03, 0x00, 0x01, 0x00,
  0x03, 0x00, 0x02, 0x00, 0x03, 0x00, 0x02, 0x00, 0x02, 0x00, 0x02, 0x00,
  0x01, 0x00, 0x00, 0x00, 0x01, 0x00, 0xff, 0xff, 0x02, 0x00, 0xff, 0xff,
  0x02, 0x00, 0xff, 0xff, 0x01, 0x00, 0xff, 0xff, 0x01, 0x00, 0xfe, 0xff,
  0x00, 0x00, 0xfd, 0xff, 0x00, 0x00, 0xfc, 0xff, 0x00, 0x00, 0xfc, 0xff,
  0x00, 0x00, 0xfd, 0xff, 0x01, 0x00, 0xff, 0xff, 0x02, 0x00, 0xff, 0xff,
  0x03, 0x00, 0xff, 0xff, 0x03, 0x00, 0xfe, 0xff, 0x01, 0x00, 0xfd, 0xff,
  0x00, 0x00, 0xfc, 0xff, 0xff, 0xff, 0xfc, 0xff, 0x00, 0x00, 0xfc, 0xff,
  0x01, 0x00, 0xfc, 0xff, 0x01, 0x00, 0xfd, 0xff, 0xff, 0xff, 0xfd, 0xff,
  0xfe, 0xff, 0xfe, 0xff, 0xfd, 0xff, 0xfe, 0xff, 0xfd, 0xff, 0xff, 0xff,
  0xfd, 0xff, 0x00, 0x00, 0xfd, 0xff, 0x01, 0x00, 0xfc, 0xff, 0x01, 0x00,
  0xfc, 0xff, 0x01, 0x00, 0xfb, 0xff, 0x01, 0x00, 0xfb, 0xff, 0x01, 0x00,
  0xfa, 0xff, 0x01, 0x00, 0xfb, 0xff, 0x01, 0x00, 0xfd, 0xff, 0x02, 0x00,
  0xfe, 0xff, 0x02, 0x00, 0xfe, 0xff, 0x03, 0x00, 0xfd, 0xff, 0x03, 0x00,
  0xfd, 0xff, 0x03, 0x00, 0xfd, 0xff, 0x02, 0x00, 0xfe, 0xff, 0x00, 0x00,
  0xff, 0xff, 0xff, 0xff, 0x00, 0x00, 0xff, 0xff, 0xff, 0xff, 0xff, 0xff,
  0xfe, 0xff, 0x00, 0x00, 0xfe, 0xff, 0x01, 0x00, 0xfe, 0xff, 0x01, 0x00,
  0xff, 0xff, 0x01, 0x00, 0x01, 0x00, 0x01, 0x00, 0x01, 0x00, 0x00, 0x00,
  0x02, 0x00, 0xff, 0xff, 0x02, 0x00, 0xff, 0xff, 0x02, 0x00, 0xff, 0xff,
  0x02, 0x00, 0xfe, 0xff, 0x03, 0x00, 0xff, 0xff, 0x04, 0x00, 0xff, 0xff,
  0x04, 0x00, 0x00, 0x00, 0x03, 0x00, 0x01, 0x00, 0x03, 0x00, 0x02, 0x00,
  0x03, 0x00, 0x02, 0x00, 0x03, 0x00, 0x02, 0x00, 0x03, 0x00, 0x01, 0x00,
  0x03, 0x00, 0xff, 0xff, 0x01, 0x00, 0xfe, 0xff, 0x00, 0x00, 0xfd, 0xff,
  0x00, 0x00, 0xfd, 0xff, 0x00, 0x00, 0xfe, 0xff, 0x00, 0x00, 0xfe, 0xff,
  0xff, 0xff, 0xff, 0xff, 0xfe, 0xff, 0xff, 0xff, 0xfd, 0xff, 0xff, 0xff,
  0xfe, 0xff, 0x00, 0x00, 0xfe, 0xff, 0x00, 0x00, 0xff, 0xff, 0x00, 0x00,
  0xff, 0xff, 0xff, 0xff, 0xff, 0xff, 0xff, 0xff, 0xff, 0xff, 0x00, 0x00,
  0x00, 0x00, 0x01, 0x00, 0x01, 0x00, 0x02, 0x00, 0x01, 0x00, 0x02, 0x00,
  0x01, 0x00, 0x02, 0x00, 0x01, 0x00, 0x02, 0x00, 0x01, 0x00, 0x02, 0x00,
  0x01, 0x00, 0x02, 0x00, 0x01, 0x00, 0x01, 0x00, 0x01, 0x00, 0x01, 0x00,
  0x01, 0x00, 0x01, 0x00, 0x02, 0x00, 0x02, 0x00, 0x02, 0x00, 0x02, 0x00,
  0x03, 0x00, 0x02, 0x00, 0x02, 0x00, 0x02, 0x00, 0x02, 0x00, 0x02, 0x00,
  0x02, 0x00, 0x02, 0x00, 0x02, 0x00, 0x01, 0x00, 0x02, 0x00, 0x00, 0x00,
  0x01, 0x00, 0xff, 0xff, 0x00, 0x00, 0xff, 0xff, 0x00, 0x00, 0x00, 0x00,
  0x00, 0x00, 0x01, 0x00, 0x00, 0x00, 0x01, 0x00, 0x00, 0x00, 0x01, 0x00,
  0x00, 0x00, 0x00, 0x00, 0xff, 0xff, 0x00, 0x00, 0x00, 0x00, 0xff, 0xff,
  0x00, 0x00, 0xff, 0xff, 0x00, 0x00, 0xfe, 0xff, 0xff, 0xff, 0xfe, 0xff,
  0xfe, 0xff, 0xfd, 0xff, 0xfe, 0xff, 0xfe, 0xff, 0xfe, 0xff, 0xfe, 0xff,
  0xff, 0xff, 0xff, 0xff, 0x00, 0x00, 0xff, 0xff, 0x00, 0x00, 0xff, 0xff,
  0x00, 0x00, 0xff, 0xff, 0x00, 0x00, 0xff, 0xff, 0x00, 0x00, 0xff, 0xff,
  0x01, 0x00, 0xfe, 0xff, 0x01, 0x00, 0xfe, 0xff, 0x02, 0x00, 0xfe, 0xff,
  0x02, 0x00, 0xfe, 0xff, 0x02, 0x00, 0xfd, 0xff, 0x01, 0x00, 0xfd, 0xff,
  0x01, 0x00, 0xfd, 0xff, 0x02, 0x00, 0xfe, 0xff, 0x02, 0x00, 0xff, 0xff,
  0x02, 0x00, 0x00, 0x00, 0x01, 0x00, 0xfe, 0xff, 0x00, 0x00, 0xfd, 0xff,
  0xff, 0xff, 0xfc, 0xff, 0xfe, 0xff, 0xfd, 0xff, 0xfe, 0xff, 0xfe, 0xff,
  0xfd, 0xff, 0xff, 0xff, 0xfc, 0xff, 0x00, 0x00, 0xfb, 0xff, 0x01, 0x00,
  0xfb, 0xff, 0x01, 0x00, 0xfc, 0xff, 0x02, 0x00, 0xfc, 0xff, 0x03, 0x00,
  0xfc, 0xff, 0x03, 0x00, 0xfc, 0xff, 0x04, 0x00, 0xfc, 0xff, 0x03, 0x00,
  0xfc, 0xff, 0x03, 0x00, 0xfc, 0xff, 0x03, 0x00, 0xfc, 0xff, 0x03, 0x00,
  0xfc, 0xff, 0x04, 0x00, 0xfd, 0xff, 0x04, 0x00, 0xfe, 0xff, 0x04, 0x00,
  0xff, 0xff, 0x03, 0x00, 0x00, 0x00, 0x02, 0x00, 0x02, 0x00, 0x01, 0x00,
  0x03, 0x00, 0x01, 0x00, 0x04, 0x00, 0x01, 0x00, 0x05, 0x00, 0x01, 0x00,
  0x06, 0x00, 0x00, 0x00, 0x05, 0x00, 0xff, 0xff, 0x05, 0x00, 0xff, 0xff,
  0x04, 0x00, 0xff, 0xff, 0x04, 0x00, 0xff, 0xff, 0x04, 0x00, 0xff, 0xff,
  0x04, 0x00, 0xfe, 0xff, 0x05, 0x00, 0xfd, 0xff, 0x05, 0x00, 0xfd, 0xff,
  0x05, 0x00, 0xfd, 0xff, 0x05, 0x00, 0xfe, 0xff, 0x04, 0x00, 0xff, 0xff,
  0x03, 0x00, 0x00, 0x00, 0x02, 0x00, 0x00, 0x00, 0x02, 0x00, 0xff, 0xff,
  0x02, 0x00, 0xfe, 0xff, 0x01, 0x00, 0xfe, 0xff, 0x00, 0x00, 0x00, 0x00,
  0xfe, 0xff, 0x02, 0x00, 0xfc, 0xff, 0x03, 0x00, 0xfc, 0xff, 0x02, 0x00,
  0xfc, 0xff, 0x01, 0x00, 0xfd, 0xff, 0x00, 0x00, 0xfd, 0xff, 0x01, 0x00,
  0xfd, 0xff, 0x04, 0x00, 0xfc, 0xff, 0x05, 0x00, 0xfb, 0xff, 0x05, 0x00,
  0xfb, 0xff, 0x04, 0x00, 0xfc, 0xff, 0x03, 0x00, 0xfd, 0xff, 0x02, 0x00,
  0xfd, 0xff, 0x02, 0x00, 0xfd, 0xff, 0x01, 0x00, 0xfd, 0xff, 0x00, 0x00,
  0xfd, 0xff, 0xff, 0xff, 0xfd, 0xff, 0xff, 0xff, 0xfe, 0xff, 0x00, 0x00,
  0xfe, 0xff, 0xff, 0xff, 0xff, 0xff, 0xfe, 0xff, 0x00, 0x00, 0xfe, 0xff,
  0x01, 0x00, 0xfe, 0xff, 0x02, 0x00, 0xff, 0xff, 0x02, 0x00, 0xff, 0xff,
  0x02, 0x00, 0xff, 0xff, 0x02, 0x00, 0xfe, 0xff, 0x01, 0x00, 0xfe, 0xff,
  0x01, 0x00, 0xfe, 0xff, 0x01, 0x00, 0xff, 0xff, 0x01, 0x00, 0x00, 0x00,
  0x01, 0x00, 0x00, 0x00, 0x01, 0x00, 0x01, 0x00, 0x01, 0x00, 0x01, 0x00,
  0x02, 0x00, 0x01, 0x00, 0x02, 0x00, 0x00, 0x00, 0x03, 0x00, 0x00, 0x00,
  0x03, 0x00, 0x00, 0x00, 0x02, 0x00, 0x00, 0x00, 0x02, 0x00, 0x00, 0x00,
  0x01, 0x00, 0x00, 0x00, 0x01, 0x00, 0xff, 0xff, 0x01, 0x00, 0xfe, 0xff,
  0x02, 0x00, 0xfd, 0xff, 0x03, 0x00, 0xfd, 0xff, 0x04, 0x00, 0xfd, 0xff,
  0x03, 0x00, 0xff, 0xff, 0x02, 0x00, 0x00, 0x00, 0x02, 0x00, 0x00, 0x00,
  0x02, 0x00, 0xff, 0xff, 0x03, 0x00, 0xfe, 0xff, 0x04, 0x00, 0xfe, 0xff,
  0x04, 0x00, 0xff, 0xff, 0x04, 0x00, 0x01, 0x00, 0x04, 0x00, 0x03, 0x00,
  0x04, 0x00, 0x03, 0x00, 0x03, 0x00, 0x03, 0x00, 0x02, 0x00, 0x02, 0x00,
  0x02, 0x00, 0x01, 0x00, 0x01, 0x00, 0x00, 0x00, 0x02, 0x00, 0xff, 0xff,
  0x02, 0x00, 0xff, 0xff, 0x01, 0x00, 0x00, 0x00, 0x00, 0x00, 0x01, 0x00,
  0xff, 0xff, 0x01, 0x00, 0xff, 0xff, 0x00, 0x00, 0xff, 0xff, 0xff, 0xff,
  0xff, 0xff, 0xfe, 0xff, 0xfe, 0xff, 0xff, 0xff, 0xfe, 0xff, 0x00, 0x00,
  0xfd, 0xff, 0x02, 0x00, 0xfd, 0xff, 0x02, 0x00, 0xfd, 0xff, 0x01, 0x00,
  0xfc, 0xff, 0x00, 0x00, 0xfb, 0xff, 0x00, 0x00, 0xfa, 0xff, 0x00, 0x00,
  0xfa, 0xff, 0x01, 0x00, 0xf9, 0xff, 0x01, 0x00, 0xfa, 0xff, 0x01, 0x00,
  0xfb, 0xff, 0x00, 0x00, 0xfc, 0xff, 0x00, 0x00, 0xfd, 0xff, 0x00, 0x00,
  0xfe, 0xff, 0x00, 0x00, 0xfe, 0xff, 0x01, 0x00, 0xfe, 0xff, 0x02, 0x00,
  0xff, 0xff, 0x03, 0x00, 0xff, 0xff, 0x03, 0x00, 0xff, 0xff, 0x02, 0x00,
  0xff, 0xff, 0x00, 0x00, 0xff, 0xff, 0xff, 0xff, 0x00, 0x00, 0xff, 0xff,
  0xff, 0xff, 0x00, 0x00, 0xff, 0xff, 0x01, 0x00, 0x00, 0x00, 0x01, 0x00,
  0x01, 0x00, 0xff, 0xff, 0x03, 0x00, 0xfd, 0xff, 0x04, 0x00, 0xfc, 0xff,
  0x04, 0x00, 0xfd, 0xff, 0x03, 0x00, 0xff, 0xff, 0x02, 0x00, 0x01, 0x00,
  0x00, 0x00, 0x02, 0x00, 0x00, 0x00, 0x02, 0x00, 0xff, 0xff, 0x01, 0x00,
  0xff, 0xff, 0x00, 0x00, 0xff, 0xff, 0x00, 0x00, 0xff, 0xff, 0x00, 0x00,
  0x00, 0x00, 0x00, 0x00, 0x01, 0x00, 0x00, 0x00, 0x02, 0x00, 0x00, 0x00,
  0x02, 0x00, 0x00, 0x00, 0x02, 0x00, 0xff, 0xff, 0x02, 0x00, 0xfe, 0xff,
  0x03, 0x00, 0xfe, 0xff, 0x03, 0x00, 0xff, 0xff, 0x03, 0x00, 0x00, 0x00,
  0x03, 0x00, 0x00, 0x00, 0x03, 0x00, 0x00, 0x00, 0x02, 0x00, 0xff, 0xff,
  0x02, 0x00, 0xfe, 0xff, 0x01, 0x00, 0xfe, 0xff, 0x00, 0x00, 0xff, 0xff,
  0xff, 0xff, 0xff, 0xff, 0xff, 0xff, 0x00, 0x00, 0xff, 0xff, 0x00, 0x00,
  0xff, 0xff, 0x00, 0x00, 0x00, 0x00, 0xff, 0xff, 0x01, 0x00, 0xff, 0xff,
  0x02, 0x00, 0xfe, 0xff, 0x03, 0x00, 0xff, 0xff, 0x03, 0x00, 0xff, 0xff,
  0x02, 0x00, 0x00, 0x00, 0x01, 0x00, 0x01, 0x00, 0x00, 0x00, 0x02, 0x00,
  0xff, 0xff, 0x03, 0x00, 0xff, 0xff, 0x02, 0x00, 0xff, 0xff, 0x01, 0x00,
  0xff, 0xff, 0x01, 0x00, 0xfe, 0xff, 0x02, 0x00, 0xfe, 0xff, 0x03, 0x00,
  0xfe, 0xff, 0x03, 0x00, 0xfe, 0xff, 0x02, 0x00, 0xfe, 0xff, 0x01, 0x00,
  0xfe, 0xff, 0x01, 0x00, 0xfe, 0xff, 0x02, 0x00, 0xfe, 0xff, 0x03, 0x00,
  0xfe, 0xff, 0x04, 0x00, 0xfe, 0xff, 0x04, 0x00, 0xfe, 0xff, 0x04, 0x00,
  0xfe, 0xff, 0x03, 0x00, 0xfe, 0xff, 0x03, 0x00, 0xfe, 0xff, 0x02, 0x00,
  0xfe, 0xff, 0x01, 0x00, 0xfe, 0xff, 0x00, 0x00, 0xfe, 0xff, 0x00, 0x00,
  0xfe, 0xff, 0xff, 0xff, 0xff, 0xff, 0xfe, 0xff, 0xff, 0xff, 0xfd, 0xff,
  0x00, 0x00, 0xfd, 0xff, 0x00, 0x00, 0xfd, 0xff, 0x00, 0x00, 0xfd, 0xff,
  0x00, 0x00, 0xfc, 0xff, 0x00, 0x00, 0xfd, 0xff, 0x00, 0x00, 0xfd, 0xff,
  0xff, 0xff, 0xfe, 0xff, 0xff, 0xff, 0xfe, 0xff, 0xff, 0xff, 0xfd, 0xff,
  0xff, 0xff, 0xfc, 0xff, 0xff, 0xff, 0xfc, 0xff, 0x01, 0x00, 0xfd, 0xff,
  0x03, 0x00, 0xfe, 0xff, 0x05, 0x00, 0xff, 0xff, 0x06, 0x00, 0xff, 0xff,
  0x06, 0x00, 0xff, 0xff, 0x05, 0x00, 0xff, 0xff, 0x05, 0x00, 0x00, 0x00,
  0x04, 0x00, 0x00, 0x00, 0x04, 0x00, 0x01, 0x00, 0x03, 0x00, 0x01, 0x00,
  0x01, 0x00, 0x01, 0x00, 0x00, 0x00, 0x00, 0x00, 0x00, 0x00, 0x00, 0x00,
  0x00, 0x00, 0x00, 0x00, 0x00, 0x00, 0x01, 0x00, 0x00, 0x00, 0x02, 0x00,
  0x00, 0x00, 0x03, 0x00, 0x00, 0x00, 0x03, 0x00, 0x00, 0x00, 0x02, 0x00,
  0xff, 0xff, 0x00, 0x00, 0x00, 0x00, 0xff, 0xff, 0x00, 0x00, 0xff, 0xff,
  0x01, 0x00, 0xff, 0xff, 0x01, 0x00, 0x00, 0x00, 0x00, 0x00, 0x00, 0x00,
  0xff, 0xff, 0x00, 0x00, 0xfe, 0xff, 0x00, 0x00, 0xfe, 0xff, 0x00, 0x00,
  0xfe, 0xff, 0x01, 0x00, 0xfe, 0xff, 0x03, 0x00, 0xfd, 0xff, 0x03, 0x00,
  0xfd, 0xff, 0x03, 0x00, 0xfd, 0xff, 0x02, 0x00, 0xff, 0xff, 0x00, 0x00,
  0x00, 0x00, 0xff, 0xff, 0x01, 0x00, 0xff, 0xff, 0x01, 0x00, 0xff, 0xff,
  0x01, 0x00, 0xff, 0xff, 0x00, 0x00, 0x00, 0x00, 0xff, 0xff, 0x01, 0x00,
  0xfe, 0xff, 0x01, 0x00, 0xfd, 0xff, 0x01, 0x00, 0xfd, 0xff, 0x01, 0x00,
  0xfc, 0xff, 0x00, 0x00, 0xfd, 0xff, 0x00, 0x00, 0xfe, 0xff, 0x00, 0x00,
  0x00, 0x00, 0x01, 0x00, 0x02, 0x00, 0x02, 0x00, 0x03, 0x00, 0x02, 0x00,
  0x03, 0x00, 0x03, 0x00, 0x02, 0x00, 0x03, 0x00, 0x00, 0x00, 0x03, 0x00,
  0x00, 0x00, 0x03, 0x00, 0x00, 0x00, 0x02, 0x00, 0x01, 0x00, 0x02, 0x00,
  0x01, 0x00, 0x02, 0x00, 0x01, 0x00, 0x02, 0x00, 0x01, 0x00, 0x00, 0x00,
  0x01, 0x00, 0xfe, 0xff, 0x01, 0x00, 0xfd, 0xff, 0x01, 0x00, 0xfd, 0xff,
  0x00, 0x00, 0xfe, 0xff, 0x00, 0x00, 0xff, 0xff, 0xff, 0xff, 0xfe, 0xff,
  0xff, 0xff, 0xfe, 0xff, 0x00, 0x00, 0xfd, 0xff, 0x00, 0x00, 0xfd, 0xff,
  0x01, 0x00, 0xfd, 0xff, 0x01, 0x00, 0xfd, 0xff, 0x01, 0x00, 0xfd, 0xff,
  0x01, 0x00, 0xfd, 0xff, 0x00, 0x00, 0xfd, 0xff, 0xff, 0xff, 0xfd, 0xff,
  0xfe, 0xff, 0xfd, 0xff, 0xfe, 0xff, 0xfe, 0xff, 0xfd, 0xff, 0xff, 0xff,
  0xfc, 0xff, 0xff, 0xff, 0xfc, 0xff, 0x00, 0x00, 0xfc, 0xff, 0x00, 0x00,
  0xfd, 0xff, 0x00, 0x00, 0xfd, 0xff, 0x00, 0x00, 0xfe, 0xff, 0x00, 0x00,
  0xfe, 0xff, 0x01, 0x00, 0xfe, 0xff, 0x02, 0x00, 0xfd, 0xff, 0x02, 0x00,
  0xfd, 0xff, 0x02, 0x00, 0xfc, 0xff, 0x02, 0x00, 0xfc, 0xff, 0x03, 0x00,
  0xfc, 0xff, 0x03, 0x00, 0xfd, 0xff, 0x03, 0x00, 0xfe, 0xff, 0x02, 0x00,
  0x00, 0x00, 0x01, 0x00, 0x01, 0x00, 0x01, 0x00, 0x02, 0x00, 0x01, 0x00,
  0x02, 0x00, 0x01, 0x00, 0x03, 0x00, 0x01, 0x00, 0x03, 0x00, 0x01, 0x00,
  0x03, 0x00, 0x01, 0x00, 0x04, 0x00, 0x00, 0x00, 0x04, 0x00, 0x00, 0x00,
  0x03, 0x00, 0x00, 0x00, 0x03, 0x00, 0x00, 0x00, 0x03, 0x00, 0x00, 0x00,
  0x04, 0x00, 0x00, 0x00, 0x05, 0x00, 0x00, 0x00, 0x06, 0x00, 0x00, 0x00,
  0x06, 0x00, 0x00, 0x00, 0x05, 0x00, 0x01, 0x00, 0x05, 0x00, 0x02, 0x00,
  0x05, 0x00, 0x02, 0x00, 0x05, 0x00, 0x02, 0x00, 0x04, 0x00, 0x02, 0x00,
  0x03, 0x00, 0x01, 0x00, 0x02, 0x00, 0x00, 0x00, 0x02, 0x00, 0x01, 0x00,
  0x01, 0x00, 0x01, 0x00, 0x01, 0x00, 0x02, 0x00, 0x00, 0x00, 0x01, 0x00,
  0xff, 0xff, 0xff, 0xff, 0xfe, 0xff, 0xfe, 0xff, 0xfd, 0xff, 0xfe, 0xff,
  0xfc, 0xff, 0xfe, 0xff, 0xfb, 0xff, 0xfe, 0xff, 0xfa, 0xff, 0xfe, 0xff,
  0xfa, 0xff, 0xfd, 0xff, 0xfb, 0xff, 0xfc, 0xff, 0xfb, 0xff, 0xfc, 0xff,
  0xfb, 0xff, 0xfd, 0xff, 0xfb, 0xff, 0xfe, 0xff, 0xfb, 0xff, 0xfe, 0xff,
  0xfb, 0xff, 0xff, 0xff, 0xfc, 0xff, 0xfe, 0xff, 0xfc, 0xff, 0xfe, 0xff,
  0xfd, 0xff, 0xfe, 0xff, 0xfe, 0xff, 0xfe, 0xff, 0xfe, 0xff, 0xfe, 0xff,
  0xff, 0xff, 0xfe, 0xff, 0xff, 0xff, 0xff, 0xff, 0xfe, 0xff, 0x00, 0x00,
  0xfe, 0xff, 0x02, 0x00, 0xfe, 0xff, 0x02, 0x00, 0xff, 0xff, 0x02, 0x00,
  0x01, 0x00, 0x02, 0x00, 0x01, 0x00, 0x02, 0x00, 0x01, 0x00, 0x01, 0x00,
  0x01, 0x00, 0x01, 0x00, 0x00, 0x00, 0x01, 0x00, 0x00, 0x00, 0x02, 0x00,
  0x01, 0x00, 0x02, 0x00, 0x01, 0x00, 0x02, 0x00, 0x01, 0x00, 0x02, 0x00,
  0x01, 0x00, 0x02, 0x00, 0x01, 0x00, 0x02, 0x00, 0x02, 0x00, 0x02, 0x00,
  0x03, 0x00, 0x03, 0x00, 0x03, 0x00, 0x02, 0x00, 0x03, 0x00, 0x01, 0x00,
  0x02, 0x00, 0x00, 0x00, 0x01, 0x00, 0xff, 0xff, 0x00, 0x00, 0xff, 0xff,
  0x00, 0x00, 0xff, 0xff, 0x01, 0x00, 0x00, 0x00, 0x01, 0x00, 0x01, 0x00,
  0x02, 0x00, 0x01, 0x00, 0x03, 0x00, 0x00, 0x00, 0x03, 0x00, 0xff, 0xff,
  0x03, 0x00, 0xff, 0xff, 0x04, 0x00, 0x00, 0x00, 0x04, 0x00, 0x01, 0x00,
  0x03, 0x00, 0x01, 0x00, 0x03, 0x00, 0x00, 0x00, 0x03, 0x00, 0xff, 0xff,
  0x03, 0x00, 0xff, 0xff, 0x02, 0x00, 0x00, 0x00, 0x02, 0x00, 0x00, 0x00,
  0x01, 0x00, 0x00, 0x00, 0x02, 0x00, 0x00, 0x00, 0x02, 0x00, 0x00, 0x00,
  0x03, 0x00, 0x00, 0x00, 0x03, 0x00, 0x00, 0x00, 0x03, 0x00, 0xff, 0xff,
  0x02, 0x00, 0xfe, 0xff, 0x01, 0x00, 0xfe, 0xff, 0x00, 0x00, 0xfe, 0xff,
  0xfe, 0xff, 0xff, 0xff, 0xfd, 0xff, 0x00, 0x00, 0xfd, 0xff, 0x00, 0x00,
  0xfc, 0xff, 0x00, 0x00, 0xfd, 0xff, 0x00, 0x00, 0xfd, 0xff, 0xff, 0xff,
  0xfc, 0xff, 0x00, 0x00, 0xfb, 0xff, 0x02, 0x00, 0xfa, 0xff, 0x03, 0x00,
  0xfa, 0xff, 0x03, 0x00, 0xfb, 0xff, 0x02, 0x00, 0xfc, 0xff, 0x01, 0x00,
  0xfc, 0xff, 0x00, 0x00, 0xfc, 0xff, 0x00, 0x00, 0xfb, 0xff, 0x00, 0x00,
  0xfb, 0xff, 0x00, 0x00, 0xfd, 0xff, 0x00, 0x00, 0xfe, 0xff, 0x00, 0x00,
  0xfe, 0xff, 0xff, 0xff, 0xfd, 0xff, 0xfe, 0xff, 0xfd, 0xff, 0xfe, 0xff,
  0xfc, 0xff, 0xfe, 0xff, 0xfd, 0xff, 0xff, 0xff, 0xfe, 0xff, 0x00, 0x00,
  0xff, 0xff, 0x00, 0x00, 0x00, 0x00, 0x00, 0x00, 0x01, 0x00, 0xff, 0xff,
  0x02, 0x00, 0xff, 0xff, 0x03, 0x00, 0x00, 0x00, 0x03, 0x00, 0x01, 0x00,
  0x03, 0x00, 0x02, 0x00, 0x03, 0x00, 0x02, 0x00, 0x02, 0x00, 0x01, 0x00,
  0x02, 0x00, 0x00, 0x00, 0x01, 0x00, 0x00, 0x00, 0x01, 0x00, 0x01, 0x00,
  0x01, 0x00, 0x01, 0x00, 0x01, 0x00, 0x00, 0x00, 0x02, 0x00, 0xff, 0xff,
  0x03, 0x00, 0xfe, 0xff, 0x02, 0x00, 0xff, 0xff, 0x01, 0x00, 0x00, 0x00,
  0x01, 0x00, 0x01, 0x00, 0x01, 0x00, 0x01, 0x00, 0x01, 0x00, 0x00, 0x00,
  0x01, 0x00, 0xff, 0xff, 0x01, 0x00, 0xff, 0xff, 0x02, 0x00, 0x00, 0x00,
  0x03, 0x00, 0x00, 0x00, 0x04, 0x00, 0x01, 0x00, 0x04, 0x00, 0x01, 0x00,
  0x03, 0x00, 0x02, 0x00, 0x02, 0x00, 0x03, 0x00, 0x01, 0x00, 0x04, 0x00,
  0x01, 0x00, 0x05, 0x00, 0x01, 0x00, 0x04, 0x00, 0x02, 0x00, 0x02, 0x00,
  0x02, 0x00, 0x01, 0x00, 0x01, 0x00, 0x00, 0x00, 0x01, 0x00, 0xff, 0xff,
  0x01, 0x00, 0xfe, 0xff, 0x01, 0x00, 0xfe, 0xff, 0x02, 0x00, 0xfe, 0xff,
  0x01, 0x00, 0xff, 0xff, 0x01, 0x00, 0xff, 0xff, 0xff, 0xff, 0xfe, 0xff,
  0xfe, 0xff, 0xfe, 0xff, 0xfe, 0xff, 0xfe, 0xff, 0xfe, 0xff, 0xfe, 0xff,
  0xfe, 0xff, 0xfe, 0xff, 0xff, 0xff, 0xfd, 0xff, 0xff, 0xff, 0xfd, 0xff,
  0xff, 0xff, 0xfc, 0xff, 0x00, 0x00, 0xfd, 0xff, 0x00, 0x00, 0xfe, 0xff,
  0x00, 0x00, 0xff, 0xff, 0xff, 0xff, 0xff, 0xff, 0xfe, 0xff, 0xff, 0xff,
  0xfe, 0xff, 0xfe, 0xff, 0xfd, 0xff, 0xfe, 0xff, 0xfe, 0xff, 0xfe, 0xff,
  0xfe, 0xff, 0xff, 0xff, 0xff, 0xff, 0xff, 0xff, 0xff, 0xff, 0xff, 0xff,
  0x00, 0x00, 0xff, 0xff, 0x00, 0x00, 0x00, 0x00, 0x00, 0x00, 0x01, 0x00,
  0xff, 0xff, 0x02, 0x00, 0xff, 0xff, 0x03, 0x00, 0xff, 0xff, 0x02, 0x00,
  0x00, 0x00, 0x01, 0x00, 0x00, 0x00, 0x01, 0x00, 0x00, 0x00, 0x01, 0x00,
  0x01, 0x00, 0x02, 0x00, 0x02, 0x00, 0x02, 0x00, 0x02, 0x00, 0x03, 0x00,
  0x02, 0x00, 0x03, 0x00, 0x01, 0x00, 0x04, 0x00, 0x00, 0x00, 0x05, 0x00,
  0xff, 0xff, 0x05, 0x00, 0xff, 0xff, 0x04, 0x00, 0xff, 0xff, 0x03, 0x00,
  0xff, 0xff, 0x02, 0x00, 0xff, 0xff, 0x01, 0x00, 0xff, 0xff, 0x01, 0x00,
  0xff, 0xff, 0x00, 0x00, 0x00, 0x00, 0x00, 0x00, 0x01, 0x00, 0x00, 0x00,
  0x01, 0x00, 0x01, 0x00, 0x01, 0x00, 0x02, 0x00, 0x01, 0x00, 0x02, 0x00,
  0x01, 0x00, 0x02, 0x00, 0x00, 0x00, 0x01, 0x00, 0x00, 0x00, 0x00, 0x00,
  0x00, 0x00, 0x00, 0x00, 0x01, 0x00, 0x00, 0x00, 0x02, 0x00, 0x00, 0x00,
  0x02, 0x00, 0xff, 0xff, 0x02, 0x00, 0xff, 0xff, 0x02, 0x00, 0xff, 0xff,
  0x02, 0x00, 0xfe, 0xff, 0x01, 0x00, 0xfe, 0xff, 0x01, 0x00, 0xff, 0xff,
  0x00, 0x00, 0xff, 0xff, 0xff, 0xff, 0xff, 0xff, 0xfe, 0xff, 0xff, 0xff,
  0xfe, 0xff, 0xff, 0xff, 0xfe, 0xff, 0xfe, 0xff, 0xfe, 0xff, 0xff, 0xff,
  0x00, 0x00, 0xff, 0xff, 0x01, 0x00, 0x00, 0x00, 0x02, 0x00, 0xff, 0xff,
  0x02, 0x00, 0xff, 0xff, 0x02, 0x00, 0xfe, 0xff, 0x01, 0x00, 0xfd, 0xff,
  0x01, 0x00, 0xfd, 0xff, 0x02, 0x00, 0xfc, 0xff, 0x03, 0x00, 0xfd, 0xff,
  0x04, 0x00, 0xfd, 0xff, 0x04, 0x00, 0xfe, 0xff, 0x03, 0x00, 0xff, 0xff,
  0x03, 0x00, 0xff, 0xff, 0x02, 0x00, 0x00, 0x00, 0x02, 0x00, 0x00, 0x00,
  0x03, 0x00, 0x02, 0x00, 0x03, 0x00, 0x02, 0x00, 0x03, 0x00, 0x02, 0x00,
  0x03, 0x00, 0x00, 0x00, 0x02, 0x00, 0xff, 0xff, 0x01, 0x00, 0xfe, 0xff,
  0x00, 0x00, 0xff, 0xff, 0x00, 0x00, 0x00, 0x00, 0x00, 0x00, 0x01, 0x00,
  0x00, 0x00, 0x01, 0x00, 0x00, 0x00, 0x01, 0x00, 0xfe, 0xff, 0x02, 0x00,
  0xfd, 0xff, 0x02, 0x00, 0xfd, 0xff, 0x01, 0x00, 0xfc, 0xff, 0x01, 0x00,
  0xfc, 0xff, 0x01, 0x00, 0xfc, 0xff, 0x02, 0x00, 0xfb, 0xff, 0x02, 0x00,
  0xfb, 0xff, 0x02, 0x00, 0xfa, 0xff, 0x01, 0x00, 0xfb, 0xff, 0x01, 0x00,
  0xfb, 0xff, 0x00, 0x00, 0xfb, 0xff, 0xff, 0xff, 0xfb, 0xff, 0xff, 0xff,
  0xfb, 0xff, 0xff, 0xff, 0xfc, 0xff, 0x00, 0x00, 0xfc, 0xff, 0x00, 0x00,
  0xfd, 0xff, 0x01, 0x00, 0xfe, 0xff, 0x02, 0x00, 0xff, 0xff, 0x02, 0x00,
  0x00, 0x00, 0x02, 0x00, 0x01, 0x00, 0x02, 0x00, 0x02, 0x00, 0x02, 0x00,
  0x03, 0x00, 0x02, 0x00, 0x04, 0x00, 0x02, 0x00, 0x04, 0x00, 0x02, 0x00,
  0x03, 0x00, 0x02, 0x00, 0x03, 0x00, 0x01, 0x00, 0x03, 0x00, 0x01, 0x00,
  0x04, 0x00, 0x00, 0x00, 0x05, 0x00, 0x00, 0x00, 0x06, 0x00, 0x01, 0x00,
  0x04, 0x00, 0x01, 0x00, 0x03, 0x00, 0x01, 0x00, 0x02, 0x00, 0x01, 0x00,
  0x02, 0x00, 0x00, 0x00, 0x04, 0x00, 0x00, 0x00, 0x04, 0x00, 0xff, 0xff,
  0x04, 0x00, 0xfe, 0xff, 0x02, 0x00, 0xfd, 0xff, 0x02, 0x00, 0xfd, 0xff,
  0x01, 0x00, 0xfe, 0xff, 0x01, 0x00, 0xff, 0xff, 0x00, 0x00, 0xff, 0xff,
  0xff, 0xff, 0xff, 0xff, 0xfe, 0xff, 0xff, 0xff, 0xfd, 0xff, 0xff, 0xff,
  0xfc, 0xff, 0xfe, 0xff, 0xfc, 0xff, 0xfe, 0xff, 0xfc, 0xff, 0xfd, 0xff,
  0xfc, 0xff, 0xfd, 0xff, 0xfc, 0xff, 0xfd, 0xff, 0xfc, 0xff, 0xff, 0xff,
  0xfc, 0xff, 0x00, 0x00, 0xfc, 0xff, 0x00, 0x00, 0xfd, 0xff, 0xfe, 0xff,
  0xfd, 0xff, 0xfd, 0xff, 0xfe, 0xff, 0xfd, 0xff, 0xfe, 0xff, 0xfe, 0xff,
  0xfe, 0xff, 0xff, 0xff, 0xfe, 0xff, 0xff, 0xff, 0xfe, 0xff, 0xff, 0xff,
  0xfd, 0xff, 0xff, 0xff, 0xfd, 0xff, 0x00, 0x00, 0xfe, 0xff, 0x01, 0x00,
  0xff, 0xff, 0x01, 0x00, 0x00, 0x00, 0x01, 0x00, 0x01, 0x00, 0x00, 0x00,
  0x01, 0x00, 0x00, 0x00, 0x01, 0x00, 0x00, 0x00, 0x00, 0x00, 0xff, 0xff,
  0xff, 0xff, 0xff, 0xff, 0xff, 0xff, 0xff, 0xff, 0xff, 0xff, 0x00, 0x00,
  0x00, 0x00, 0x01, 0x00, 0xff, 0xff, 0x02, 0x00, 0xff, 0xff, 0x02, 0x00,
  0xff, 0xff, 0x01, 0x00, 0xfe, 0xff, 0x02, 0x00, 0xfe, 0xff, 0x02, 0x00,
  0xff, 0xff, 0x02, 0x00, 0x00, 0x00, 0x02, 0x00, 0x00, 0x00, 0x02, 0x00,
  0x01, 0x00, 0x02, 0x00, 0x01, 0x00, 0x03, 0x00, 0x00, 0x00, 0x03, 0x00,
  0x00, 0x00, 0x04, 0x00, 0x01, 0x00, 0x04, 0x00, 0x02, 0x00, 0x04, 0x00,
  0x03, 0x00, 0x03, 0x00, 0x03, 0x00, 0x03, 0x00, 0x03, 0x00, 0x02, 0x00,
  0x02, 0x00, 0x01, 0x00, 0x02, 0x00, 0x00, 0x00, 0x02, 0x00, 0x00, 0x00,
  0x02, 0x00, 0xff, 0xff, 0x02, 0x00, 0xff, 0xff, 0x01, 0x00, 0xff, 0xff,
  0x01, 0x00, 0xff, 0xff, 0x02, 0x00, 0xfe, 0xff, 0x02, 0x00, 0xfd, 0xff,
  0x03, 0x00, 0xfc, 0xff, 0x03, 0x00, 0xfb, 0xff, 0x03, 0x00, 0xfc, 0xff,
  0x02, 0x00, 0xfd, 0xff, 0x01, 0x00, 0xfe, 0xff, 0x00, 0x00, 0xfe, 0xff,
  0x00, 0x00, 0xfd, 0xff, 0xfe, 0xff, 0xfd, 0xff, 0xfd, 0xff, 0xfd, 0xff,
  0xfc, 0xff, 0xfd, 0xff, 0xfd, 0xff, 0xfe, 0xff, 0xff, 0xff, 0xfe, 0xff,
  0x00, 0x00, 0xff, 0xff, 0x01, 0x00, 0xff, 0xff, 0x00, 0x00, 0xff, 0xff,
  0x00, 0x00, 0xff, 0xff, 0xff, 0xff, 0x00, 0x00, 0x00, 0x00, 0x00, 0x00,
  0x00, 0x00, 0x01, 0x00, 0x00, 0x00, 0x02, 0x00, 0x00, 0x00, 0x02, 0x00,
  0x01, 0x00, 0x00, 0x00, 0x01, 0x00, 0xff, 0xff, 0x01, 0x00, 0xfe, 0xff,
  0x01, 0x00, 0xff, 0xff, 0x02, 0x00, 0x00, 0x00, 0x03, 0x00, 0x00, 0x00,
  0x04, 0x00, 0x00, 0x00, 0x04, 0x00, 0x00, 0x00, 0x03, 0x00, 0x00, 0x00,
  0x01, 0x00, 0x00, 0x00, 0xff, 0xff, 0x00, 0x00, 0xff, 0xff, 0x00, 0x00,
  0xff, 0xff, 0x00, 0x00, 0x00, 0x00, 0x00, 0x00, 0xff, 0xff, 0x00, 0x00,
  0xfe, 0xff, 0x00, 0x00, 0xfd, 0xff, 0x01, 0x00, 0xfc, 0xff, 0x01, 0x00,
  0xfb, 0xff, 0x01, 0x00, 0xfc, 0xff, 0x01, 0x00, 0xfc, 0xff, 0x02, 0x00,
  0xfc, 0xff, 0x02, 0x00, 0xfc, 0xff, 0x03, 0x00, 0xfc, 0xff, 0x03, 0x00,
  0xfc, 0xff, 0x03, 0x00, 0xfd, 0xff, 0x03, 0x00, 0xfe, 0xff, 0x03, 0x00,
  0x00, 0x00, 0x03, 0x00, 0x01, 0x00, 0x02, 0x00, 0x02, 0x00, 0x02, 0x00,
  0x02, 0x00, 0x02, 0x00, 0x02, 0x00, 0x02, 0x00, 0x01, 0x00, 0x01, 0x00,
  0x01, 0x00, 0x00, 0x00, 0x01, 0x00, 0xff, 0xff, 0x02, 0x00, 0xfe, 0xff,
  0x03, 0x00, 0xfe, 0xff, 0x04, 0x00, 0xfd, 0xff, 0x04, 0x00, 0xfd, 0xff,
  0x03, 0x00, 0xfd, 0xff, 0x03, 0x00, 0xfd, 0xff, 0x03, 0x00, 0xfe, 0xff,
  0x03, 0x00, 0xfe, 0xff, 0x03, 0x00, 0xff, 0xff, 0x02, 0x00, 0xff, 0xff,
  0x02, 0x00, 0xfe, 0xff, 0x01, 0x00, 0xfe, 0xff, 0x00, 0x00, 0xfe, 0xff,
  0x00, 0x00, 0xff, 0xff, 0x00, 0x00, 0xff, 0xff, 0x00, 0x00, 0xfe, 0xff,
  0x00, 0x00, 0xfd, 0xff, 0x00, 0x00, 0xfd, 0xff, 0xff, 0xff, 0xfe, 0xff,
  0xfe, 0xff, 0xfe, 0xff, 0xfd, 0xff, 0xff, 0xff, 0xfd, 0xff, 0xff, 0xff,
  0xfe, 0xff, 0xff, 0xff, 0xfe, 0xff, 0xff, 0xff, 0xfe, 0xff, 0xff, 0xff,
  0xfe, 0xff, 0xff, 0xff, 0xfe, 0xff, 0xff, 0xff, 0xfe, 0xff, 0xff, 0xff,
  0xfe, 0xff, 0x00, 0x00, 0xfe, 0xff, 0x00, 0x00, 0xfe, 0xff, 0x01, 0x00,
  0xfe, 0xff, 0x02, 0x00, 0xff, 0xff, 0x03, 0x00, 0xff, 0xff, 0x04, 0x00,
  0xff, 0xff, 0x04, 0x00, 0xff, 0xff, 0x03, 0x00, 0x00, 0x00, 0x02, 0x00,
  0x01, 0x00, 0x02, 0x00, 0x02, 0x00, 0x01, 0x00, 0x02, 0x00, 0x01, 0x00,
  0x02, 0x00, 0x00, 0x00, 0x02, 0x00, 0x00, 0x00, 0x02, 0x00, 0xff, 0xff,
  0x01, 0x00, 0xff, 0xff, 0x01, 0x00, 0xff, 0xff, 0x01, 0x00, 0xfe, 0xff,
  0x00, 0x00, 0xff, 0xff, 0x00, 0x00, 0xff, 0xff, 0x00, 0x00, 0xff, 0xff,
  0xff, 0xff, 0xff, 0xff, 0xff, 0xff, 0xff, 0xff, 0xfe, 0xff, 0xff, 0xff,
  0xfe, 0xff, 0xff, 0xff, 0xfe, 0xff, 0x00, 0x00, 0xff, 0xff, 0x00, 0x00,
  0xfe, 0xff, 0xff, 0xff, 0xfe, 0xff, 0xff, 0xff, 0xfe, 0xff, 0xff, 0xff,
  0xfe, 0xff, 0xff, 0xff, 0x00, 0x00, 0x00, 0x00, 0x01, 0x00, 0x00, 0x00,
  0x02, 0x00, 0x00, 0x00, 0x02, 0x00, 0xff, 0xff, 0x01, 0x00, 0x00, 0x00,
  0x01, 0x00, 0x01, 0x00, 0x00, 0x00, 0x02, 0x00, 0x00, 0x00, 0x02, 0x00,
  0x01, 0x00, 0x02, 0x00, 0x01, 0x00, 0x02, 0x00, 0x02, 0x00, 0x02, 0x00,
  0x02, 0x00, 0x03, 0x00, 0x02, 0x00, 0x03, 0x00, 0x01, 0x00, 0x02, 0x00,
  0x01, 0x00, 0x02, 0x00, 0x02, 0x00, 0x02, 0x00, 0x03, 0x00, 0x02, 0x00,
  0x03, 0x00, 0x02, 0x00, 0x02, 0x00, 0x02, 0x00, 0x01, 0x00, 0x02, 0x00,
  0x00, 0x00, 0x01, 0x00, 0xff, 0xff, 0x01, 0x00, 0x00, 0x00, 0x00, 0x00,
  0x00, 0x00, 0x00, 0x00, 0x00, 0x00, 0x00, 0x00, 0xff, 0xff, 0x00, 0x00,
  0xff, 0xff, 0x00, 0x00, 0xfe, 0xff, 0x00, 0x00, 0xfe, 0xff, 0xff, 0xff,
  0xfe, 0xff, 0xff, 0xff, 0xfe, 0xff, 0xff, 0xff, 0xfe, 0xff, 0xff, 0xff,
  0xfe, 0xff, 0xff, 0xff, 0xff, 0xff, 0xff, 0xff, 0xff, 0xff, 0xff, 0xff,
  0xff, 0xff, 0x00, 0x00, 0xff, 0xff, 0x00, 0x00, 0xff, 0xff, 0x01, 0x00,
  0x00, 0x00, 0x01, 0x00, 0x01, 0x00, 0x02, 0x00, 0x02, 0x00, 0x02, 0x00,
  0x02, 0x00, 0x01, 0x00, 0x02, 0x00, 0x00, 0x00, 0x02, 0x00, 0xff, 0xff,
  0x03, 0x00, 0xfe, 0xff, 0x03, 0x00, 0xfe, 0xff, 0x03, 0x00, 0xfe, 0xff,
  0x03, 0x00, 0xfd, 0xff, 0x03, 0x00, 0xfd, 0xff, 0x02, 0x00, 0xfd, 0xff,
  0x01, 0x00, 0xfd, 0xff, 0x00, 0x00, 0xfd, 0xff, 0xff, 0xff, 0xfd, 0xff,
  0xff, 0xff, 0xfd, 0xff, 0xff, 0xff, 0xfd, 0xff, 0xff, 0xff, 0xfd, 0xff,
  0xff, 0xff, 0xfd, 0xff, 0xfe, 0xff, 0xfc, 0xff, 0xfe, 0xff, 0xfc, 0xff,
  0xfe, 0xff, 0xfd, 0xff, 0xfd, 0xff, 0xfe, 0xff, 0xfd, 0xff, 0xfe, 0xff,
  0xfc, 0xff, 0xff, 0xff, 0xfc, 0xff, 0xff, 0xff, 0xfc, 0xff, 0xff, 0xff,
  0xfd, 0xff, 0xff, 0xff, 0xfd, 0xff, 0x00, 0x00, 0xfd, 0xff, 0x01, 0x00,
  0xfe, 0xff, 0x01, 0x00, 0xff, 0xff, 0x02, 0x00, 0xff, 0xff, 0x02, 0x00,
  0x00, 0x00, 0x02, 0x00, 0x00, 0x00, 0x02, 0x00, 0x00, 0x00, 0x03, 0x00,
  0x00, 0x00, 0x04, 0x00, 0x01, 0x00, 0x05, 0x00, 0x02, 0x00, 0x06, 0x00,
  0x02, 0x00, 0x06, 0x00, 0x02, 0x00, 0x05, 0x00, 0x02, 0x00, 0x05, 0x00,
  0x02, 0x00, 0x04, 0x00, 0x02, 0x00, 0x03, 0x00, 0x03, 0x00, 0x02, 0x00,
  0x04, 0x00, 0x02, 0x00, 0x04, 0x00, 0x02, 0x00, 0x04, 0x00, 0x02, 0x00,
  0x04, 0x00, 0x01, 0x00, 0x03, 0x00, 0x01, 0x00, 0x02, 0x00, 0x00, 0x00,
  0x01, 0x00, 0xff, 0xff, 0x01, 0x00, 0xff, 0xff, 0x01, 0x00, 0x00, 0x00,
  0x02, 0x00, 0x00, 0x00, 0x02, 0x00, 0x00, 0x00, 0x01, 0x00, 0xff, 0xff,
  0x01, 0x00, 0xff, 0xff, 0x00, 0x00, 0xff, 0xff, 0x01, 0x00, 0xff, 0xff,
  0x01, 0x00, 0xff, 0xff, 0x00, 0x00, 0xff, 0xff, 0xff, 0xff, 0xff, 0xff,
  0xff, 0xff, 0x00, 0x00, 0xff, 0xff, 0x00, 0x00, 0xff, 0xff, 0x00, 0x00,
  0xff, 0xff, 0xff, 0xff, 0xff, 0xff, 0xff, 0xff, 0x00, 0x00, 0xfe, 0xff,
  0x00, 0x00, 0xff, 0xff, 0xff, 0xff, 0xff, 0xff, 0xfe, 0xff, 0xff, 0xff,
  0xfd, 0xff, 0xff, 0xff, 0xfc, 0xff, 0xfe, 0xff, 0xfc, 0xff, 0xff, 0xff,
  0xfd, 0xff, 0xff, 0xff, 0xfe, 0xff, 0x00, 0x00, 0xfe, 0xff, 0x00, 0x00,
  0xff, 0xff, 0x00, 0x00, 0xff, 0xff, 0x00, 0x00, 0x00, 0x00, 0x00, 0x00,
  0x00, 0x00, 0x00, 0x00, 0x00, 0x00, 0x00, 0x00, 0x00, 0x00, 0x00, 0x00,
  0x00, 0x00, 0x00, 0x00, 0x00, 0x00, 0xff, 0xff, 0x00, 0x00, 0xff, 0xff,
  0x00, 0x00, 0xfe, 0xff, 0xff, 0xff, 0xfe, 0xff, 0x00, 0x00, 0xfe, 0xff,
  0x01, 0x00, 0xff, 0xff, 0x01, 0x00, 0xff, 0xff, 0x01, 0x00, 0xfe, 0xff,
  0x01, 0x00, 0xfe, 0xff, 0x01, 0x00, 0xfd, 0xff, 0x01, 0x00, 0xfe, 0xff,
  0x02, 0x00, 0xfe, 0xff, 0x02, 0x00, 0xff, 0xff, 0x01, 0x00, 0x00, 0x00,
  0x01, 0x00, 0x01, 0x00, 0x00, 0x00, 0x01, 0x00, 0x00, 0x00, 0x02, 0x00,
  0x00, 0x00, 0x02, 0x00, 0x00, 0x00, 0x02, 0x00, 0x00, 0x00, 0x01, 0x00,
  0x01, 0x00, 0x01, 0x00, 0x02, 0x00, 0x01, 0x00, 0x03, 0x00, 0x00, 0x00,
  0x02, 0x00, 0x01, 0x00, 0x01, 0x00, 0x02, 0x00, 0x00, 0x00, 0x02, 0x00,
  0x00, 0x00, 0x02, 0x00, 0x00, 0x00, 0x02, 0x00, 0x00, 0x00, 0x02, 0x00,
  0x00, 0x00, 0x02, 0x00, 0x00, 0x00, 0x02, 0x00, 0xff, 0xff, 0x01, 0x00,
  0xfe, 0xff, 0x00, 0x00, 0xfe, 0xff, 0xff, 0xff, 0xfe, 0xff, 0xfe, 0xff,
  0xfe, 0xff, 0xfe, 0xff, 0xff, 0xff, 0xfe, 0xff, 0xff, 0xff, 0xff, 0xff,
  0xff, 0xff, 0xff, 0xff, 0xfe, 0xff, 0xff, 0xff, 0xfe, 0xff, 0xff, 0xff,
  0xfe, 0xff, 0x00, 0x00, 0xff, 0xff, 0x00, 0x00, 0xff, 0xff, 0x01, 0x00,
  0x00, 0x00, 0x00, 0x00, 0x00, 0x00, 0x00, 0x00, 0x01, 0x00, 0xff, 0xff,
  0x01, 0x00, 0xfe, 0xff, 0x01, 0x00, 0xff, 0xff, 0x02, 0x00, 0x00, 0x00,
  0x02, 0x00, 0x01, 0x00, 0x02, 0x00, 0x01, 0x00, 0x01, 0x00, 0x02, 0x00,
  0x01, 0x00, 0x02, 0x00, 0x00, 0x00, 0x02, 0x00, 0x00, 0x00, 0x02, 0x00,
  0x00, 0x00, 0x02, 0x00, 0x00, 0x00, 0x03, 0x00, 0x00, 0x00, 0x03, 0x00,
  0x00, 0x00, 0x03, 0x00, 0xff, 0xff, 0x03, 0x00, 0xfe, 0xff, 0x02, 0x00,
  0xfe, 0xff, 0x02, 0x00, 0xff, 0xff, 0x01, 0x00, 0xff, 0xff, 0x00, 0x00,
  0xff, 0xff, 0x00, 0x00, 0xff, 0xff, 0x00, 0x00, 0xff, 0xff, 0xff, 0xff,
  0xff, 0xff, 0xff, 0xff, 0xff, 0xff, 0xff, 0xff, 0x00, 0x00, 0xff, 0xff,
  0x00, 0x00, 0xfe, 0xff, 0x01, 0x00, 0xfe, 0xff, 0x01, 0x00, 0xfe, 0xff,
  0x01, 0x00, 0xfe, 0xff, 0x01, 0x00, 0xfe, 0xff, 0x01, 0x00, 0xff, 0xff,
  0x00, 0x00, 0xff, 0xff, 0x00, 0x00, 0xff, 0xff, 0xff, 0xff, 0xfe, 0xff,
  0xff, 0xff, 0xff, 0xff, 0x00, 0x00, 0xff, 0xff, 0x01, 0x00, 0x00, 0x00,
  0x02, 0x00, 0x01, 0x00, 0x02, 0x00, 0x01, 0x00, 0x01, 0x00, 0x01, 0x00,
  0x01, 0x00, 0x01, 0x00, 0x00, 0x00, 0x01, 0x00, 0x00, 0x00, 0x01, 0x00,
  0x00, 0x00, 0x01, 0x00, 0x00, 0x00, 0x01, 0x00, 0x00, 0x00, 0x01, 0x00,
  0x00, 0x00, 0x00, 0x00, 0x01, 0x00, 0xff, 0xff, 0x01, 0x00, 0xfe, 0xff,
  0x02, 0x00, 0xfd, 0xff, 0x01, 0x00, 0xfc, 0xff, 0x00, 0x00, 0xfc, 0xff,
  0x00, 0x00, 0xfc, 0xff, 0xff, 0xff, 0xfd, 0xff, 0xff, 0xff, 0xfd, 0xff,
  0xff, 0xff, 0xfe, 0xff, 0xfe, 0xff, 0xfe, 0xff, 0xff, 0xff, 0xff, 0xff,
  0x00, 0x00, 0xff, 0xff, 0x01, 0x00, 0x00, 0x00, 0x02, 0x00, 0x00, 0x00,
  0x03, 0x00, 0xff, 0xff, 0x03, 0x00, 0xff, 0xff, 0x02, 0x00, 0xff, 0xff,
  0x02, 0x00, 0xff, 0xff, 0x01, 0x00, 0x00, 0x00, 0x01, 0x00, 0x01, 0x00,
  0x01, 0x00, 0x02, 0x00, 0x01, 0x00, 0x03, 0x00, 0x00, 0x00, 0x03, 0x00,
  0x00, 0x00, 0x03, 0x00, 0x00, 0x00, 0x03, 0x00, 0x00, 0x00, 0x02, 0x00,
  0x01, 0x00, 0x02, 0x00, 0x01, 0x00, 0x02, 0x00, 0x00, 0x00, 0x02, 0x00,
  0xff, 0xff, 0x02, 0x00, 0xfe, 0xff, 0x02, 0x00, 0xfe, 0xff, 0x01, 0x00,
  0xfd, 0xff, 0x02, 0x00, 0xfd, 0xff, 0x02, 0x00, 0xfc, 0xff, 0x01, 0x00,
  0xfd, 0xff, 0x01, 0x00, 0xfe, 0xff, 0x00, 0x00, 0xfe, 0xff, 0x01, 0x00,
  0xfe, 0xff, 0x01, 0x00, 0xfe, 0xff, 0x00, 0x00, 0xfe, 0xff, 0xff, 0xff,
  0xff, 0xff, 0xfe, 0xff, 0x00, 0x00, 0xfe, 0xff, 0x01, 0x00, 0xfe, 0xff,
  0x02, 0x00, 0xfe, 0xff, 0x02, 0x00, 0xfd, 0xff, 0x01, 0x00, 0xfd, 0xff,
  0x01, 0x00, 0xfc, 0xff, 0x00, 0x00, 0xfd, 0xff, 0x01, 0x00, 0xfd, 0xff,
  0x01, 0x00, 0xfd, 0xff, 0x02, 0x00, 0xfd, 0xff, 0x02, 0x00, 0xfe, 0xff,
  0x01, 0x00, 0xfe, 0xff, 0x00, 0x00, 0xff, 0xff, 0xff, 0xff, 0xff, 0xff,
  0xfe, 0xff, 0xff, 0xff, 0xff, 0xff, 0xfe, 0xff, 0x00, 0x00, 0xfe, 0xff,
  0x01, 0x00, 0xff, 0xff, 0x01, 0x00, 0x00, 0x00, 0x00, 0x00, 0x01, 0x00,
  0x00, 0x00, 0x02, 0x00, 0x00, 0x00, 0x02, 0x00, 0x00, 0x00, 0x01, 0x00,
  0x01, 0x00, 0x01, 0x00, 0x00, 0x00, 0x00, 0x00, 0xff, 0xff, 0x00, 0x00,
  0xff, 0xff, 0x00, 0x00, 0xff, 0xff, 0x00, 0x00, 0x00, 0x00, 0x00, 0x00,
  0x00, 0x00, 0x01, 0x00, 0x00, 0x00, 0x01, 0x00, 0x00, 0x00, 0x02, 0x00,
  0x01, 0x00, 0x03, 0x00, 0x01, 0x00, 0x02, 0x00, 0x01, 0x00, 0x01, 0x00,
  0x01, 0x00, 0x00, 0x00, 0x00, 0x00, 0xff, 0xff, 0x00, 0x00, 0x00, 0x00,
  0x00, 0x00, 0x00, 0x00, 0x01, 0x00, 0x01, 0x00, 0x02, 0x00, 0x01, 0x00,
  0x01, 0x00, 0x01, 0x00, 0x00, 0x00, 0x02, 0x00, 0xff, 0xff, 0x03, 0x00,
  0xff, 0xff, 0x03, 0x00, 0x00, 0x00, 0x03, 0x00, 0x01, 0x00, 0x02, 0x00,
  0x01, 0x00, 0x01, 0x00, 0x01, 0x00, 0x01, 0x00, 0x00, 0x00, 0x01, 0x00,
  0x00, 0x00, 0x01, 0x00, 0xff, 0xff, 0x01, 0x00, 0xff, 0xff, 0x01, 0x00,
  0xfe, 0xff, 0x02, 0x00, 0xfe, 0xff, 0x02, 0x00, 0xfe, 0xff, 0x02, 0x00,
  0xfe, 0xff, 0x01, 0x00, 0xfe, 0xff, 0x01, 0x00, 0xfe, 0xff, 0x00, 0x00,
  0xfe, 0xff, 0x00, 0x00, 0xff, 0xff, 0xff, 0xff, 0xff, 0xff, 0xfe, 0xff,
  0x00, 0x00, 0xfd, 0xff, 0x00, 0x00, 0xfd, 0xff, 0x00, 0x00, 0xfe, 0xff,
  0xff, 0xff, 0xfe, 0xff, 0xff, 0xff, 0xfe, 0xff, 0xff, 0xff, 0xfe, 0xff,
  0xff, 0xff, 0xfd, 0xff, 0x00, 0x00, 0xfd, 0xff, 0x00, 0x00, 0xfe, 0xff,
  0x00, 0x00, 0xff, 0xff, 0x00, 0x00, 0xff, 0xff, 0x00, 0x00, 0xff, 0xff,
  0x00, 0x00, 0xff, 0xff, 0x01, 0x00, 0xff, 0xff, 0x02, 0x00, 0x00, 0x00,
  0x02, 0x00, 0x00, 0x00, 0x02, 0x00, 0x00, 0x00, 0x01, 0x00, 0x00, 0x00,
  0x00, 0x00, 0x00, 0x00, 0x00, 0x00, 0x00, 0x00, 0x01, 0x00, 0x00, 0x00,
  0x01, 0x00, 0x01, 0x00, 0x01, 0x00, 0x02, 0x00, 0x01, 0x00, 0x02, 0x00,
  0x01, 0x00, 0x03, 0x00, 0x00, 0x00, 0x03, 0x00, 0x00, 0x00, 0x03, 0x00,
  0xff, 0xff, 0x03, 0x00, 0x00, 0x00, 0x02, 0x00, 0x00, 0x00, 0x02, 0x00,
  0x00, 0x00, 0x01, 0x00, 0x00, 0x00, 0x00, 0x00, 0xff, 0xff, 0x00, 0x00,
  0xff, 0xff, 0x00, 0x00, 0x00, 0x00, 0x00, 0x00, 0x00, 0x00, 0x00, 0x00,
  0x01, 0x00, 0xff, 0xff, 0x02, 0x00, 0xff, 0xff, 0x02, 0x00, 0xff, 0xff,
  0x01, 0x00, 0xff, 0xff, 0x01, 0x00, 0xfe, 0xff, 0x00, 0x00, 0xfe, 0xff,
  0x01, 0x00, 0xfd, 0xff, 0x01, 0x00, 0xfd, 0xff, 0x02, 0x00, 0xfd, 0xff,
  0x02, 0x00, 0xfe, 0xff, 0x02, 0x00, 0xff, 0xff, 0x02, 0x00, 0xff, 0xff,
  0x02, 0x00, 0xff, 0xff, 0x01, 0x00, 0xfe, 0xff, 0x01, 0x00, 0xfe, 0xff,
  0x00, 0x00, 0xfe, 0xff, 0xff, 0xff, 0xfe, 0xff, 0xfe, 0xff, 0xff, 0xff,
  0xff, 0xff, 0x00, 0x00, 0xff, 0xff, 0x00, 0x00, 0xff, 0xff, 0x00, 0x00,
  0xff, 0xff, 0x00, 0x00, 0xfe, 0xff, 0x01, 0x00, 0xfe, 0xff, 0x01, 0x00,
  0xfd, 0xff, 0x01, 0x00, 0xfd, 0xff, 0x01, 0x00, 0xfd, 0xff, 0x01, 0x00,
  0xfd, 0xff, 0x00, 0x00, 0xfc, 0xff, 0xff, 0xff, 0xfc, 0xff, 0xff, 0xff,
  0xfd, 0xff, 0x00, 0x00, 0xfd, 0xff, 0x00, 0x00, 0xfe, 0xff, 0x01, 0x00,
  0xfe, 0xff, 0x02, 0x00, 0xff, 0xff, 0x02, 0x00, 0xff, 0xff, 0x02, 0x00,
  0xff, 0xff, 0x01, 0x00, 0x00, 0x00, 0x01, 0x00, 0x00, 0x00, 0x02, 0x00,
  0x01, 0x00, 0x02, 0x00, 0x01, 0x00, 0x01, 0x00, 0x01, 0x00, 0x00, 0x00,
  0x02, 0x00, 0x00, 0x00, 0x02, 0x00, 0x00, 0x00, 0x03, 0x00, 0x00, 0x00,
  0x03, 0x00, 0x01, 0x00, 0x04, 0x00, 0x01, 0x00, 0x04, 0x00, 0x00, 0x00,
  0x04, 0x00, 0x00, 0x00, 0x03, 0x00, 0x00, 0x00, 0x02, 0x00, 0x00, 0x00,
  0x03, 0x00, 0x00, 0x00, 0x03, 0x00, 0xff, 0xff, 0x04, 0x00, 0xff, 0xff,
  0x03, 0x00, 0xff, 0xff, 0x03, 0x00, 0xff, 0xff, 0x02, 0x00, 0x00, 0x00,
  0x01, 0x00, 0x00, 0x00, 0x00, 0x00, 0x00, 0x00, 0x00, 0x00, 0x00, 0x00,
  0xff, 0xff, 0x00, 0x00, 0xfe, 0xff, 0x00, 0x00, 0xfd, 0xff, 0xff, 0xff,
  0xfd, 0xff, 0x00, 0x00, 0xfe, 0xff, 0x00, 0x00, 0xff, 0xff, 0x01, 0x00,
  0xff, 0xff, 0x01, 0x00, 0x00, 0x00, 0x01, 0x00, 0x00, 0x00, 0x01, 0x00,
  0x00, 0x00, 0x01, 0x00, 0x00, 0x00, 0x00, 0x00, 0x00, 0x00, 0x00, 0x00,
  0x00, 0x00, 0x00, 0x00, 0x00, 0x00, 0x01, 0x00, 0x00, 0x00, 0x01, 0x00,
  0x00, 0x00, 0x01, 0x00, 0x00, 0x00, 0x00, 0x00, 0x01, 0x00, 0x00, 0x00,
  0x01, 0x00, 0x00, 0x00, 0x01, 0x00, 0x00, 0x00, 0x01, 0x00, 0x01, 0x00,
  0x01, 0x00, 0x01, 0x00, 0x01, 0x00, 0x00, 0x00, 0x01, 0x00, 0x00, 0x00,
  0x01, 0x00, 0x01, 0x00, 0x00, 0x00, 0x01, 0x00, 0xff, 0xff, 0x00, 0x00,
  0xff, 0xff, 0x00, 0x00, 0xff, 0xff, 0x00, 0x00, 0xff, 0xff, 0x01, 0x00,
  0x00, 0x00, 0x01, 0x00, 0x00, 0x00, 0x01, 0x00, 0x00, 0x00, 0x01, 0x00,
  0xff, 0xff, 0x01, 0x00, 0xfe, 0xff, 0x01, 0x00, 0xfd, 0xff, 0x02, 0x00,
  0xfd, 0xff, 0x01, 0x00, 0xfe, 0xff, 0x00, 0x00, 0xfe, 0xff, 0x00, 0x00,
  0xfe, 0xff, 0x00, 0x00, 0xfe, 0xff, 0x00, 0x00, 0xfe, 0xff, 0x00, 0x00,
  0xfe, 0xff, 0xff, 0xff, 0xff, 0xff, 0xfe, 0xff, 0xff, 0xff, 0xfd, 0xff,
  0x00, 0x00, 0xfd, 0xff, 0x00, 0x00, 0xfe, 0xff, 0xff, 0xff, 0xfe, 0xff,
  0xff, 0xff, 0xfe, 0xff, 0xfe, 0xff, 0xff, 0xff, 0xfe, 0xff, 0xff, 0xff,
  0xff, 0xff, 0x00, 0x00, 0xff, 0xff, 0x00, 0x00, 0x00, 0x00, 0x00, 0x00,
  0x01, 0x00, 0x00, 0x00, 0x02, 0x00, 0x00, 0x00, 0x02, 0x00, 0x00, 0x00,
  0x02, 0x00, 0xff, 0xff, 0x02, 0x00, 0xff, 0xff, 0x02, 0x00, 0xff, 0xff,
  0x02, 0x00, 0xff, 0xff, 0x02, 0x00, 0x00, 0x00, 0x01, 0x00, 0x00, 0x00,
  0x01, 0x00, 0x00, 0x00, 0x00, 0x00, 0x00, 0x00, 0x00, 0x00, 0x01, 0x00,
  0x00, 0x00, 0x01, 0x00, 0x00, 0x00, 0x01, 0x00, 0x00, 0x00, 0x02, 0x00,
  0x00, 0x00, 0x02, 0x00, 0x01, 0x00, 0x03, 0x00, 0x01, 0x00, 0x03, 0x00,
  0x00, 0x00, 0x03, 0x00, 0x00, 0x00, 0x02, 0x00, 0x00, 0x00, 0x02, 0x00,
  0x01, 0x00, 0x02, 0x00, 0x01, 0x00, 0x02, 0x00, 0x02, 0x00, 0x01, 0x00,
  0x02, 0x00, 0x01, 0x00, 0x01, 0x00, 0x00, 0x00, 0x01, 0x00, 0x01, 0x00,
  0x00, 0x00, 0x01, 0x00, 0x00, 0x00, 0x01, 0x00, 0x00, 0x00, 0x01, 0x00,
  0x00, 0x00, 0x01, 0x00, 0x00, 0x00, 0x01, 0x00, 0x00, 0x00, 0x01, 0x00,
  0x00, 0x00, 0x01, 0x00, 0x01, 0x00, 0x00, 0x00, 0x01, 0x00, 0xff, 0xff,
  0x01, 0x00, 0xff, 0xff, 0x01, 0x00, 0x00, 0x00, 0x00, 0x00, 0x00, 0x00,
  0xff, 0xff, 0x00, 0x00, 0xfe, 0xff, 0xff, 0xff, 0xfe, 0xff, 0xff, 0xff,
  0xfe, 0xff, 0xff, 0xff, 0xfe, 0xff, 0xff, 0xff, 0xff, 0xff, 0xff, 0xff,
  0xff, 0xff, 0xfe, 0xff, 0xff, 0xff, 0xfe, 0xff, 0xff, 0xff, 0xfe, 0xff,
  0xfe, 0xff, 0xff, 0xff, 0xfe, 0xff, 0x00, 0x00, 0xff, 0xff, 0x00, 0x00,
  0xff, 0xff, 0x00, 0x00, 0x00, 0x00, 0xff, 0xff, 0x00, 0x00, 0xff, 0xff,
  0x00, 0x00, 0xff, 0xff, 0x00, 0x00, 0xff, 0xff, 0x00, 0x00, 0xff, 0xff,
  0x00, 0x00, 0x00, 0x00, 0x00, 0x00, 0x00, 0x00, 0x00, 0x00, 0x01, 0x00,
  0xff, 0xff, 0x01, 0x00, 0xff, 0xff, 0x01, 0x00, 0x00, 0x00, 0x01, 0x00,
  0x00, 0x00, 0x01, 0x00, 0x00, 0x00, 0x00, 0x00, 0x01, 0x00, 0xff, 0xff,
  0x01, 0x00, 0xff, 0xff, 0x02, 0x00, 0xff, 0xff, 0x02, 0x00, 0x00, 0x00,
  0x01, 0x00, 0x00, 0x00, 0x00, 0x00, 0x00, 0x00, 0xff, 0xff, 0xff, 0xff,
  0xff, 0xff, 0x00, 0x00, 0xff, 0xff, 0x00, 0x00, 0xff, 0xff, 0x00, 0x00,
  0x00, 0x00, 0x01, 0x00, 0xff, 0xff, 0x01, 0x00, 0xff, 0xff, 0x00, 0x00,
  0xff, 0xff, 0x00, 0x00, 0x00, 0x00, 0x00, 0x00, 0x00, 0x00, 0x00, 0x00,
  0x00, 0x00, 0x01, 0x00, 0x00, 0x00, 0x01, 0x00, 0x00, 0x00, 0x01, 0x00,
  0x00, 0x00, 0x01, 0x00, 0xff, 0xff, 0x01, 0x00, 0xff, 0xff, 0x00, 0x00,
  0xff, 0xff, 0x00, 0x00, 0x00, 0x00, 0xff, 0xff, 0x00, 0x00, 0x00, 0x00,
  0x01, 0x00, 0x00, 0x00, 0x01, 0x00, 0x00, 0x00, 0x01, 0x00, 0x00, 0x00,
  0x01, 0x00, 0xff, 0xff, 0x01, 0x00, 0xff, 0xff, 0x02, 0x00, 0xff, 0xff,
  0x02, 0x00, 0x00, 0x00, 0x02, 0x00, 0x00, 0x00, 0x01, 0x00, 0x00, 0x00,
  0x01, 0x00, 0x00, 0x00, 0x00, 0x00, 0x00, 0x00, 0x00, 0x00, 0x00, 0x00,
  0xff, 0xff, 0x00, 0x00, 0x00, 0x00, 0x00, 0x00, 0x00, 0x00, 0x01, 0x00,
  0x00, 0x00, 0x01, 0x00, 0x00, 0x00, 0x01, 0x00, 0xff, 0xff, 0x01, 0x00,
  0xff, 0xff, 0x01, 0x00, 0xff, 0xff, 0x01, 0x00, 0xff, 0xff, 0x01, 0x00,
  0x00, 0x00, 0x01, 0x00, 0x00, 0x00, 0x01, 0x00, 0x00, 0x00, 0x01, 0x00,
  0x00, 0x00, 0x01, 0x00, 0x00, 0x00, 0x01, 0x00, 0x01, 0x00, 0x01, 0x00,
  0x01, 0x00, 0x00, 0x00, 0x01, 0x00, 0x00, 0x00, 0x01, 0x00, 0xff, 0xff,
  0x01, 0x00, 0xff, 0xff, 0x01, 0x00, 0xff, 0xff, 0x01, 0x00, 0x00, 0x00,
  0x01, 0x00, 0x00, 0x00, 0x01, 0x00, 0xff, 0xff, 0x01, 0x00, 0xff, 0xff,
  0x01, 0x00, 0xff, 0xff, 0x01, 0x00, 0xff, 0xff, 0x02, 0x00, 0xff, 0xff,
  0x02, 0x00, 0xfe, 0xff, 0x01, 0x00, 0xfe, 0xff, 0x00, 0x00, 0xfd, 0xff,
  0xff, 0xff, 0xfd, 0xff, 0xfe, 0xff, 0xfd, 0xff, 0xfe, 0xff, 0xfd, 0xff,
  0xfe, 0xff, 0xfe, 0xff, 0xfe, 0xff, 0xff, 0xff, 0xff, 0xff, 0x00, 0x00,
  0xff, 0xff, 0x00, 0x00, 0xff, 0xff, 0x00, 0x00, 0x00, 0x00, 0x00, 0x00,
  0x00, 0x00, 0x00, 0x00, 0x00, 0x00, 0x01, 0x00, 0xff, 0xff, 0x01, 0x00,
  0xfe, 0xff, 0x01, 0x00, 0xfe, 0xff, 0x01, 0x00, 0xfe, 0xff, 0x01, 0x00,
  0xfe, 0xff, 0x02, 0x00, 0xff, 0xff, 0x02, 0x00, 0xff, 0xff, 0x02, 0x00,
  0xff, 0xff, 0x02, 0x00, 0x00, 0x00, 0x01, 0x00, 0x00, 0x00, 0x01, 0x00,
  0x00, 0x00, 0x01, 0x00, 0x00, 0x00, 0x01, 0x00, 0x00, 0x00, 0x01, 0x00,
  0x00, 0x00, 0x01, 0x00, 0x00, 0x00, 0x01, 0x00, 0x00, 0x00, 0x01, 0x00,
  0x00, 0x00, 0x01, 0x00, 0x00, 0x00, 0x01, 0x00, 0x01, 0x00, 0x01, 0x00,
  0x01, 0x00, 0x00, 0x00, 0x01, 0x00, 0xff, 0xff, 0x01, 0x00, 0xff, 0xff,
  0x00, 0x00, 0xfe, 0xff, 0x00, 0x00, 0xfe, 0xff, 0x00, 0x00, 0xff, 0xff,
  0x00, 0x00, 0xff, 0xff, 0x00, 0x00, 0xff, 0xff, 0x00, 0x00, 0xff, 0xff,
  0x00, 0x00, 0xff, 0xff, 0x00, 0x00, 0xff, 0xff, 0x00, 0x00, 0x00, 0x00,
  0x00, 0x00, 0x00, 0x00, 0x00, 0x00, 0x00, 0x00, 0x00, 0x00, 0xff, 0xff,
  0xff, 0xff, 0xff, 0xff, 0xfe, 0xff, 0xff, 0xff, 0xfe, 0xff, 0xff, 0xff,
  0xff, 0xff, 0x00, 0x00, 0xff, 0xff, 0x00, 0x00, 0x00, 0x00, 0x00, 0x00,
  0x00, 0x00, 0x00, 0x00, 0x00, 0x00, 0xff, 0xff, 0x00, 0x00, 0xff, 0xff,
  0x00, 0x00, 0xff, 0xff, 0x01, 0x00, 0xff, 0xff, 0x01, 0x00, 0x00, 0x00,
  0x01, 0x00, 0x00, 0x00, 0x01, 0x00, 0x00, 0x00, 0x01, 0x00, 0x00, 0x00,
  0x02, 0x00, 0xff, 0xff, 0x03, 0x00, 0xff, 0xff, 0x04, 0x00, 0xff, 0xff,
  0x04, 0x00, 0xff, 0xff, 0x03, 0x00, 0xff, 0xff, 0x03, 0x00, 0xff, 0xff,
  0x03, 0x00, 0xff, 0xff, 0x03, 0x00, 0xff, 0xff, 0x02, 0x00, 0x00, 0x00,
  0x02, 0x00, 0x01, 0x00, 0x02, 0x00, 0x01, 0x00, 0x02, 0x00, 0x01, 0x00,
  0x01, 0x00, 0x00, 0x00, 0x00, 0x00, 0x00, 0x00, 0xff, 0xff, 0x00, 0x00,
  0xff, 0xff, 0x00, 0x00, 0xff, 0xff, 0x00, 0x00, 0xff, 0xff, 0x00, 0x00,
  0xfe, 0xff, 0x01, 0x00, 0xfe, 0xff, 0x01, 0x00, 0xfd, 0xff, 0x01, 0x00,
  0xfe, 0xff, 0x01, 0x00, 0xfe, 0xff, 0x01, 0x00, 0xfe, 0xff, 0x01, 0x00,
  0xff, 0xff, 0x00, 0x00, 0xff, 0xff, 0x00, 0x00, 0xff, 0xff, 0x00, 0x00,
  0xff, 0xff, 0x00, 0x00, 0xff, 0xff, 0x00, 0x00, 0xff, 0xff, 0x00, 0x00,
  0xff, 0xff, 0x00, 0x00, 0xff, 0xff, 0x00, 0x00, 0xff, 0xff, 0x00, 0x00,
  0x00, 0x00, 0x00, 0x00, 0x00, 0x00, 0xff, 0xff, 0x00, 0x00, 0xff, 0xff,
  0x00, 0x00, 0xfe, 0xff, 0x00, 0x00, 0xfe, 0xff, 0x00, 0x00, 0xfe, 0xff,
  0x00, 0x00, 0xff, 0xff, 0x00, 0x00, 0xff, 0xff, 0x00, 0x00, 0xff, 0xff,
  0xff, 0xff, 0xff, 0xff, 0xfe, 0xff, 0xff, 0xff, 0xfd, 0xff, 0xff, 0xff,
  0xfd, 0xff, 0xff, 0xff, 0xfd, 0xff, 0xff, 0xff, 0xfe, 0xff, 0xff, 0xff,
  0xff, 0xff, 0xff, 0xff, 0x00, 0x00, 0xff, 0xff, 0xff, 0xff, 0x00, 0x00,
  0xff, 0xff, 0x01, 0x00, 0x00, 0x00, 0x02, 0x00, 0x01, 0x00, 0x02, 0x00,
  0x02, 0x00, 0x02, 0x00, 0x02, 0x00, 0x02, 0x00, 0x02, 0x00, 0x01, 0x00,
  0x02, 0x00, 0x00, 0x00, 0x02, 0x00, 0x00, 0x00, 0x02, 0x00, 0x00, 0x00,
  0x02, 0x00, 0x01, 0x00, 0x03, 0x00, 0x01, 0x00, 0x03, 0x00, 0x02, 0x00,
  0x04, 0x00, 0x01, 0x00, 0x04, 0x00, 0x01, 0x00, 0x03, 0x00, 0x01, 0x00,
  0x03, 0x00, 0x01, 0x00, 0x02, 0x00, 0x00, 0x00, 0x02, 0x00, 0x00, 0x00,
  0x02, 0x00, 0x00, 0x00, 0x02, 0x00, 0x00, 0x00, 0x01, 0x00, 0x00, 0x00,
  0x01, 0x00, 0x00, 0x00, 0x01, 0x00, 0x01, 0x00, 0x01, 0x00, 0x01, 0x00,
  0x01, 0x00, 0x01, 0x00, 0x00, 0x00, 0x01, 0x00, 0x00, 0x00, 0x00, 0x00,
  0xff, 0xff, 0x00, 0x00, 0xfe, 0xff, 0x00, 0x00, 0xfe, 0xff, 0x00, 0x00,
  0xfd, 0xff, 0x00, 0x00, 0xfd, 0xff, 0x00, 0x00, 0xfd, 0xff, 0x00, 0x00,
  0xfe, 0xff, 0x00, 0x00, 0xfe, 0xff, 0x00, 0x00, 0xff, 0xff, 0x00, 0x00,
  0xff, 0xff, 0x00, 0x00, 0xff, 0xff, 0xff, 0xff, 0xfe, 0xff, 0xfe, 0xff,
  0xfe, 0xff, 0xfd, 0xff, 0xff, 0xff, 0xfe, 0xff, 0xff, 0xff, 0xff, 0xff,
  0xff, 0xff, 0xff, 0xff, 0x00, 0x00, 0xff, 0xff, 0x00, 0x00, 0xff, 0xff,
  0x01, 0x00, 0x00, 0x00, 0x01, 0x00, 0x00, 0x00, 0x01, 0x00, 0x00, 0x00,
  0x01, 0x00, 0x00, 0x00, 0x01, 0x00, 0x00, 0x00, 0x02, 0x00, 0x00, 0x00,
  0x01, 0x00, 0x00, 0x00, 0x00, 0x00, 0x00, 0x00, 0xff, 0xff, 0x01, 0x00,
  0xfe, 0xff, 0x02, 0x00, 0xfe, 0xff, 0x02, 0x00, 0xff, 0xff, 0x02, 0x00,
  0xff, 0xff, 0x01, 0x00, 0xff, 0xff, 0x00, 0x00, 0xff, 0xff, 0xff, 0xff,
  0xfe, 0xff, 0xff, 0xff, 0xfe, 0xff, 0xff, 0xff, 0xff, 0xff, 0xff, 0xff,
  0x00, 0x00, 0xff, 0xff, 0x00, 0x00, 0x00, 0x00, 0xff, 0xff, 0x00, 0x00,
  0xff, 0xff, 0x01, 0x00, 0xff, 0xff, 0x01, 0x00, 0xfe, 0xff, 0x01, 0x00,
  0xfe, 0xff, 0x00, 0x00, 0xfe, 0xff, 0x00, 0x00, 0xff, 0xff, 0x00, 0x00,
  0xff, 0xff, 0x00, 0x00, 0x00, 0x00, 0x00, 0x00, 0x00, 0x00, 0x00, 0x00,
  0x00, 0x00, 0x01, 0x00, 0x00, 0x00, 0x01, 0x00, 0x00, 0x00, 0x01, 0x00,
  0x01, 0x00, 0x01, 0x00, 0x01, 0x00, 0x00, 0x00, 0x02, 0x00, 0x00, 0x00,
  0x02, 0x00, 0x00, 0x00, 0x02, 0x00, 0x00, 0x00, 0x01, 0x00, 0x00, 0x00,
  0x01, 0x00, 0xff, 0xff, 0x01, 0x00, 0xff, 0xff, 0x02, 0x00, 0x00, 0x00,
  0x02, 0x00, 0x01, 0x00, 0x02, 0x00, 0x02, 0x00, 0x01, 0x00, 0x02, 0x00,
  0x00, 0x00, 0x01, 0x00, 0x00, 0x00, 0x00, 0x00, 0x00, 0x00, 0x00, 0x00,
  0x00, 0x00, 0x00, 0x00, 0x00, 0x00, 0x00, 0x00, 0x00, 0x00, 0xff, 0xff,
  0xff, 0xff, 0xff, 0xff, 0xff, 0xff, 0xff, 0xff, 0xff, 0xff, 0x00, 0x00,
  0xff, 0xff, 0x01, 0x00, 0xff, 0xff, 0x01, 0x00, 0xff, 0xff, 0x01, 0x00,
  0xff, 0xff, 0x00, 0x00, 0xff, 0xff, 0xff, 0xff, 0xff, 0xff, 0xfe, 0xff,
  0xff, 0xff, 0xff, 0xff, 0xff, 0xff, 0xff, 0xff, 0xff, 0xff, 0x00, 0x00,
  0x00, 0x00, 0x00, 0x00, 0x01, 0x00, 0x01, 0x00, 0x01, 0x00, 0x01, 0x00,
  0x01, 0x00, 0x01, 0x00, 0x02, 0x00, 0x01, 0x00, 0x02, 0x00, 0x01, 0x00,
  0x01, 0x00, 0x00, 0x00, 0x01, 0x00, 0x00, 0x00, 0x01, 0x00, 0x00, 0x00,
  0x01, 0x00, 0x01, 0x00, 0x01, 0x00, 0x01, 0x00, 0x01, 0x00, 0x01, 0x00,
  0x01, 0x00, 0x01, 0x00, 0x00, 0x00, 0x01, 0x00, 0x00, 0x00, 0x01, 0x00,
  0x01, 0x00, 0x00, 0x00, 0x01, 0x00, 0xff, 0xff, 0x01, 0x00, 0xfe, 0xff,
  0x00, 0x00, 0xff, 0xff, 0xff, 0xff, 0xff, 0xff, 0xff, 0xff, 0x00, 0x00,
  0xfe, 0xff, 0xff, 0xff, 0xfe, 0xff, 0xff, 0xff, 0xfe, 0xff, 0xff, 0xff,
  0xfe, 0xff, 0xff, 0xff, 0xfe, 0xff, 0xff, 0xff, 0xfe, 0xff, 0xff, 0xff,
  0xfe, 0xff, 0xff, 0xff, 0xfe, 0xff, 0xff, 0xff, 0xfe, 0xff, 0xff, 0xff,
  0xff, 0xff, 0xff, 0xff, 0xff, 0xff, 0xff, 0xff, 0xff, 0xff, 0x00, 0x00,
  0xff, 0xff, 0x01, 0x00, 0xff, 0xff, 0x01, 0x00, 0xff, 0xff, 0x01, 0x00,
  0x00, 0x00, 0x01, 0x00, 0x00, 0x00, 0x01, 0x00, 0x01, 0x00, 0x01, 0x00,
  0x01, 0x00, 0x01, 0x00, 0x01, 0x00, 0x00, 0x00, 0x01, 0x00, 0xff, 0xff,
  0x02, 0x00, 0xff, 0xff, 0x02, 0x00, 0x00, 0x00, 0x02, 0x00, 0x00, 0x00,
  0x02, 0x00, 0x01, 0x00, 0x02, 0x00, 0x01, 0x00, 0x02, 0x00, 0x00, 0x00,
  0x01, 0x00, 0x00, 0x00, 0x01, 0x00, 0x00, 0x00, 0x00, 0x00, 0x00, 0x00,
  0x00, 0x00, 0x00, 0x00, 0x00, 0x00, 0x00, 0x00, 0x00, 0x00, 0x00, 0x00,
  0x00, 0x00, 0x00, 0x00, 0x00, 0x00, 0x01, 0x00, 0x01, 0x00, 0x01, 0x00,
  0x01, 0x00, 0x01, 0x00, 0x01, 0x00, 0x01, 0x00, 0x01, 0x00, 0x01, 0x00,
  0x01, 0x00, 0x01, 0x00, 0x00, 0x00, 0x01, 0x00, 0x00, 0x00, 0x01, 0x00,
  0x00, 0x00, 0x01, 0x00, 0x00, 0x00, 0x01, 0x00, 0x00, 0x00, 0x01, 0x00,
  0x00, 0x00, 0x00, 0x00, 0x00, 0x00, 0x00, 0x00, 0x00, 0x00, 0x00, 0x00,
  0x00, 0x00, 0x00, 0x00, 0x00, 0x00, 0x00, 0x00, 0x00, 0x00, 0x00, 0x00,
  0x00, 0x00, 0x00, 0x00, 0xff, 0xff, 0x00, 0x00, 0xff, 0xff, 0xff, 0xff,
  0xfe, 0xff, 0xff, 0xff, 0xff, 0xff, 0xff, 0xff, 0xff, 0xff, 0xff, 0xff,
  0xff, 0xff, 0xff, 0xff, 0xff, 0xff, 0xff, 0xff, 0xff, 0xff, 0x00, 0x00,
  0xff, 0xff, 0x00, 0x00, 0xff, 0xff, 0x00, 0x00, 0xff, 0xff, 0x00, 0x00,
  0xff, 0xff, 0x00, 0x00, 0xfe, 0xff, 0x01, 0x00, 0xfe, 0xff, 0x01, 0x00,
  0xfe, 0xff, 0x01, 0x00, 0xfe, 0xff, 0x01, 0x00, 0xfe, 0xff, 0x01, 0x00,
  0xff, 0xff, 0x00, 0x00, 0xff, 0xff, 0x00, 0x00, 0xff, 0xff, 0x00, 0x00,
  0x00, 0x00, 0x00, 0x00, 0x00, 0x00, 0x00, 0x00, 0xff, 0xff, 0x00, 0x00,
  0xff, 0xff, 0xff, 0xff, 0xff, 0xff, 0x00, 0x00, 0x00, 0x00, 0x00, 0x00,
  0x01, 0x00, 0x00, 0x00, 0x01, 0x00, 0x01, 0x00, 0x00, 0x00, 0x01, 0x00,
  0x00, 0x00, 0x00, 0x00, 0x01, 0x00, 0xff, 0xff, 0x01, 0x00, 0xff, 0xff,
  0x02, 0x00, 0xff, 0xff, 0x01, 0x00, 0x00, 0x00, 0x01, 0x00, 0x02, 0x00,
  0x01, 0x00, 0x02, 0x00, 0x01, 0x00, 0x03, 0x00, 0x01, 0x00, 0x02, 0x00,
  0x01, 0x00, 0x02, 0x00, 0x01, 0x00, 0x01, 0x00, 0x01, 0x00, 0x01, 0x00,
  0x01, 0x00, 0x01, 0x00, 0x01, 0x00, 0x00, 0x00, 0x01, 0x00, 0x00, 0x00,
  0x01, 0x00, 0x00, 0x00, 0x01, 0x00, 0x00, 0x00, 0x01, 0x00, 0x00, 0x00,
  0x01, 0x00, 0x00, 0x00, 0x00, 0x00, 0x00, 0x00, 0x00, 0x00, 0x00, 0x00,
  0x00, 0x00, 0x00, 0x00, 0x00, 0x00, 0xff, 0xff, 0x00, 0x00, 0xfd, 0xff,
  0x01, 0x00, 0xfd, 0xff, 0x00, 0x00, 0xfd, 0xff, 0x00, 0x00, 0xfd, 0xff,
  0x00, 0x00, 0xfd, 0xff, 0x01, 0x00, 0xfe, 0xff, 0x01, 0x00, 0xfe, 0xff,
  0x00, 0x00, 0xfe, 0xff, 0x00, 0x00, 0xfe, 0xff, 0x00, 0x00, 0xfe, 0xff,
  0x00, 0x00, 0xff, 0xff, 0x00, 0x00, 0xff, 0xff, 0x00, 0x00, 0xff, 0xff,
  0xff, 0xff, 0xff, 0xff, 0xff, 0xff, 0x00, 0x00, 0xff, 0xff, 0x00, 0x00,
  0x00, 0x00, 0x00, 0x00, 0x00, 0x00, 0x01, 0x00, 0x00, 0x00, 0x01, 0x00,
  0x00, 0x00, 0x01, 0x00, 0x00, 0x00, 0x01, 0x00, 0x00, 0x00, 0x01, 0x00,
  0x00, 0x00, 0x01, 0x00, 0x00, 0x00, 0x01, 0x00, 0x00, 0x00, 0x01, 0x00,
  0x00, 0x00, 0x01, 0x00, 0x00, 0x00, 0x01, 0x00, 0x01, 0x00, 0x02, 0x00,
  0x00, 0x00, 0x02, 0x00, 0x00, 0x00, 0x02, 0x00, 0x00, 0x00, 0x01, 0x00,
  0x00, 0x00, 0x01, 0x00, 0x00, 0x00, 0x01, 0x00, 0x00, 0x00, 0x01, 0x00,
  0x00, 0x00, 0x00, 0x00, 0x01, 0x00, 0x00, 0x00, 0x01, 0x00, 0x00, 0x00,
  0x02, 0x00, 0x00, 0x00, 0x02, 0x00, 0x00, 0x00, 0x02, 0x00, 0x00, 0x00,
  0x02, 0x00, 0x00, 0x00, 0x01, 0x00, 0x00, 0x00, 0x00, 0x00, 0x01, 0x00,
  0x00, 0x00, 0x01, 0x00, 0xff, 0xff, 0x01, 0x00, 0xff, 0xff, 0x00, 0x00,
  0xff, 0xff, 0x00, 0x00, 0xff, 0xff, 0x00, 0x00, 0xff, 0xff, 0x00, 0x00,
  0xff, 0xff, 0x01, 0x00, 0xfe, 0xff, 0x01, 0x00, 0xfe, 0xff, 0x01, 0x00,
  0xff, 0xff, 0x01, 0x00, 0xff, 0xff, 0x01, 0x00, 0xfe, 0xff, 0x00, 0x00,
  0xff, 0xff, 0x00, 0x00, 0xff, 0xff, 0x00, 0x00, 0xff, 0xff, 0x00, 0x00,
  0xff, 0xff, 0x00, 0x00, 0xff, 0xff, 0x00, 0x00, 0xff, 0xff, 0x00, 0x00,
  0xff, 0xff, 0xff, 0xff, 0xff, 0xff, 0xff, 0xff, 0xff, 0xff, 0xff, 0xff,
  0xff, 0xff, 0xff, 0xff, 0xff, 0xff, 0xfe, 0xff, 0x00, 0x00, 0xfd, 0xff,
  0x01, 0x00, 0xfd, 0xff, 0x01, 0x00, 0xfd, 0xff, 0x02, 0x00, 0xfe, 0xff,
  0x02, 0x00, 0xfe, 0xff, 0x02, 0x00, 0xfe, 0xff, 0x02, 0x00, 0xfe, 0xff,
  0x02, 0x00, 0xff, 0xff, 0x02, 0x00, 0xff, 0xff, 0x02, 0x00, 0xff, 0xff,
  0x01, 0x00, 0xff, 0xff, 0x01, 0x00, 0xff, 0xff, 0x02, 0x00, 0xff, 0xff,
  0x02, 0x00, 0xff, 0xff, 0x02, 0x00, 0xff, 0xff, 0x02, 0x00, 0xff, 0xff,
  0x02, 0x00, 0x00, 0x00, 0x02, 0x00, 0x00, 0x00, 0x01, 0x00, 0x01, 0x00,
  0x00, 0x00, 0x02, 0x00, 0xfe, 0xff, 0x02, 0x00, 0xfd, 0xff, 0x01, 0x00,
  0xfd, 0xff, 0x01, 0x00, 0xfd, 0xff, 0x01, 0x00, 0xfd, 0xff, 0x02, 0x00,
  0xfd, 0xff, 0x02, 0x00, 0xfe, 0xff, 0x02, 0x00, 0xfe, 0xff, 0x02, 0x00,
  0xff, 0xff, 0x02, 0x00, 0xff, 0xff, 0x02, 0x00, 0xff, 0xff, 0x02, 0x00,
  0xff, 0xff, 0x02, 0x00, 0xff, 0xff, 0x02, 0x00, 0xff, 0xff, 0x02, 0x00,
  0xff, 0xff, 0x02, 0x00, 0xff, 0xff, 0x01, 0x00, 0xff, 0xff, 0x01, 0x00,
  0x00, 0x00, 0x00, 0x00, 0x00, 0x00, 0x00, 0x00, 0x00, 0x00, 0x00, 0x00,
  0x00, 0x00, 0x00, 0x00, 0x00, 0x00, 0xff, 0xff, 0x00, 0x00, 0xff, 0xff,
  0x00, 0x00, 0xfe, 0xff, 0x00, 0x00, 0xfe, 0xff, 0x00, 0x00, 0xfe, 0xff,
  0x00, 0x00, 0xfd, 0xff, 0x01, 0x00, 0xfd, 0xff, 0x01, 0x00, 0xfd, 0xff,
  0x01, 0x00, 0xfd, 0xff, 0x01, 0x00, 0xfd, 0xff, 0x01, 0x00, 0xfe, 0xff,
  0x00, 0x00, 0xfe, 0xff, 0x00, 0x00, 0xfe, 0xff, 0xff, 0xff, 0xfe, 0xff,
  0xff, 0xff, 0xff, 0xff, 0xff, 0xff, 0xff, 0xff, 0x00, 0x00, 0x00, 0x00,
  0x01, 0x00, 0x00, 0x00, 0x01, 0x00, 0x01, 0x00, 0x01, 0x00, 0x01, 0x00,
  0x02, 0x00, 0x01, 0x00, 0x02, 0x00, 0x01, 0x00, 0x02, 0x00, 0x01, 0x00,
  0x02, 0x00, 0x01, 0x00, 0x01, 0x00, 0x00, 0x00, 0x01, 0x00, 0x00, 0x00,
  0x01, 0x00, 0x00, 0x00, 0x01, 0x00, 0x01, 0x00, 0x01, 0x00, 0x01, 0x00,
  0x02, 0x00, 0x01, 0x00, 0x01, 0x00, 0x01, 0x00, 0x00, 0x00, 0x01, 0x00,
  0x00, 0x00, 0x01, 0x00, 0x00, 0x00, 0x00, 0x00, 0x00, 0x00, 0x00, 0x00,
  0x00, 0x00, 0x00, 0x00, 0x00, 0x00, 0x00, 0x00, 0x00, 0x00, 0x00, 0x00,
  0x00, 0x00, 0x00, 0x00, 0x00, 0x00, 0x00, 0x00, 0x00, 0x00, 0x00, 0x00,
  0x00, 0x00, 0x00, 0x00, 0xff, 0xff, 0x00, 0x00, 0xfe, 0xff, 0x00, 0x00,
  0xfe, 0xff, 0x00, 0x00, 0xfe, 0xff, 0xff, 0xff, 0xfe, 0xff, 0xff, 0xff,
  0xfe, 0xff, 0xff, 0xff, 0xfe, 0xff, 0x00, 0x00, 0xff, 0xff, 0x00, 0x00,
  0xff, 0xff, 0x00, 0x00, 0xff, 0xff, 0x00, 0x00, 0x00, 0x00, 0xff, 0xff,
  0x00, 0x00, 0xff, 0xff, 0x00, 0x00, 0xff, 0xff, 0x00, 0x00, 0x00, 0x00,
  0x01, 0x00, 0x00, 0x00, 0x01, 0x00, 0x00, 0x00, 0x01, 0x00, 0x00, 0x00,
  0x01, 0x00, 0x00, 0x00, 0x01, 0x00, 0x00, 0x00, 0x02, 0x00, 0x00, 0x00,
  0x02, 0x00, 0x00, 0x00, 0x03, 0x00, 0x00, 0x00, 0x03, 0x00, 0xff, 0xff,
  0x03, 0x00, 0xff, 0xff, 0x03, 0x00, 0xfe, 0xff, 0x02, 0x00, 0xfe, 0xff,
  0x02, 0x00, 0xff, 0xff, 0x01, 0x00, 0x00, 0x00, 0x01, 0x00, 0x01, 0x00,
  0x00, 0x00, 0x01, 0x00, 0x00, 0x00, 0x01, 0x00, 0x00, 0x00, 0x01, 0x00,
  0xff, 0xff, 0x01, 0x00, 0xff, 0xff, 0x01, 0x00, 0xff, 0xff, 0x01, 0x00,
  0xfe, 0xff, 0x01, 0x00, 0xfe, 0xff, 0x01, 0x00, 0xfe, 0xff, 0x00, 0x00,
  0xfe, 0xff, 0x00, 0x00, 0xfe, 0xff, 0x00, 0x00, 0xfd, 0xff, 0x01, 0x00,
  0xfd, 0xff, 0x02, 0x00, 0xfd, 0xff, 0x01, 0x00, 0xfd, 0xff, 0x01, 0x00,
  0xfd, 0xff, 0x00, 0x00, 0xfd, 0xff, 0x00, 0x00, 0xfe, 0xff, 0x00, 0x00,
  0xfe, 0xff, 0x00, 0x00, 0xfe, 0xff, 0x00, 0x00, 0xfe, 0xff, 0x00, 0x00,
  0xfe, 0xff, 0x00, 0x00, 0xff, 0xff, 0x00, 0x00, 0xff, 0xff, 0x00, 0x00,
  0x00, 0x00, 0x00, 0x00, 0x00, 0x00, 0xff, 0xff, 0x01, 0x00, 0xff, 0xff,
  0x01, 0x00, 0xff, 0xff, 0x01, 0x00, 0xff, 0xff, 0x02, 0x00, 0xff, 0xff,
  0x02, 0x00, 0xff, 0xff, 0x03, 0x00, 0xff, 0xff, 0x03, 0x00, 0xff, 0xff,
  0x02, 0x00, 0xff, 0xff, 0x02, 0x00, 0xff, 0xff, 0x02, 0x00, 0xff, 0xff,
  0x01, 0x00, 0xff, 0xff, 0x01, 0x00, 0xff, 0xff, 0x01, 0x00, 0xff, 0xff,
  0x01, 0x00, 0xff, 0xff, 0x01, 0x00, 0xff, 0xff, 0x01, 0x00, 0xff, 0xff,
  0x01, 0x00, 0xff, 0xff, 0x01, 0x00, 0x00, 0x00, 0x01, 0x00, 0x00, 0x00,
  0x01, 0x00, 0x00, 0x00, 0x01, 0x00, 0x00, 0x00, 0x00, 0x00, 0x00, 0x00,
  0xff, 0xff, 0xff, 0xff, 0xff, 0xff, 0x00, 0x00, 0xff, 0xff, 0x00, 0x00,
  0x00, 0x00, 0x01, 0x00, 0x00, 0x00, 0x01, 0x00, 0x01, 0x00, 0x00, 0x00,
  0x01, 0x00, 0x00, 0x00, 0x01, 0x00, 0x00, 0x00, 0x01, 0x00, 0x00, 0x00,
  0x01, 0x00, 0x00, 0x00, 0x01, 0x00, 0x00, 0x00, 0x00, 0x00, 0x00, 0x00,
  0xff, 0xff, 0x00, 0x00, 0xff, 0xff, 0x00, 0x00, 0xff, 0xff, 0x00, 0x00,
  0x00, 0x00, 0x01, 0x00, 0x00, 0x00, 0x01, 0x00, 0x00, 0x00, 0x01, 0x00,
  0x00, 0x00, 0x01, 0x00, 0x00, 0x00, 0x01, 0x00, 0x00, 0x00, 0x01, 0x00,
  0xff, 0xff, 0x01, 0x00, 0xff, 0xff, 0x01, 0x00, 0xff, 0xff, 0x01, 0x00,
  0xfe, 0xff, 0x00, 0x00, 0xfd, 0xff, 0x00, 0x00, 0xfd, 0xff, 0x01, 0x00,
  0xfd, 0xff, 0x01, 0x00, 0xfe, 0xff, 0x01, 0x00, 0xfe, 0xff, 0x01, 0x00,
  0xfe, 0xff, 0x00, 0x00, 0xfe, 0xff, 0x00, 0x00, 0xfe, 0xff, 0x00, 0x00,
  0xff, 0xff, 0x00, 0x00, 0xfe, 0xff, 0x01, 0x00, 0xfe, 0xff, 0x01, 0x00,
  0xfe, 0xff, 0x01, 0x00, 0xfe, 0xff, 0x00, 0x00, 0xfe, 0xff, 0x00, 0x00,
  0xff, 0xff, 0x00, 0x00, 0xff, 0xff, 0x00, 0x00, 0x00, 0x00, 0x01, 0x00,
  0x01, 0x00, 0x01, 0x00, 0x01, 0x00, 0x01, 0x00, 0x02, 0x00, 0x00, 0x00,
  0x02, 0x00, 0xff, 0xff, 0x02, 0x00, 0x00, 0x00, 0x02, 0x00, 0x00, 0x00,
  0x02, 0x00, 0x01, 0x00, 0x02, 0x00, 0x00, 0x00, 0x03, 0x00, 0xff, 0xff,
  0x03, 0x00, 0xff, 0xff, 0x03, 0x00, 0xff, 0xff, 0x03, 0x00, 0x00, 0x00,
  0x02, 0x00, 0x00, 0x00, 0x02, 0x00, 0x00, 0x00, 0x02, 0x00, 0xff, 0xff,
  0x02, 0x00, 0xfe, 0xff, 0x01, 0x00, 0xff, 0xff, 0x01, 0x00, 0xff, 0xff,
  0x01, 0x00, 0x00, 0x00, 0x01, 0x00, 0x01, 0x00, 0x01, 0x00, 0x01, 0x00,
  0x01, 0x00, 0x00, 0x00, 0x01, 0x00, 0x00, 0x00, 0x01, 0x00, 0xff, 0xff,
  0x01, 0x00, 0xff, 0xff, 0x00, 0x00, 0x00, 0x00, 0x00, 0x00, 0x00, 0x00,
  0x00, 0x00, 0x00, 0x00, 0xff, 0xff, 0xff, 0xff, 0xff, 0xff, 0xff, 0xff,
  0xff, 0xff, 0xff, 0xff, 0x00, 0x00, 0xff, 0xff, 0x00, 0x00, 0xff, 0xff,
  0x00, 0x00, 0xff, 0xff, 0x00, 0x00, 0xff, 0xff, 0x00, 0x00, 0xff, 0xff,
  0x00, 0x00, 0xff, 0xff, 0x00, 0x00, 0x00, 0x00, 0x00, 0x00, 0x00, 0x00,
  0x00, 0x00, 0x00, 0x00, 0xff, 0xff, 0x00, 0x00, 0xff, 0xff, 0x00, 0x00,
  0xff, 0xff, 0x00, 0x00, 0xff, 0xff, 0x01, 0x00, 0xff, 0xff, 0x01, 0x00,
  0xff, 0xff, 0x01, 0x00, 0xff, 0xff, 0x01, 0x00, 0xff, 0xff, 0x01, 0x00,
  0xff, 0xff, 0x01, 0x00, 0xfe, 0xff, 0x01, 0x00, 0xfe, 0xff, 0x02, 0x00,
  0xfe, 0xff, 0x02, 0x00, 0xfe, 0xff, 0x02, 0x00, 0xfe, 0xff, 0x01, 0x00,
  0xfe, 0xff, 0x01, 0x00, 0xfe, 0xff, 0x00, 0x00, 0xff, 0xff, 0x01, 0x00,
  0xff, 0xff, 0x01, 0x00, 0xff, 0xff, 0x02, 0x00, 0xff, 0xff, 0x01, 0x00,
  0xff, 0xff, 0x01, 0x00, 0x00, 0x00, 0x01, 0x00, 0x00, 0x00, 0x01, 0x00,
  0x00, 0x00, 0x01, 0x00, 0x00, 0x00, 0x01, 0x00, 0x00, 0x00, 0x00, 0x00,
  0x01, 0x00, 0x00, 0x00, 0x01, 0x00, 0x00, 0x00, 0x01, 0x00, 0x00, 0x00,
  0x01, 0x00, 0x00, 0x00, 0x01, 0x00, 0x00, 0x00, 0x01, 0x00, 0x00, 0x00,
  0x01, 0x00, 0xff, 0xff, 0x01, 0x00, 0xff, 0xff, 0x01, 0x00, 0xff, 0xff,
  0x01, 0x00, 0xfe, 0xff, 0x01, 0x00, 0xfe, 0xff, 0x01, 0x00, 0xfe, 0xff,
  0x02, 0x00, 0xfe, 0xff, 0x02, 0x00, 0xfe, 0xff, 0x02, 0x00, 0xfe, 0xff,
  0x02, 0x00, 0xfe, 0xff, 0x01, 0x00, 0xff, 0xff, 0x01, 0x00, 0xff, 0xff,
  0x00, 0x00, 0xff, 0xff, 0x00, 0x00, 0xff, 0xff, 0x00, 0x00, 0x00, 0x00,
  0x00, 0x00, 0x00, 0x00, 0x00, 0x00, 0x00, 0x00, 0x00, 0x00, 0x00, 0x00,
  0x00, 0x00, 0x00, 0x00, 0x00, 0x00, 0x00, 0x00, 0x00, 0x00, 0x00, 0x00,
  0x01, 0x00, 0x00, 0x00, 0x00, 0x00, 0x00, 0x00, 0x00, 0x00, 0x00, 0x00,
  0xff, 0xff, 0x00, 0x00, 0xff, 0xff, 0x00, 0x00, 0xff, 0xff, 0x00, 0x00,
  0xff, 0xff, 0x01, 0x00, 0x00, 0x00, 0x01, 0x00, 0x00, 0x00, 0x01, 0x00,
  0x01, 0x00, 0x01, 0x00, 0x01, 0x00, 0x01, 0x00, 0x01, 0x00, 0x01, 0x00,
  0x01, 0x00, 0x01, 0x00, 0x00, 0x00, 0x01, 0x00, 0x00, 0x00, 0x01, 0x00,
  0x00, 0x00, 0x00, 0x00, 0xff, 0xff, 0x00, 0x00, 0xff, 0xff, 0x00, 0x00,
  0xfe, 0xff, 0x00, 0x00, 0xfe, 0xff, 0x00, 0x00, 0xff, 0xff, 0x00, 0x00,
  0xff, 0xff, 0x00, 0x00, 0xff, 0xff, 0x00, 0x00, 0xff, 0xff, 0x01, 0x00,
  0xff, 0xff, 0x01, 0x00, 0xfe, 0xff, 0x01, 0x00, 0xfe, 0xff, 0x01, 0x00,
  0xfe, 0xff, 0x00, 0x00, 0xfe, 0xff, 0x00, 0x00, 0xff, 0xff, 0x00, 0x00,
  0xff, 0xff, 0xff, 0xff, 0x00, 0x00, 0xff, 0xff, 0x00, 0x00, 0xff, 0xff,
  0x00, 0x00, 0xff, 0xff, 0x00, 0x00, 0x00, 0x00, 0x00, 0x00, 0x01, 0x00,
  0x00, 0x00, 0x01, 0x00, 0x00, 0x00, 0x00, 0x00, 0x00, 0x00, 0x00, 0x00,
  0x00, 0x00, 0x00, 0x00, 0x00, 0x00, 0x01, 0x00, 0x00, 0x00, 0x01, 0x00,
  0x00, 0x00, 0x01, 0x00, 0x00, 0x00, 0x01, 0x00, 0x00, 0x00, 0x01, 0x00,
  0x00, 0x00, 0x01, 0x00, 0x00, 0x00, 0x01, 0x00, 0x00, 0x00, 0x00, 0x00,
  0x00, 0x00, 0x00, 0x00, 0x00, 0x00, 0xff, 0xff, 0x00, 0x00, 0xff, 0xff,
  0xff, 0xff, 0xff, 0xff, 0xff, 0xff, 0x00, 0x00, 0xff, 0xff, 0x00, 0x00,
  0x00, 0x00, 0x01, 0x00, 0x00, 0x00, 0x02, 0x00, 0x01, 0x00, 0x02, 0x00,
  0x01, 0x00, 0x01, 0x00, 0x00, 0x00, 0x01, 0x00, 0x00, 0x00, 0x00, 0x00,
  0x00, 0x00, 0x00, 0x00, 0x01, 0x00, 0xff, 0xff, 0x01, 0x00, 0xff, 0xff,
  0x02, 0x00, 0xff, 0xff, 0x02, 0x00, 0xff, 0xff, 0x02, 0x00, 0xff, 0xff,
  0x02, 0x00, 0xff, 0xff, 0x02, 0x00, 0xff, 0xff, 0x02, 0x00, 0xff, 0xff,
  0x02, 0x00, 0xff, 0xff, 0x02, 0x00, 0x00, 0x00, 0x02, 0x00, 0x00, 0x00,
  0x01, 0x00, 0x00, 0x00, 0x01, 0x00, 0x00, 0x00, 0x01, 0x00, 0xff, 0xff,
  0x01, 0x00, 0xff, 0xff, 0x01, 0x00, 0xff, 0xff, 0x01, 0x00, 0x00, 0x00,
  0x00, 0x00, 0x00, 0x00, 0xff, 0xff, 0x00, 0x00, 0xff, 0xff, 0x00, 0x00,
  0xff, 0xff, 0x00, 0x00, 0xff, 0xff, 0xff, 0xff, 0xfe, 0xff, 0xff, 0xff,
  0xfe, 0xff, 0xff, 0xff, 0xfe, 0xff, 0x00, 0x00, 0xfe, 0xff, 0x00, 0x00,
  0xff, 0xff, 0x00, 0x00, 0xff, 0xff, 0x00, 0x00, 0xff, 0xff, 0x00, 0x00,
  0xfe, 0xff, 0x01, 0x00, 0xfe, 0xff, 0x00, 0x00, 0xfe, 0xff, 0x00, 0x00,
  0xff, 0xff, 0x00, 0x00, 0xff, 0xff, 0x00, 0x00, 0xff, 0xff, 0x00, 0x00,
  0xff, 0xff, 0x00, 0x00, 0xff, 0xff, 0x01, 0x00, 0xff, 0xff, 0x01, 0x00,
  0x00, 0x00, 0x01, 0x00, 0x01, 0x00, 0x01, 0x00, 0x01, 0x00, 0x01, 0x00,
  0x00, 0x00, 0x01, 0x00, 0x00, 0x00, 0x01, 0x00, 0x01, 0x00, 0x00, 0x00,
  0x02, 0x00, 0x00, 0x00, 0x02, 0x00, 0x00, 0x00, 0x02, 0x00, 0x00, 0x00,
  0x02, 0x00, 0x00, 0x00, 0x02, 0x00, 0x00, 0x00, 0x02, 0x00, 0x01, 0x00,
  0x02, 0x00, 0x01, 0x00, 0x02, 0x00, 0x01, 0x00, 0x01, 0x00, 0x00, 0x00,
  0x01, 0x00, 0x00, 0x00, 0x01, 0x00, 0x00, 0x00, 0x02, 0x00, 0x01, 0x00,
  0x02, 0x00, 0x01, 0x00, 0x01, 0x00, 0x01, 0x00, 0x00, 0x00, 0x01, 0x00,
  0x00, 0x00, 0x01, 0x00, 0x00, 0x00, 0x01, 0x00, 0x00, 0x00, 0x01, 0x00,
  0x00, 0x00, 0x02, 0x00, 0xff, 0xff, 0x01, 0x00, 0xff, 0xff, 0x00, 0x00,
  0xff, 0xff, 0xff, 0xff, 0xff, 0xff, 0xfe, 0xff, 0xff, 0xff, 0xfe, 0xff,
  0xff, 0xff, 0xfe, 0xff, 0xff, 0xff, 0xff, 0xff, 0xff, 0xff, 0xff, 0xff,
  0x00, 0x00, 0x00, 0x00, 0x00, 0x00, 0x00, 0x00, 0x00, 0x00, 0x00, 0x00,
  0xff, 0xff, 0xff, 0xff, 0xff, 0xff, 0xff, 0xff, 0x00, 0x00, 0xff, 0xff,
  0x00, 0x00, 0xff, 0xff, 0x00, 0x00, 0xfe, 0xff, 0x00, 0x00, 0xfe, 0xff,
  0x00, 0x00, 0xff, 0xff, 0x00, 0x00, 0xff, 0xff, 0x00, 0x00, 0xff, 0xff,
  0x00, 0x00, 0xff, 0xff, 0x00, 0x00, 0xff, 0xff, 0x00, 0x00, 0xff, 0xff,
  0x00, 0x00, 0xff, 0xff, 0x00, 0x00, 0xff, 0xff, 0x00, 0x00, 0xff, 0xff,
  0x00, 0x00, 0xff, 0xff, 0x00, 0x00, 0xff, 0xff, 0x00, 0x00, 0xff, 0xff,
  0x00, 0x00, 0x00, 0x00, 0x00, 0x00, 0x00, 0x00, 0xff, 0xff, 0x00, 0x00,
  0xff, 0xff, 0x01, 0x00, 0x00, 0x00, 0x01, 0x00, 0x00, 0x00, 0x01, 0x00,
  0x00, 0x00, 0x01, 0x00, 0x00, 0x00, 0x01, 0x00, 0x00, 0x00, 0x01, 0x00,
  0xff, 0xff, 0x01, 0x00, 0xff, 0xff, 0x01, 0x00, 0x00, 0x00, 0x01, 0x00,
  0x00, 0x00, 0x01, 0x00, 0x00, 0x00, 0x01, 0x00, 0x00, 0x00, 0x01, 0x00,
  0x01, 0x00, 0x01, 0x00, 0x01, 0x00, 0x01, 0x00, 0x01, 0x00, 0x01, 0x00,
  0x01, 0x00, 0x01, 0x00, 0x01, 0x00, 0x00, 0x00, 0x00, 0x00, 0x00, 0x00,
  0x00, 0x00, 0xff, 0xff, 0xff, 0xff, 0xff, 0xff, 0xff, 0xff, 0xff, 0xff,
  0xff, 0xff, 0x00, 0x00, 0xff, 0xff, 0x00, 0x00, 0xff, 0xff, 0x00, 0x00,
  0xff, 0xff, 0x00, 0x00, 0xff, 0xff, 0x00, 0x00, 0xfe, 0xff, 0x00, 0x00,
  0xfe, 0xff, 0x00, 0x00, 0xfe, 0xff, 0x01, 0x00, 0xfe, 0xff, 0x01, 0x00,
  0xff, 0xff, 0x00, 0x00, 0xfe, 0xff, 0x00, 0x00, 0xfe, 0xff, 0xff, 0xff,
  0xfd, 0xff, 0xff, 0xff, 0xfe, 0xff, 0xff, 0xff, 0xff, 0xff, 0xff, 0xff,
  0x00, 0x00, 0xff, 0xff, 0x01, 0x00, 0xff, 0xff, 0x01, 0x00, 0x00, 0x00,
  0x01, 0x00, 0x00, 0x00, 0x01, 0x00, 0x00, 0x00, 0x01, 0x00, 0x00, 0x00,
  0x02, 0x00, 0x00, 0x00, 0x02, 0x00, 0x00, 0x00, 0x03, 0x00, 0x00, 0x00,
  0x03, 0x00, 0x00, 0x00, 0x03, 0x00, 0x00, 0x00, 0x03, 0x00, 0x00, 0x00,
  0x03, 0x00, 0x00, 0x00, 0x03, 0x00, 0xff, 0xff, 0x03, 0x00, 0xff, 0xff,
  0x02, 0x00, 0x00, 0x00, 0x02, 0x00, 0x00, 0x00, 0x01, 0x00, 0x00, 0x00,
  0x00, 0x00, 0x00, 0x00, 0x00, 0x00, 0x00, 0x00, 0xff, 0xff, 0x00, 0x00,
  0xff, 0xff, 0x00, 0x00, 0xfe, 0xff, 0x00, 0x00, 0xfe, 0xff, 0x01, 0x00,
  0xff, 0xff, 0x01, 0x00, 0xfe, 0xff, 0x01, 0x00, 0xfe, 0xff, 0x01, 0x00,
  0xfe, 0xff, 0x01, 0x00, 0xfd, 0xff, 0x01, 0x00, 0xfe, 0xff, 0x01, 0x00,
  0xfe, 0xff, 0x01, 0x00, 0xff, 0xff, 0x01, 0x00, 0xff, 0xff, 0x00, 0x00,
  0xfe, 0xff, 0x00, 0x00, 0xfe, 0xff, 0xff, 0xff, 0xff, 0xff, 0xff, 0xff,
  0xff, 0xff, 0xff, 0xff, 0x00, 0x00, 0xff, 0xff, 0x00, 0x00, 0xff, 0xff,
  0x00, 0x00, 0xff, 0xff, 0x00, 0x00, 0xff, 0xff, 0x01, 0x00, 0xff, 0xff,
  0x01, 0x00, 0xff, 0xff, 0x01, 0x00, 0xff, 0xff, 0x01, 0x00, 0xff, 0xff,
  0x01, 0x00, 0xff, 0xff, 0x01, 0x00, 0xff, 0xff, 0x01, 0x00, 0x00, 0x00,
  0x01, 0x00, 0x00, 0x00, 0x01, 0x00, 0x00, 0x00, 0x01, 0x00, 0x00, 0x00,
  0x01, 0x00, 0x00, 0x00, 0x01, 0x00, 0x00, 0x00, 0x01, 0x00, 0x01, 0x00,
  0x01, 0x00, 0x01, 0x00, 0x01, 0x00, 0x01, 0x00, 0x01, 0x00, 0x00, 0x00,
  0x00, 0x00, 0x00, 0x00, 0x00, 0x00, 0x00, 0x00, 0xff, 0xff, 0x00, 0x00,
  0x00, 0x00, 0x00, 0x00, 0x00, 0x00, 0x00, 0x00, 0x00, 0x00, 0x00, 0x00,
  0xff, 0xff, 0x00, 0x00, 0xff, 0xff, 0x00, 0x00, 0xff, 0xff, 0x00, 0x00,
  0xff, 0xff, 0x00, 0x00, 0xff, 0xff, 0x00, 0x00, 0xff, 0xff, 0x01, 0x00,
  0x00, 0x00, 0x01, 0x00, 0x00, 0x00, 0x01, 0x00, 0x00, 0x00, 0x00, 0x00,
  0x00, 0x00, 0x00, 0x00, 0x00, 0x00, 0x00, 0x00, 0x00, 0x00, 0x00, 0x00,
  0x00, 0x00, 0x00, 0x00, 0x01, 0x00, 0x00, 0x00, 0x01, 0x00, 0x00, 0x00,
  0x01, 0x00, 0xff, 0xff, 0x01, 0x00, 0xff, 0xff, 0x00, 0x00, 0x00, 0x00,
  0x00, 0x00, 0x00, 0x00, 0x00, 0x00, 0x00, 0x00, 0x00, 0x00, 0x00, 0x00,
  0x00, 0x00, 0x00, 0x00, 0x00, 0x00, 0x00, 0x00, 0xff, 0xff, 0x00, 0x00,
  0xff, 0xff, 0x00, 0x00, 0xff, 0xff, 0xff, 0xff, 0xff, 0xff, 0xff, 0xff,
  0xff, 0xff, 0xff, 0xff, 0xff, 0xff, 0xff, 0xff, 0xff, 0xff, 0xff, 0xff,
  0xff, 0xff, 0xff, 0xff, 0xfe, 0xff, 0xff, 0xff, 0xfe, 0xff, 0xff, 0xff,
  0xfe, 0xff, 0xff, 0xff, 0xff, 0xff, 0xff, 0xff, 0xff, 0xff, 0xff, 0xff,
  0x00, 0x00, 0xff, 0xff, 0x00, 0x00, 0xff, 0xff, 0x00, 0x00, 0xff, 0xff,
  0xff, 0xff, 0xff, 0xff, 0xff, 0xff, 0xff, 0xff, 0xff, 0xff, 0xff, 0xff,
  0x00, 0x00, 0xff, 0xff, 0x01, 0x00, 0xff, 0xff, 0x01, 0x00, 0xff, 0xff,
  0x01, 0x00, 0x00, 0x00, 0x01, 0x00, 0x00, 0x00, 0x01, 0x00, 0x00, 0x00,
  0x02, 0x00, 0x00, 0x00, 0x02, 0x00, 0x00, 0x00, 0x02, 0x00, 0x01, 0x00,
  0x02, 0x00, 0x01, 0x00, 0x02, 0x00, 0x02, 0x00, 0x02, 0x00, 0x02, 0x00,
  0x01, 0x00, 0x02, 0x00, 0x01, 0x00, 0x01, 0x00, 0x00, 0x00, 0x01, 0x00,
  0x00, 0x00, 0x01, 0x00, 0x00, 0x00, 0x01, 0x00, 0x00, 0x00, 0x01, 0x00,
  0xff, 0xff, 0x01, 0x00, 0xff, 0xff, 0x01, 0x00, 0xfe, 0xff, 0x01, 0x00,
  0xfe, 0xff, 0x01, 0x00, 0xff, 0xff, 0x01, 0x00, 0xff, 0xff, 0x02, 0x00,
  0xfe, 0xff, 0x01, 0x00, 0xfe, 0xff, 0x01, 0x00, 0xfe, 0xff, 0x00, 0x00,
  0xfe, 0xff, 0x00, 0x00, 0xfe, 0xff, 0x00, 0x00, 0xfe, 0xff, 0x00, 0x00,
  0xff, 0xff, 0x00, 0x00, 0x00, 0x00, 0x01, 0x00, 0x00, 0x00, 0x01, 0x00,
  0x00, 0x00, 0x01, 0x00, 0x00, 0x00, 0x00, 0x00, 0x00, 0x00, 0x00, 0x00,
  0x01, 0x00, 0xff, 0xff, 0x01, 0x00, 0xfe, 0xff, 0x02, 0x00, 0xff, 0xff,
  0x02, 0x00, 0xff, 0xff, 0x02, 0x00, 0xff, 0xff, 0x02, 0x00, 0xff, 0xff,
  0x01, 0x00, 0xff, 0xff, 0x01, 0x00, 0xff, 0xff, 0x01, 0x00, 0xff, 0xff,
  0x01, 0x00, 0xff, 0xff, 0x01, 0x00, 0x00, 0x00, 0x01, 0x00, 0x00, 0x00,
  0x00, 0x00, 0xff, 0xff, 0x00, 0x00, 0xff, 0xff, 0x00, 0x00, 0xff, 0xff,
  0xff, 0xff, 0xff, 0xff, 0xff, 0xff, 0xff, 0xff, 0xff, 0xff, 0xff, 0xff,
  0xff, 0xff, 0x00, 0x00, 0xff, 0xff, 0x00, 0x00, 0xff, 0xff, 0x00, 0x00,
  0xff, 0xff, 0x00, 0x00, 0xff, 0xff, 0x00, 0x00, 0xff, 0xff, 0x00, 0x00,
  0xff, 0xff, 0x00, 0x00, 0x00, 0x00, 0x00, 0x00, 0x00, 0x00, 0x00, 0x00,
  0x00, 0x00, 0x00, 0x00, 0x00, 0x00, 0x00, 0x00, 0x00, 0x00, 0x00, 0x00,
  0x00, 0x00, 0x00, 0x00, 0x01, 0x00, 0x00, 0x00, 0x01, 0x00, 0x00, 0x00,
  0x01, 0x00, 0x00, 0x00, 0x01, 0x00, 0x00, 0x00, 0x01, 0x00, 0x00, 0x00,
  0x01, 0x00, 0x00, 0x00, 0x01, 0x00, 0x00, 0x00, 0x01, 0x00, 0x00, 0x00,
  0x01, 0x00, 0x00, 0x00, 0x00, 0x00, 0x00, 0x00, 0x00, 0x00, 0x00, 0x00,
  0x01, 0x00, 0x00, 0x00, 0x01, 0x00, 0x00, 0x00, 0x01, 0x00, 0x00, 0x00,
  0x00, 0x00, 0x00, 0x00, 0x00, 0x00, 0x00, 0x00, 0x00, 0x00, 0x01, 0x00,
  0x00, 0x00, 0x01, 0x00, 0xff, 0xff, 0x02, 0x00, 0xff, 0xff, 0x01, 0x00,
  0xff, 0xff, 0x01, 0x00, 0xff, 0xff, 0x01, 0x00, 0xff, 0xff, 0x01, 0x00,
  0xff, 0xff, 0x01, 0x00, 0x00, 0x00, 0x01, 0x00, 0x00, 0x00, 0x01, 0x00,
  0x00, 0x00, 0x01, 0x00, 0xff, 0xff, 0x01, 0x00, 0xff, 0xff, 0x00, 0x00,
  0xff, 0xff, 0x00, 0x00, 0x00, 0x00, 0xff, 0xff, 0x00, 0x00, 0xff, 0xff,
  0x00, 0x00, 0xff, 0xff, 0x00, 0x00, 0xff, 0xff, 0x00, 0x00, 0xff, 0xff,
  0x00, 0x00, 0xff, 0xff, 0x00, 0x00, 0x00, 0x00, 0x00, 0x00, 0x00, 0x00,
  0x00, 0x00, 0x01, 0x00, 0x00, 0x00, 0x01, 0x00, 0x00, 0x00, 0x00, 0x00,
  0x00, 0x00, 0x00, 0x00, 0x00, 0x00, 0xff, 0xff, 0x00, 0x00, 0x00, 0x00,
  0x01, 0x00, 0x00, 0x00, 0x01, 0x00, 0x00, 0x00, 0x01, 0x00, 0x00, 0x00,
  0x00, 0x00, 0x00, 0x00, 0x00, 0x00, 0x01, 0x00, 0x00, 0x00, 0x01, 0x00,
  0x00, 0x00, 0x01, 0x00, 0x00, 0x00, 0x01, 0x00, 0x00, 0x00, 0x01, 0x00,
  0x00, 0x00, 0x01, 0x00, 0x00, 0x00, 0x01, 0x00, 0x00, 0x00, 0x01, 0x00,
  0x01, 0x00, 0x01, 0x00, 0x01, 0x00, 0x00, 0x00, 0x01, 0x00, 0x00, 0x00,
  0x01, 0x00, 0xff, 0xff, 0x00, 0x00, 0xff, 0xff, 0x00, 0x00, 0x00, 0x00,
  0x00, 0x00, 0x00, 0x00, 0x00, 0x00, 0x00, 0x00, 0x00, 0x00, 0x00, 0x00,
  0x01, 0x00, 0x00, 0x00, 0x01, 0x00, 0xff, 0xff, 0x01, 0x00, 0xfe, 0xff,
  0x01, 0x00, 0xff, 0xff, 0x01, 0x00, 0xff, 0xff, 0x01, 0x00, 0xff, 0xff,
  0x01, 0x00, 0xff, 0xff, 0x01, 0x00, 0xff, 0xff, 0x00, 0x00, 0xff, 0xff,
  0x00, 0x00, 0xff, 0xff, 0x00, 0x00, 0xff, 0xff, 0x01, 0x00, 0xff, 0xff,
  0x00, 0x00, 0xff, 0xff, 0x00, 0x00, 0xff, 0xff, 0xff, 0xff, 0xff, 0xff,
  0xff, 0xff, 0xff, 0xff, 0xff, 0xff, 0xff, 0xff, 0xfe, 0xff, 0x00, 0x00,
  0xfe, 0xff, 0x01, 0x00, 0xfe, 0xff, 0x01, 0x00, 0xfd, 0xff, 0x01, 0x00,
  0xfe, 0xff, 0x01, 0x00, 0xfe, 0xff, 0x00, 0x00, 0xfe, 0xff, 0x00, 0x00,
  0xff, 0xff, 0x00, 0x00, 0x00, 0x00, 0x00, 0x00, 0x00, 0x00, 0x00, 0x00,
  0x00, 0x00, 0x00, 0x00, 0x00, 0x00, 0x00, 0x00, 0x00, 0x00, 0x00, 0x00,
  0x01, 0x00, 0x00, 0x00, 0x01, 0x00, 0x00, 0x00, 0x01, 0x00, 0x00, 0x00,
  0x01, 0x00, 0x00, 0x00, 0x01, 0x00, 0x00, 0x00, 0x01, 0x00, 0x00, 0x00,
  0x01, 0x00, 0x00, 0x00, 0x02, 0x00, 0x00, 0x00, 0x02, 0x00, 0x00, 0x00,
  0x02, 0x00, 0x00, 0x00, 0x02, 0x00, 0x00, 0x00, 0x02, 0x00, 0x00, 0x00,
  0x01, 0x00, 0x00, 0x00, 0x01, 0x00, 0x01, 0x00, 0x00, 0x00, 0x01, 0x00,
  0x00, 0x00, 0x01, 0x00, 0x00, 0x00, 0x01, 0x00, 0xff, 0xff, 0x01, 0x00,
  0xff, 0xff, 0x01, 0x00, 0x00, 0x00, 0x01, 0x00, 0x00, 0x00, 0x01, 0x00,
  0x00, 0x00, 0x01, 0x00, 0x00, 0x00, 0x00, 0x00, 0xff, 0xff, 0x00, 0x00,
  0xfe, 0xff, 0x00, 0x00, 0xfe, 0xff, 0xff, 0xff, 0xff, 0xff, 0x00, 0x00,
  0xff, 0xff, 0x00, 0x00, 0xff, 0xff, 0x00, 0x00, 0xff, 0xff, 0x00, 0x00,
  0xff, 0xff, 0x00, 0x00, 0xff, 0xff, 0x01, 0x00, 0x00, 0x00, 0x01, 0x00,
  0x00, 0x00, 0x01, 0x00, 0x00, 0x00, 0x01, 0x00, 0x00, 0x00, 0x01, 0x00,
  0x00, 0x00, 0x01, 0x00, 0x00, 0x00, 0x01, 0x00, 0x00, 0x00, 0x01, 0x00,
  0x00, 0x00, 0x01, 0x00, 0x01, 0x00, 0x01, 0x00, 0x01, 0x00, 0x00, 0x00,
  0x01, 0x00, 0x00, 0x00, 0x01, 0x00, 0x00, 0x00, 0x01, 0x00, 0x00, 0x00,
  0x00, 0x00, 0x00, 0x00, 0x00, 0x00, 0x00, 0x00, 0x00, 0x00, 0x00, 0x00,
  0xff, 0xff, 0x00, 0x00, 0xff, 0xff, 0x00, 0x00, 0xff, 0xff, 0xff, 0xff,
  0xff, 0xff, 0xff, 0xff, 0xff, 0xff, 0xff, 0xff, 0x00, 0x00, 0xff, 0xff,
  0x00, 0x00, 0xff, 0xff, 0x00, 0x00, 0xff, 0xff, 0x00, 0x00, 0xff, 0xff,
  0x00, 0x00, 0xff, 0xff, 0xff, 0xff, 0x00, 0x00, 0xff, 0xff, 0x00, 0x00,
  0xff, 0xff, 0x00, 0x00, 0xff, 0xff, 0x00, 0x00, 0xff, 0xff, 0x00, 0x00,
  0x00, 0x00, 0x00, 0x00, 0x00, 0x00, 0x00, 0x00, 0x01, 0x00, 0x00, 0x00,
  0x01, 0x00, 0x00, 0x00, 0x01, 0x00, 0x00, 0x00, 0x02, 0x00, 0x00, 0x00,
  0x01, 0x00, 0x00, 0x00, 0x01, 0x00, 0x00, 0x00, 0x01, 0x00, 0x00, 0x00,
  0x01, 0x00, 0x00, 0x00, 0x01, 0x00, 0x00, 0x00, 0x01, 0x00, 0x00, 0x00,
  0x01, 0x00, 0x00, 0x00, 0x00, 0x00, 0x00, 0x00, 0x00, 0x00, 0x00, 0x00,
  0x00, 0x00, 0xff, 0xff, 0x00, 0x00, 0xff, 0xff, 0x00, 0x00, 0x00, 0x00,
  0x00, 0x00, 0x00, 0x00, 0x00, 0x00, 0x00, 0x00, 0x00, 0x00, 0xff, 0xff,
  0xff, 0xff, 0xff, 0xff, 0xff, 0xff, 0x00, 0x00, 0xff, 0xff, 0x00, 0x00,
  0xff, 0xff, 0x00, 0x00, 0x00, 0x00, 0xff, 0xff, 0x00, 0x00, 0x00, 0x00,
  0x00, 0x00, 0x00, 0x00, 0x00, 0x00, 0x01, 0x00, 0x00, 0x00, 0x01, 0x00,
  0x00, 0x00, 0x01, 0x00, 0x00, 0x00, 0x01, 0x00, 0x00, 0x00, 0x00, 0x00,
  0x00, 0x00, 0x01, 0x00, 0x00, 0x00, 0x01, 0x00, 0x00, 0x00, 0x01, 0x00,
  0x00, 0x00, 0x00, 0x00, 0x01, 0x00, 0x00, 0x00, 0x01, 0x00, 0x00, 0x00,
  0x01, 0x00, 0x01, 0x00, 0x01, 0x00, 0x02, 0x00, 0x01, 0x00, 0x02, 0x00,
  0x01, 0x00, 0x02, 0x00, 0x00, 0x00, 0x01, 0x00, 0xff, 0xff, 0x01, 0x00,
  0xff, 0xff, 0x00, 0x00, 0xff, 0xff, 0x00, 0x00, 0xff, 0xff, 0x00, 0x00,
  0x00, 0x00, 0x00, 0x00, 0x00, 0x00, 0x00, 0x00, 0x00, 0x00, 0x00, 0x00,
  0xff, 0xff, 0x00, 0x00, 0xff, 0xff, 0x00, 0x00, 0xfe, 0xff, 0x00, 0x00,
  0xff, 0xff, 0x00, 0x00, 0xff, 0xff, 0x00, 0x00, 0xff, 0xff, 0x00, 0x00,
  0xff, 0xff, 0x00, 0x00, 0xfe, 0xff, 0xff, 0xff, 0xff, 0xff, 0xff, 0xff,
  0xff, 0xff, 0xff, 0xff, 0x00, 0x00, 0xff, 0xff, 0x00, 0x00, 0xff, 0xff,
  0x00, 0x00, 0xff, 0xff, 0x00, 0x00, 0xff, 0xff, 0x01, 0x00, 0xff, 0xff,
  0x01, 0x00, 0xff, 0xff, 0x01, 0x00, 0x00, 0x00, 0x01, 0x00, 0xff, 0xff,
  0x01, 0x00, 0xff, 0xff, 0x01, 0x00, 0xff, 0xff, 0x02, 0x00, 0xff, 0xff,
  0x02, 0x00, 0x00, 0x00, 0x01, 0x00, 0x00, 0x00, 0x01, 0x00, 0x00, 0x00,
  0x01, 0x00, 0x00, 0x00, 0x01, 0x00, 0x00, 0x00, 0x01, 0x00, 0xff, 0xff,
  0x01, 0x00, 0xff, 0xff, 0x01, 0x00, 0x00, 0x00, 0x01, 0x00, 0x00, 0x00,
  0x00, 0x00, 0x00, 0x00, 0x00, 0x00, 0x00, 0x00, 0x00, 0x00, 0x00, 0x00,
  0x00, 0x00, 0x00, 0x00, 0x00, 0x00, 0x00, 0x00, 0x00, 0x00, 0x01, 0x00,
  0x00, 0x00, 0x01, 0x00, 0xff, 0xff, 0x01, 0x00, 0xfe, 0xff, 0x00, 0x00,
  0xfe, 0xff, 0x00, 0x00, 0xff, 0xff, 0x00, 0x00, 0xff, 0xff, 0x00, 0x00,
  0xff, 0xff, 0x00, 0x00, 0xff, 0xff, 0x00, 0x00, 0xff, 0xff, 0x01, 0x00,
  0xff, 0xff, 0x01, 0x00, 0x00, 0x00, 0x01, 0x00, 0x00, 0x00, 0x01, 0x00,
  0x00, 0x00, 0x01, 0x00, 0x00, 0x00, 0x01, 0x00, 0x00, 0x00, 0x01, 0x00,
  0x00, 0x00, 0x01, 0x00, 0x01, 0x00, 0x01, 0x00, 0x01, 0x00, 0x01, 0x00,
  0x01, 0x00, 0x01, 0x00, 0x01, 0x00, 0x02, 0x00, 0x01, 0x00, 0x02, 0x00,
  0x01, 0x00, 0x02, 0x00, 0x01, 0x00, 0x01, 0x00, 0x00, 0x00, 0x01, 0x00,
  0x00, 0x00, 0x01, 0x00, 0x00, 0x00, 0x01, 0x00, 0x00, 0x00, 0x01, 0x00,
  0x00, 0x00, 0x00, 0x00, 0x00, 0x00, 0x00, 0x00, 0x00, 0x00, 0x00, 0x00,
  0x00, 0x00, 0x00, 0x00, 0xff, 0xff, 0x00, 0x00, 0xff, 0xff, 0x00, 0x00,
  0xff, 0xff, 0x00, 0x00, 0xff, 0xff, 0x00, 0x00, 0xff, 0xff, 0xff, 0xff,
  0xff, 0xff, 0xff, 0xff, 0xff, 0xff, 0xff, 0xff, 0xff, 0xff, 0xfe, 0xff,
  0xff, 0xff, 0xfe, 0xff, 0xff, 0xff, 0xfe, 0xff, 0x00, 0x00, 0xfe, 0xff,
  0x00, 0x00, 0xfe, 0xff, 0x00, 0x00, 0xfe, 0xff, 0x00, 0x00, 0xff, 0xff,
  0x00, 0x00, 0xff, 0xff, 0x00, 0x00, 0xff, 0xff, 0x01, 0x00, 0xff, 0xff,
  0x01, 0x00, 0xff, 0xff, 0x01, 0x00, 0xff, 0xff, 0x01, 0x00, 0xff, 0xff,
  0x01, 0x00, 0x00, 0x00, 0x01, 0x00, 0x00, 0x00, 0x01, 0x00, 0x00, 0x00,
  0x01, 0x00, 0x00, 0x00, 0x01, 0x00, 0x00, 0x00, 0x01, 0x00, 0x00, 0x00,
  0x01, 0x00, 0x00, 0x00, 0x00, 0x00, 0x00, 0x00, 0x00, 0x00, 0x00, 0x00,
  0x00, 0x00, 0x00, 0x00, 0xff, 0xff, 0x00, 0x00, 0xff, 0xff, 0x00, 0x00,
  0xff, 0xff, 0x00, 0x00, 0xff, 0xff, 0x00, 0x00, 0x00, 0x00, 0x00, 0x00,
  0x00, 0x00, 0x00, 0x00, 0x00, 0x00, 0x00, 0x00, 0xff, 0xff, 0x00, 0x00,
  0xff, 0xff, 0x00, 0x00, 0xfe, 0xff, 0x00, 0x00, 0xfe, 0xff, 0x00, 0x00,
  0xfe, 0xff, 0x00, 0x00, 0xff, 0xff, 0x00, 0x00, 0xff, 0xff, 0x00, 0x00,
  0xff, 0xff, 0x00, 0x00, 0xff, 0xff, 0x00, 0x00, 0x00, 0x00, 0x00, 0x00,
  0x00, 0x00, 0x00, 0x00, 0x01, 0x00, 0x00, 0x00, 0x01, 0x00, 0x00, 0x00,
  0x01, 0x00, 0x00, 0x00, 0x01, 0x00, 0x01, 0x00, 0x01, 0x00, 0x01, 0x00,
  0x01, 0x00, 0x01, 0x00, 0x02, 0x00, 0x01, 0x00, 0x02, 0x00, 0x01, 0x00,
  0x02, 0x00, 0x01, 0x00, 0x01, 0x00, 0x01, 0x00, 0x01, 0x00, 0x01, 0x00,
  0x01, 0x00, 0x01, 0x00, 0x01, 0x00, 0x01, 0x00, 0x00, 0x00, 0x01, 0x00,
  0x00, 0x00, 0x01, 0x00, 0x00, 0x00, 0x01, 0x00, 0x00, 0x00, 0x01, 0x00,
  0xff, 0xff, 0x01, 0x00, 0xff, 0xff, 0x00, 0x00, 0xff, 0xff, 0x00, 0x00,
  0xff, 0xff, 0x00, 0x00, 0xff, 0xff, 0x00, 0x00, 0xff, 0xff, 0x00, 0x00,
  0xff, 0xff, 0x00, 0x00, 0xff, 0xff, 0xff, 0xff, 0xff, 0xff, 0xff, 0xff,
  0xff, 0xff, 0xff, 0xff, 0xfe, 0xff, 0xff, 0xff, 0xfe, 0xff, 0xff, 0xff,
  0xfe, 0xff, 0x00, 0x00, 0xff, 0xff, 0x00, 0x00, 0xff, 0xff, 0xff, 0xff,
  0x00, 0x00, 0xff, 0xff, 0x01, 0x00, 0xff, 0xff, 0x01, 0x00, 0xff, 0xff,
  0x00, 0x00, 0xff, 0xff, 0x00, 0x00, 0xff, 0xff, 0x00, 0x00, 0xff, 0xff,
  0x01, 0x00, 0xff, 0xff, 0x01, 0x00, 0xff, 0xff, 0x01, 0x00, 0xff, 0xff,
  0x01, 0x00, 0x00, 0x00, 0x01, 0x00, 0x00, 0x00, 0x01, 0x00, 0x00, 0x00,
  0x01, 0x00, 0x00, 0x00, 0x02, 0x00, 0x00, 0x00, 0x01, 0x00, 0x00, 0x00,
  0x01, 0x00, 0x00, 0x00, 0x01, 0x00, 0x00, 0x00, 0x00, 0x00, 0x00, 0x00,
  0x00, 0x00, 0x00, 0x00, 0x00, 0x00, 0x00, 0x00, 0x00, 0x00, 0x00, 0x00,
  0x00, 0x00, 0x00, 0x00, 0x00, 0x00, 0x00, 0x00, 0x01, 0x00, 0x00, 0x00,
  0x01, 0x00, 0x00, 0x00, 0x00, 0x00, 0x00, 0x00, 0x00, 0x00, 0x00, 0x00,
  0xff, 0xff, 0x00, 0x00, 0xff, 0xff, 0x00, 0x00, 0xff, 0xff, 0x00, 0x00,
  0x00, 0x00, 0x00, 0x00, 0x00, 0x00, 0x00, 0x00, 0x00, 0x00, 0x00, 0x00,
  0x00, 0x00, 0xff, 0xff, 0x00, 0x00, 0x00, 0x00, 0x00, 0x00, 0x00, 0x00,
  0x00, 0x00, 0x00, 0x00, 0x00, 0x00, 0x00, 0x00, 0x00, 0x00, 0x00, 0x00,
  0x00, 0x00, 0x00, 0x00, 0x00, 0x00, 0x00, 0x00, 0x00, 0x00, 0x00, 0x00,
  0xff, 0xff, 0x00, 0x00, 0xff, 0xff, 0x00, 0x00, 0x00, 0x00, 0x00, 0x00,
  0x00, 0x00, 0x00, 0x00, 0x00, 0x00, 0x00, 0x00, 0x00, 0x00, 0x00, 0x00,
  0x00, 0x00, 0x00, 0x00, 0xff, 0xff, 0x00, 0x00, 0xff, 0xff, 0x00, 0x00,
  0xff, 0xff, 0x00, 0x00, 0xff, 0xff, 0x00, 0x00, 0xff, 0xff, 0x00, 0x00,
  0xff, 0xff, 0x00, 0x00, 0xff, 0xff, 0x00, 0x00, 0x00, 0x00, 0x00, 0x00,
  0x00, 0x00, 0x00, 0x00, 0x00, 0x00, 0xff, 0xff, 0x00, 0x00, 0xff, 0xff,
  0x00, 0x00, 0xff, 0xff, 0x00, 0x00, 0x00, 0x00, 0x00, 0x00, 0x00, 0x00,
  0x01, 0x00, 0x00, 0x00, 0x00, 0x00, 0x00, 0x00, 0x00, 0x00, 0x00, 0x00,
  0x00, 0x00, 0xff, 0xff, 0x01, 0x00, 0x00, 0x00, 0x01, 0x00, 0x00, 0x00,
  0x01, 0x00, 0x01, 0x00, 0x01, 0x00, 0x01, 0x00, 0x00, 0x00, 0x01, 0x00,
  0x00, 0x00, 0x01, 0x00, 0x00, 0x00, 0x01, 0x00, 0x00, 0x00, 0x01, 0x00,
  0x01, 0x00, 0x01, 0x00, 0x00, 0x00, 0x01, 0x00, 0x00, 0x00, 0x00, 0x00,
  0x00, 0x00, 0x00, 0x00, 0x00, 0x00, 0x00, 0x00, 0xff, 0xff, 0x00, 0x00,
  0x00, 0x00, 0x00, 0x00, 0x00, 0x00, 0x00, 0x00, 0x00, 0x00, 0x00, 0x00,
  0xff, 0xff, 0x00, 0x00, 0x00, 0x00, 0x00, 0x00, 0x00, 0x00, 0x00, 0x00,
  0x00, 0x00, 0x00, 0x00, 0x00, 0x00, 0xff, 0xff, 0x00, 0x00, 0xff, 0xff,
  0x00, 0x00, 0xff, 0xff, 0x00, 0x00, 0xff, 0xff, 0x00, 0x00, 0xff, 0xff,
  0x00, 0x00, 0xff, 0xff, 0x00, 0x00, 0xff, 0xff, 0x00, 0x00, 0xff, 0xff,
  0x01, 0x00, 0xff, 0xff, 0x01, 0x00, 0xff, 0xff, 0x01, 0x00, 0xff, 0xff,
  0x01, 0x00, 0x00, 0x00, 0x01, 0x00, 0x00, 0x00, 0x01, 0x00, 0x00, 0x00,
  0x01, 0x00, 0x00, 0x00, 0x01, 0x00, 0xff, 0xff, 0x01, 0x00, 0xff, 0xff,
  0x01, 0x00, 0xff, 0xff, 0x01, 0x00, 0x00, 0x00, 0x01, 0x00, 0x00, 0x00,
  0x00, 0x00, 0x00, 0x00, 0x00, 0x00, 0x00, 0x00, 0x00, 0x00, 0x01, 0x00,
  0x00, 0x00, 0x00, 0x00, 0x00, 0x00, 0x00, 0x00, 0x00, 0x00, 0x01, 0x00,
  0x00, 0x00, 0x01, 0x00, 0xff, 0xff, 0x01, 0x00, 0xff, 0xff, 0x01, 0x00,
  0xff, 0xff, 0x01, 0x00, 0xff, 0xff, 0x01, 0x00, 0xff, 0xff, 0x01, 0x00,
  0xff, 0xff, 0x01, 0x00, 0xff, 0xff, 0x01, 0x00, 0xff, 0xff, 0x01, 0x00,
  0xff, 0xff, 0x00, 0x00, 0xff, 0xff, 0x00, 0x00, 0xff, 0xff, 0x01, 0x00,
  0x00, 0x00, 0x01, 0x00, 0x00, 0x00, 0x00, 0x00, 0x00, 0x00, 0x00, 0x00,
  0x00, 0x00, 0x00, 0x00, 0x00, 0x00, 0x00, 0x00, 0x00, 0x00, 0x00, 0x00,
  0x00, 0x00, 0x00, 0x00, 0x01, 0x00, 0x00, 0x00, 0x01, 0x00, 0x00, 0x00,
  0x01, 0x00, 0x00, 0x00, 0x00, 0x00, 0x00, 0x00, 0x00, 0x00, 0x00, 0x00,
  0x00, 0x00, 0x00, 0x00, 0x00, 0x00, 0xff, 0xff, 0x00, 0x00, 0xff, 0xff,
  0x00, 0x00, 0xff, 0xff, 0x00, 0x00, 0xff, 0xff, 0x00, 0x00, 0xff, 0xff,
  0xff, 0xff, 0xff, 0xff, 0xff, 0xff, 0xff, 0xff, 0xff, 0xff, 0x00, 0x00,
  0xff, 0xff, 0x00, 0x00, 0xff, 0xff, 0x00, 0x00, 0xff, 0xff, 0xff, 0xff,
  0xff, 0xff, 0xff, 0xff, 0x00, 0x00, 0x00, 0x00, 0x00, 0x00, 0x00, 0x00,
  0x00, 0x00, 0x00, 0x00, 0xff, 0xff, 0xff, 0xff, 0xff, 0xff, 0xff, 0xff,
  0xff, 0xff, 0xff, 0xff, 0x00, 0x00, 0x00, 0x00, 0x00, 0x00, 0x01, 0x00,
  0x01, 0x00, 0x01, 0x00, 0x01, 0x00, 0x01, 0x00, 0x01, 0x00, 0x01, 0x00,
  0x02, 0x00, 0x01, 0x00, 0x02, 0x00, 0x00, 0x00, 0x02, 0x00, 0x00, 0x00,
  0x02, 0x00, 0x00, 0x00, 0x01, 0x00, 0x00, 0x00, 0x01, 0x00, 0x00, 0x00,
  0x01, 0x00, 0x00, 0x00, 0x00, 0x00, 0x00, 0x00, 0x00, 0x00, 0x01, 0x00,
  0x01, 0x00, 0x00, 0x00, 0x01, 0x00, 0x00, 0x00, 0x01, 0x00, 0x00, 0x00,
  0x01, 0x00, 0x00, 0x00, 0x01, 0x00, 0x00, 0x00, 0x01, 0x00, 0x00, 0x00,
  0x00, 0x00, 0x00, 0x00, 0x00, 0x00, 0x00, 0x00, 0x00, 0x00, 0x00, 0x00,
  0x00, 0x00, 0x00, 0x00, 0xff, 0xff, 0x00, 0x00, 0xff, 0xff, 0x00, 0x00,
  0xff, 0xff, 0x00, 0x00, 0xff, 0xff, 0x00, 0x00, 0x00, 0x00, 0x00, 0x00,
  0x00, 0x00, 0xff, 0xff, 0x00, 0x00, 0xff, 0xff, 0xff, 0xff, 0xff, 0xff,
  0xff, 0xff, 0x00, 0x00, 0xff, 0xff, 0x00, 0x00, 0xff, 0xff, 0x00, 0x00,
  0x00, 0x00, 0x01, 0x00, 0x00, 0x00, 0x01, 0x00, 0x00, 0x00, 0x01, 0x00,
  0x00, 0x00, 0x01, 0x00, 0x00, 0x00, 0x00, 0x00, 0x00, 0x00, 0x00, 0x00,
  0x01, 0x00, 0x00, 0x00, 0x00, 0x00, 0x00, 0x00, 0x00, 0x00, 0x00, 0x00,
  0xff, 0xff, 0x00, 0x00, 0x00, 0x00, 0x00, 0x00, 0x00, 0x00, 0x01, 0x00,
  0x00, 0x00, 0x01, 0x00, 0x00, 0x00, 0x01, 0x00, 0x00, 0x00, 0x00, 0x00,
  0x00, 0x00, 0x00, 0x00, 0x00, 0x00, 0x00, 0x00, 0x00, 0x00, 0x00, 0x00,
  0x00, 0x00, 0x00, 0x00, 0x00, 0x00, 0x01, 0x00, 0x00, 0x00, 0x01, 0x00,
  0xff, 0xff, 0x00, 0x00, 0xff, 0xff, 0x00, 0x00, 0xff, 0xff, 0x00, 0x00,
  0xff, 0xff, 0x01, 0x00, 0xff, 0xff, 0x00, 0x00, 0x00, 0x00, 0x00, 0x00,
  0xff, 0xff, 0xff, 0xff, 0xff, 0xff, 0xff, 0xff, 0xff, 0xff, 0xff, 0xff,
  0xff, 0xff, 0x00, 0x00, 0xff, 0xff, 0x00, 0x00, 0x00, 0x00, 0x00, 0x00,
  0x00, 0x00, 0x00, 0x00, 0x00, 0x00, 0x00, 0x00, 0x00, 0x00, 0xff, 0xff,
  0x00, 0x00, 0xff, 0xff, 0x01, 0x00, 0xff, 0xff, 0x01, 0x00, 0xff, 0xff,
  0x01, 0x00, 0x00, 0x00, 0x01, 0x00, 0x00, 0x00, 0x01, 0x00, 0x00, 0x00,
  0x01, 0x00, 0x01, 0x00, 0x01, 0x00, 0x01, 0x00, 0x01, 0x00, 0x01, 0x00,
  0x01, 0x00, 0x01, 0x00, 0x01, 0x00, 0x00, 0x00, 0x00, 0x00, 0x00, 0x00,
  0x00, 0x00, 0x00, 0x00, 0x00, 0x00, 0x00, 0x00, 0x00, 0x00, 0x00, 0x00,
  0x00, 0x00, 0x00, 0x00, 0x00, 0x00, 0x01, 0x00, 0x00, 0x00, 0x01, 0x00,
  0xff, 0xff, 0x01, 0x00, 0xff, 0xff, 0x01, 0x00, 0xff, 0xff, 0x01, 0x00,
  0x00, 0x00, 0x00, 0x00, 0x00, 0x00, 0x00, 0x00, 0xff, 0xff, 0x00, 0x00,
  0xff, 0xff, 0xff, 0xff, 0xff, 0xff, 0xff, 0xff, 0xff, 0xff, 0x00, 0x00,
  0xff, 0xff, 0x00, 0x00, 0x00, 0x00, 0x00, 0x00, 0x00, 0x00, 0x00, 0x00,
  0xff, 0xff, 0xff, 0xff, 0xff, 0xff, 0xff, 0xff, 0x00, 0x00, 0xff, 0xff,
  0x00, 0x00, 0xff, 0xff, 0x01, 0x00, 0xff, 0xff, 0x01, 0x00, 0xff, 0xff,
  0x02, 0x00, 0xff, 0xff, 0x02, 0x00, 0xff, 0xff, 0x02, 0x00, 0xff, 0xff,
  0x01, 0x00, 0xff, 0xff, 0x01, 0x00, 0x00, 0x00, 0x01, 0x00, 0x00, 0x00,
  0x01, 0x00, 0x00, 0x00, 0x01, 0x00, 0x00, 0x00, 0x00, 0x00, 0x00, 0x00,
  0x00, 0x00, 0x00, 0x00, 0xff, 0xff, 0x00, 0x00, 0xff, 0xff, 0x00, 0x00,
  0xff, 0xff, 0x00, 0x00, 0xff, 0xff, 0x00, 0x00, 0xff, 0xff, 0x00, 0x00,
  0xff, 0xff, 0x00, 0x00, 0xff, 0xff, 0x00, 0x00, 0xff, 0xff, 0x00, 0x00,
  0xff, 0xff, 0x00, 0x00, 0xff, 0xff, 0x00, 0x00, 0xff, 0xff, 0x00, 0x00,
  0xff, 0xff, 0x01, 0x00, 0xff, 0xff, 0x01, 0x00, 0xff, 0xff, 0x01, 0x00,
  0xff, 0xff, 0x01, 0x00, 0xff, 0xff, 0x01, 0x00, 0x00, 0x00, 0x01, 0x00,
  0x00, 0x00, 0x00, 0x00, 0x00, 0x00, 0x00, 0x00, 0x00, 0x00, 0x00, 0x00,
  0x00, 0x00, 0x00, 0x00, 0x00, 0x00, 0x00, 0x00, 0x00, 0x00, 0x00, 0x00,
  0x00, 0x00, 0x00, 0x00, 0x01, 0x00, 0x00, 0x00, 0x01, 0x00, 0x00, 0x00,
  0x01, 0x00, 0x00, 0x00, 0x01, 0x00, 0x00, 0x00, 0x01, 0x00, 0x00, 0x00,
  0x01, 0x00, 0xff, 0xff, 0x01, 0x00, 0xff, 0xff, 0x01, 0x00, 0xff, 0xff,
  0x00, 0x00, 0xff, 0xff, 0x00, 0x00, 0x00, 0x00, 0x00, 0x00, 0x00, 0x00,
  0x00, 0x00, 0x00, 0x00, 0x00, 0x00, 0x00, 0x00, 0x00, 0x00, 0x00, 0x00,
  0xff, 0xff, 0x00, 0x00, 0xff, 0xff, 0x00, 0x00, 0xff, 0xff, 0x00, 0x00,
  0xff, 0xff, 0x00, 0x00, 0xff, 0xff, 0xff, 0xff, 0xff, 0xff, 0xff, 0xff,
  0xff, 0xff, 0xff, 0xff, 0xff, 0xff, 0x00, 0x00, 0xff, 0xff, 0x00, 0x00,
  0xff, 0xff, 0x00, 0x00, 0xff, 0xff, 0x00, 0x00, 0x00, 0x00, 0x00, 0x00,
  0x01, 0x00, 0x00, 0x00, 0x01, 0x00, 0xff, 0xff, 0x01, 0x00, 0xff, 0xff,
  0x01, 0x00, 0xff, 0xff, 0x01, 0x00, 0xff, 0xff, 0x01, 0x00, 0x00, 0x00,
  0x01, 0x00, 0x00, 0x00, 0x01, 0x00, 0x00, 0x00, 0x01, 0x00, 0x01, 0x00,
  0x01, 0x00, 0x01, 0x00, 0x01, 0x00, 0x01, 0x00, 0x01, 0x00, 0x01, 0x00,
  0x01, 0x00, 0x00, 0x00, 0x01, 0x00, 0x00, 0x00, 0x01, 0x00, 0x00, 0x00,
  0x01, 0x00, 0x00, 0x00, 0x01, 0x00, 0x00, 0x00, 0x01, 0x00, 0x00, 0x00,
  0x00, 0x00, 0x00, 0x00, 0x00, 0x00, 0x01, 0x00, 0xff, 0xff, 0x01, 0x00,
  0xff, 0xff, 0x01, 0x00, 0xff, 0xff, 0x01, 0x00, 0xff, 0xff, 0x01, 0x00,
  0xff, 0xff, 0x00, 0x00, 0xff, 0xff, 0x00, 0x00, 0xff, 0xff, 0x00, 0x00,
  0xff, 0xff, 0xff, 0xff, 0xff, 0xff, 0x00, 0x00, 0xff, 0xff, 0x00, 0x00,
  0xff, 0xff, 0x00, 0x00, 0xff, 0xff, 0x00, 0x00, 0xff, 0xff, 0x00, 0x00,
  0xff, 0xff, 0x00, 0x00, 0xff, 0xff, 0x00, 0x00, 0xff, 0xff, 0x00, 0x00,
  0x00, 0x00, 0xff, 0xff, 0x00, 0x00, 0xff, 0xff, 0x01, 0x00, 0xff, 0xff,
  0x01, 0x00, 0xff, 0xff, 0x01, 0x00, 0x00, 0x00, 0x01, 0x00, 0x00, 0x00,
  0x01, 0x00, 0x00, 0x00, 0x01, 0x00, 0x00, 0x00, 0x01, 0x00, 0x00, 0x00,
  0x01, 0x00, 0x00, 0x00, 0x01, 0x00, 0xff, 0xff, 0x01, 0x00, 0xff, 0xff,
  0x01, 0x00, 0x00, 0x00, 0x01, 0x00, 0x00, 0x00, 0x01, 0x00, 0x01, 0x00,
  0x01, 0x00, 0x01, 0x00, 0x00, 0x00, 0x01, 0x00, 0x00, 0x00, 0x01, 0x00,
  0x00, 0x00, 0x01, 0x00, 0x00, 0x00, 0x01, 0x00, 0xff, 0xff, 0x01, 0x00,
  0xff, 0xff, 0x01, 0x00, 0xfe, 0xff, 0x01, 0x00, 0xff, 0xff, 0x01, 0x00,
  0xff, 0xff, 0x01, 0x00, 0xff, 0xff, 0x01, 0x00, 0xff, 0xff, 0x01, 0x00,
  0xff, 0xff, 0x01, 0x00, 0xff, 0xff, 0x01, 0x00, 0xff, 0xff, 0x01, 0x00,
  0xff, 0xff, 0x00, 0x00, 0xff, 0xff, 0x00, 0x00, 0x00, 0x00, 0xff, 0xff,
  0x00, 0x00, 0xff, 0xff, 0x00, 0x00, 0x00, 0x00, 0x00, 0x00, 0x00, 0x00,
  0x00, 0x00, 0x00, 0x00, 0x01, 0x00, 0xff, 0xff, 0x01, 0x00, 0xff, 0xff,
  0x01, 0x00, 0x00, 0x00, 0x01, 0x00, 0x00, 0x00, 0x01, 0x00, 0xff, 0xff,
  0x01, 0x00, 0xff, 0xff, 0x01, 0x00, 0xff, 0xff, 0x01, 0x00, 0xff, 0xff,
  0x01, 0x00, 0xff, 0xff, 0x01, 0x00, 0xff, 0xff, 0x01, 0x00, 0xff, 0xff,
  0x01, 0x00, 0xff, 0xff, 0x01, 0x00, 0x00, 0x00, 0x01, 0x00, 0x00, 0x00,
  0x01, 0x00, 0x00, 0x00, 0x00, 0x00, 0x00, 0x00, 0x00, 0x00, 0x00, 0x00,
  0x00, 0x00, 0xff, 0xff, 0x00, 0x00, 0xff, 0xff, 0x00, 0x00, 0xff, 0xff,
  0x00, 0x00, 0xff, 0xff, 0xff, 0xff, 0x00, 0x00, 0xff, 0xff, 0x00, 0x00,
  0xff, 0xff, 0x00, 0x00, 0xff, 0xff, 0x01, 0x00, 0xff, 0xff, 0x00, 0x00,
  0xff, 0xff, 0x00, 0x00, 0xff, 0xff, 0x00, 0x00, 0xff, 0xff, 0x00, 0x00,
  0xff, 0xff, 0x01, 0x00, 0xff, 0xff, 0x01, 0x00, 0x00, 0x00, 0x01, 0x00,
  0x00, 0x00, 0x01, 0x00, 0x01, 0x00, 0x01, 0x00, 0x01, 0x00, 0x01, 0x00,
  0x00, 0x00, 0x01, 0x00, 0x00, 0x00, 0x01, 0x00, 0x00, 0x00, 0x01, 0x00,
  0x00, 0x00, 0x01, 0x00, 0x00, 0x00, 0x01, 0x00, 0x00, 0x00, 0x00, 0x00,
  0x00, 0x00, 0x00, 0x00, 0x00, 0x00, 0x00, 0x00, 0x00, 0x00, 0x00, 0x00,
  0x00, 0x00, 0x00, 0x00, 0x00, 0x00, 0x00, 0x00, 0x00, 0x00, 0x01, 0x00,
  0x00, 0x00, 0x00, 0x00, 0x00, 0x00, 0x00, 0x00, 0x00, 0x00, 0x00, 0x00,
  0x00, 0x00, 0x00, 0x00, 0x00, 0x00, 0x00, 0x00, 0x00, 0x00, 0x00, 0x00,
  0x00, 0x00, 0x00, 0x00, 0x00, 0x00, 0x00, 0x00, 0x00, 0x00, 0x00, 0x00,
  0x00, 0x00, 0x00, 0x00, 0x00, 0x00, 0x00, 0x00, 0x00, 0x00, 0x00, 0x00,
  0x00, 0x00, 0x00, 0x00, 0x00, 0x00, 0x00, 0x00, 0x00, 0x00, 0xff, 0xff,
  0x00, 0x00, 0xff, 0xff, 0x00, 0x00, 0xff, 0xff, 0x00, 0x00, 0xff, 0xff,
  0x01, 0x00, 0xff, 0xff, 0x01, 0x00, 0xff, 0xff, 0x01, 0x00, 0xff, 0xff,
  0x01, 0x00, 0xff, 0xff, 0x01, 0x00, 0xff, 0xff, 0x01, 0x00, 0xff, 0xff,
  0x01, 0x00, 0xff, 0xff, 0x00, 0x00, 0xff, 0xff, 0x00, 0x00, 0xff, 0xff,
  0x00, 0x00, 0x00, 0x00, 0x00, 0x00, 0x00, 0x00, 0x00, 0x00, 0x01, 0x00,
  0x00, 0x00, 0x01, 0x00, 0x00, 0x00, 0x01, 0x00, 0x00, 0x00, 0x00, 0x00,
  0x00, 0x00, 0x00, 0x00, 0x00, 0x00, 0x00, 0x00, 0x00, 0x00, 0x00, 0x00,
  0x00, 0x00, 0x00, 0x00, 0x00, 0x00, 0x01, 0x00, 0x00, 0x00, 0x01, 0x00,
  0xff, 0xff, 0x01, 0x00, 0xff, 0xff, 0x01, 0x00, 0x00, 0x00, 0x00, 0x00,
  0x00, 0x00, 0x00, 0x00, 0x00, 0x00, 0x00, 0x00, 0x00, 0x00, 0x00, 0x00,
  0x00, 0x00, 0x00, 0x00, 0x01, 0x00, 0x00, 0x00, 0x01, 0x00, 0x00, 0x00,
  0x01, 0x00, 0x00, 0x00, 0x00, 0x00, 0x00, 0x00, 0x00, 0x00, 0x01, 0x00,
  0x00, 0x00, 0x01, 0x00, 0x00, 0x00, 0x01, 0x00, 0x00, 0x00, 0x00, 0x00,
  0x00, 0x00, 0x00, 0x00, 0x00, 0x00, 0x00, 0x00, 0x01, 0x00, 0x00, 0x00,
  0x01, 0x00, 0x00, 0x00, 0x01, 0x00, 0x00, 0x00, 0x00, 0x00, 0x01, 0x00,
  0x00, 0x00, 0x01, 0x00, 0x00, 0x00, 0x02, 0x00, 0x00, 0x00, 0x02, 0x00,
  0xff, 0xff, 0x02, 0x00, 0xff, 0xff, 0x01, 0x00, 0xff, 0xff, 0x01, 0x00,
  0xff, 0xff, 0x01, 0x00, 0xff, 0xff, 0x01, 0x00, 0xff, 0xff, 0x01, 0x00,
  0xff, 0xff, 0x00, 0x00, 0x00, 0x00, 0x00, 0x00, 0x00, 0x00, 0x00, 0x00,
  0x00, 0x00, 0x00, 0x00, 0xff, 0xff, 0x00, 0x00, 0xff, 0xff, 0x01, 0x00,
  0xff, 0xff, 0x01, 0x00, 0xff, 0xff, 0x00, 0x00, 0xff, 0xff, 0x00, 0x00,
  0xff, 0xff, 0x00, 0x00, 0x00, 0x00, 0xff, 0xff, 0x00, 0x00, 0xff, 0xff,
  0x00, 0x00, 0xff, 0xff, 0x00, 0x00, 0xff, 0xff, 0x00, 0x00, 0xff, 0xff,
  0x00, 0x00, 0xff, 0xff, 0x00, 0x00, 0xff, 0xff, 0x00, 0x00, 0xff, 0xff,
  0x00, 0x00, 0xff, 0xff, 0x01, 0x00, 0xff, 0xff, 0x01, 0x00, 0xff, 0xff,
  0x01, 0x00, 0xff, 0xff, 0x01, 0x00, 0xff, 0xff, 0x01, 0x00, 0xff, 0xff,
  0x01, 0x00, 0xff, 0xff, 0x01, 0x00, 0xff, 0xff, 0x01, 0x00, 0xff, 0xff,
  0x01, 0x00, 0xff, 0xff, 0x00, 0x00, 0xff, 0xff, 0x00, 0x00, 0xff, 0xff,
  0x00, 0x00, 0xff, 0xff, 0x01, 0x00, 0xff, 0xff, 0x01, 0x00, 0xff, 0xff,
  0x01, 0x00, 0xff, 0xff, 0x01, 0x00, 0xff, 0xff, 0x01, 0x00, 0xff, 0xff,
  0x01, 0x00, 0x00, 0x00, 0x01, 0x00, 0x01, 0x00, 0x01, 0x00, 0x01, 0x00,
  0x01, 0x00, 0x01, 0x00, 0x01, 0x00, 0x01, 0x00, 0x01, 0x00, 0x01, 0x00,
  0x01, 0x00, 0x01, 0x00, 0x01, 0x00, 0x01, 0x00, 0x01, 0x00, 0x01, 0x00,
  0x00, 0x00, 0x01, 0x00, 0x00, 0x00, 0x01, 0x00, 0x00, 0x00, 0x01, 0x00,
  0x00, 0x00, 0x01, 0x00, 0x00, 0x00, 0x01, 0x00, 0x00, 0x00, 0x01, 0x00,
  0x00, 0x00, 0x02, 0x00, 0xff, 0xff, 0x02, 0x00, 0xff, 0xff, 0x02, 0x00,
  0xff, 0xff, 0x01, 0x00, 0xff, 0xff, 0x00, 0x00, 0xff, 0xff, 0x00, 0x00,
  0xff, 0xff, 0x01, 0x00, 0xff, 0xff, 0x01, 0x00, 0xff, 0xff, 0x01, 0x00,
  0xff, 0xff, 0x00, 0x00, 0xff, 0xff, 0x00, 0x00, 0xfe, 0xff, 0x00, 0x00,
  0xff, 0xff, 0xff, 0xff, 0xff, 0xff, 0x00, 0x00, 0xff, 0xff, 0x00, 0x00,
  0xff, 0xff, 0xff, 0xff, 0xff, 0xff, 0xff, 0xff, 0xff, 0xff, 0xff, 0xff,
  0xff, 0xff, 0xff, 0xff, 0xff, 0xff, 0xff, 0xff, 0x00, 0x00, 0xff, 0xff,
  0x00, 0x00, 0xff, 0xff, 0x00, 0x00, 0xff, 0xff, 0x00, 0x00, 0x00, 0x00,
  0x00, 0x00, 0x00, 0x00, 0x01, 0x00, 0x00, 0x00, 0x01, 0x00, 0x00, 0x00,
  0x01, 0x00, 0x00, 0x00, 0x01, 0x00, 0x00, 0x00, 0x01, 0x00, 0x00, 0x00,
  0x01, 0x00, 0x00, 0x00, 0x01, 0x00, 0x00, 0x00, 0x01, 0x00, 0x00, 0x00,
  0x01, 0x00, 0x00, 0x00, 0x01, 0x00, 0x00, 0x00, 0x01, 0x00, 0x00, 0x00,
  0x00, 0x00, 0x00, 0x00, 0x00, 0x00, 0x00, 0x00, 0x00, 0x00, 0x00, 0x00,
  0x00, 0x00, 0x00, 0x00, 0x00, 0x00, 0x00, 0x00, 0x00, 0x00, 0x00, 0x00,
  0x00, 0x00, 0x00, 0x00, 0x00, 0x00, 0x00, 0x00, 0x00, 0x00, 0x00, 0x00,
  0x00, 0x00, 0x00, 0x00, 0x00, 0x00, 0x00, 0x00, 0x00, 0x00, 0x00, 0x00,
  0x00, 0x00, 0x00, 0x00, 0x00, 0x00, 0x00, 0x00, 0x00, 0x00, 0x00, 0x00,
  0x00, 0x00, 0x00, 0x00, 0x00, 0x00, 0x00, 0x00, 0x00, 0x00, 0x00, 0x00,
  0x00, 0x00, 0x00, 0x00, 0x00, 0x00, 0x00, 0x00, 0x00, 0x00, 0x00, 0x00,
  0x00, 0x00, 0x00, 0x00, 0x00, 0x00, 0x00, 0x00, 0x00, 0x00, 0x00, 0x00,
  0x00, 0x00, 0x00, 0x00, 0x00, 0x00, 0x00, 0x00, 0x00, 0x00, 0x00, 0x00,
  0x00, 0x00, 0x00, 0x00, 0x00, 0x00, 0x00, 0x00, 0x00, 0x00, 0x00, 0x00,
  0x00, 0x00, 0x00, 0x00, 0x00, 0x00, 0x00, 0x00, 0x00, 0x00, 0x00, 0x00,
  0x00, 0x00, 0x00, 0x00, 0x00, 0x00, 0x00, 0x00, 0x00, 0x00, 0x00, 0x00,
  0x00, 0x00, 0x00, 0x00, 0x00, 0x00, 0x00, 0x00, 0x00, 0x00, 0x00, 0x00,
  0x00, 0x00, 0x00, 0x00, 0x00, 0x00, 0x00, 0x00, 0x00, 0x00, 0x00, 0x00,
  0x00, 0x00, 0x00, 0x00, 0x00, 0x00, 0x00, 0x00, 0x00, 0x00, 0x00, 0x00,
  0x00, 0x00, 0x00, 0x00, 0x00, 0x00, 0x00, 0x00, 0x00, 0x00, 0x00, 0x00,
  0x00, 0x00, 0x00, 0x00, 0x00, 0x00, 0x00, 0x00, 0x00, 0x00, 0x00, 0x00,
  0x00, 0x00, 0x00, 0x00, 0x00, 0x00, 0x00, 0x00, 0x00, 0x00, 0x00, 0x00,
  0x00, 0x00, 0x00, 0x00, 0x00, 0x00, 0x00, 0x00, 0x00, 0x00, 0x00, 0x00,
  0x00, 0x00, 0x00, 0x00, 0x00, 0x00, 0x00, 0x00, 0x00, 0x00, 0x00, 0x00,
  0x00, 0x00, 0x00, 0x00, 0x00, 0x00, 0x00, 0x00, 0x00, 0x00, 0x00, 0x00,
  0x00, 0x00, 0x00, 0x00, 0x00, 0x00, 0x00, 0x00, 0x00, 0x00, 0x00, 0x00,
  0x00, 0x00, 0x00, 0x00, 0x00, 0x00, 0x00, 0x00, 0x00, 0x00, 0x00, 0x00
};
unsigned int assets_soundeffect_move_check_wav_len = 63912;
